[00:31:35] [main/INFO] (FabricLoader/GameProvider) Loading Minecraft 1.21.10 with Fabric Loader 0.18.4
[00:31:35] [main/DEBUG] (FabricLoader/GamePatch) Found game constructor: net.minecraft.client.main.Main -> net.minecraft.client.MinecraftClient
[00:31:35] [main/DEBUG] (FabricLoader/GamePatch) Patching game constructor <init>(Lnet/minecraft/client/RunArgs;)V
[00:31:35] [main/DEBUG] (FabricLoader/GamePatch) Run directory field is thought to be net/minecraft/client/MinecraftClient/runDirectory
[00:31:35] [main/DEBUG] (FabricLoader/GamePatch) Applying brand name hook to net/minecraft/client/ClientBrandRetriever::getClientModName
[00:31:35] [main/DEBUG] (FabricLoader/GamePatch) Applying brand name hook to net/minecraft/server/MinecraftServer::getServerModName
[00:31:35] [main/DEBUG] (FabricLoader/GamePatch) Patched 3 classs
[00:31:35] [main/DEBUG] (FabricLoader/Discovery) Skipping missing class path group entry /home/truswo/IdeaProjects/accidental-sweeping-edge/out/production/classes
[00:31:35] [main/DEBUG] (FabricLoader/Discovery) Skipping missing class path group entry /home/truswo/IdeaProjects/accidental-sweeping-edge/out/production/resources
[00:31:35] [main/DEBUG] (FabricLoader/Discovery) Skipping missing class path group entry /home/truswo/IdeaProjects/accidental-sweeping-edge/out/client/classes
[00:31:35] [main/DEBUG] (FabricLoader/Discovery) Skipping missing class path group entry /home/truswo/IdeaProjects/accidental-sweeping-edge/out/client/resources
[00:31:35] [main/DEBUG] (FabricLoader/Discovery) Mod discovery time: 21.4 ms
[00:31:35] [main/DEBUG] (FabricLoader/Resolution) Mod resolution time: 48.0 ms
[00:31:35] [main/INFO] (FabricLoader) Loading 57 mods:
	- accidental-sweep 1.0.0
	- cloth-basic-math 0.6.1
	- cloth-config 20.0.149
	- fabric-api 0.138.4+1.21.10
	- fabric-api-base 1.0.0+14b92d896f
	- fabric-api-lookup-api-v1 1.6.106+d17682156f
	- fabric-biome-api-v1 16.1.0+c2417d4f6f
	- fabric-block-api-v1 1.1.5+d17682156f
	- fabric-block-view-api-v2 1.0.34+e4fd1b926f
	- fabric-client-gametest-api-v1 4.2.13+14b92d896f
	- fabric-command-api-v2 2.4.0+c0ab2d5d6f
	- fabric-content-registries-v0 10.2.6+b6a242646f
	- fabric-convention-tags-v1 2.1.49+7f945d5b6f
	- fabric-convention-tags-v2 2.17.0+ff7bc77d6f
	- fabric-crash-report-info-v1 0.3.18+33df5e6e6f
	- fabric-data-attachment-api-v1 1.8.33+cd3b9e596f
	- fabric-data-generation-api-v1 23.2.27+d8b85ef16f
	- fabric-dimensions-v1 4.0.22+38b9cc196f
	- fabric-entity-events-v1 2.1.13+fde3702c6f
	- fabric-events-interaction-v0 4.0.36+5ba217126f
	- fabric-game-rule-api-v1 1.1.1+e47eaae56f
	- fabric-gametest-api-v1 3.1.21+33df5e6e6f
	- fabric-item-api-v1 11.5.11+9bce411b6f
	- fabric-item-group-api-v1 4.2.27+86b3ae576f
	- fabric-key-binding-api-v1 1.1.1+b3ba9c486f
	- fabric-lifecycle-events-v1 2.6.9+33df5e6e6f
	- fabric-loot-api-v2 3.0.67+3f89f5a56f
	- fabric-loot-api-v3 2.0.14+d17682156f
	- fabric-message-api-v1 6.1.7+3154c1c86f
	- fabric-model-loading-api-v1 6.0.5+3ffd6ef06f
	- fabric-networking-api-v1 5.1.0+b095d8db6f
	- fabric-object-builder-api-v1 21.1.28+9bce411b6f
	- fabric-particles-v1 4.2.3+a0ee59a46f
	- fabric-recipe-api-v1 8.2.0+39709ef06f
	- fabric-registry-sync-v0 6.1.42+679c8c5c6f
	- fabric-renderer-api-v1 7.2.3+9be2a36e6f
	- fabric-renderer-indigo 4.1.4+9be2a36e6f
	- fabric-rendering-fluids-v1 3.1.38+86b3ae576f
	- fabric-rendering-v1 16.2.0+bee81f016f
	- fabric-resource-conditions-api-v1 5.0.28+33df5e6e6f
	- fabric-resource-loader-v0 3.3.1+d4d4122a6f
	- fabric-resource-loader-v1 1.0.4+14959b836f
	- fabric-screen-api-v1 3.1.0+9c82a7986f
	- fabric-screen-handler-api-v1 1.3.151+d17682156f
	- fabric-serialization-api-v1 1.0.0+d857c9766f
	- fabric-sound-api-v1 1.0.45+328a75ba6f
	- fabric-tag-api-v1 1.2.13+2fa446b26f
	- fabric-transfer-api-v1 6.0.15+79ec2c126f
	- fabric-transitive-access-wideners-v1 6.5.3+41eb43436f
	- fabricloader 0.18.4
	- jade 20.1.0+fabric
	- java 25
	- minecraft 1.21.10
	- mixinextras 0.5.0
	- modmenu 16.0.0-rc.1
	   \-- placeholder-api 2.8.0+1.21.9
	- sodium 0.7.3+mc1.21.10
[00:31:38] [pool-2-thread-9/WARN] (FabricLoader/ModRemap) Cannot remap renderSingleBlock because it does not exists in any of the targets [net/minecraft/class_776]
[00:31:38] [pool-2-thread-2/WARN] (FabricLoader/ModRemap) Cannot remap lambda$addSkyPass$8 because it does not exists in any of the targets [net/minecraft/class_761]
[00:31:38] [pool-2-thread-8/WARN] (FabricLoader/ModRemap) Cannot remap iterateVisibleBlockEntities because it does not exists in any of the targets [net/minecraft/class_761]
[00:31:38] [pool-2-thread-6/WARN] (FabricLoader/ModRemap) Cannot remap lambda$init$2 because it does not exists in any of the targets [net/minecraft/class_429]
[00:31:38] [pool-2-thread-7/WARN] (FabricLoader/ModRemap) Cannot remap getRenderLayers because it does not exists in any of the targets [net/minecraft/class_4696]
[00:31:39] [main/DEBUG] (FabricLoader/Knot) Adding /home/truswo/IdeaProjects/accidental-sweeping-edge/.gradle/loom-cache/remapped_mods/remapped/net/fabricmc/fabric-api/fabric-transfer-api-v1-1312b3c0-common/6.0.15+79ec2c126f/fabric-transfer-api-v1-1312b3c0-common-6.0.15+79ec2c126f.jar to classpath.
[00:31:39] [main/DEBUG] (FabricLoader/Knot) Adding /home/truswo/IdeaProjects/accidental-sweeping-edge/.gradle/loom-cache/remapped_mods/remapped/net/fabricmc/fabric-api/fabric-transfer-api-v1-1312b3c0-client/6.0.15+79ec2c126f/fabric-transfer-api-v1-1312b3c0-client-6.0.15+79ec2c126f.jar to classpath.
[00:31:39] [main/DEBUG] (FabricLoader/Knot) Adding /home/truswo/IdeaProjects/accidental-sweeping-edge/.gradle/loom-cache/remapped_mods/remapped/net/fabricmc/fabric-api/fabric-key-binding-api-v1-1312b3c0-client/1.1.1+b3ba9c486f/fabric-key-binding-api-v1-1312b3c0-client-1.1.1+b3ba9c486f.jar to classpath.
[00:31:39] [main/DEBUG] (FabricLoader/Knot) Adding /home/truswo/.gradle/caches/modules-2/files-2.1/io.github.llamalad7/mixinextras-fabric/0.5.0/91a83dfb7abd320f6236bd1fcf5c0ff143d59a13/mixinextras-fabric-0.5.0.jar to classpath.
[00:31:39] [main/DEBUG] (FabricLoader/Knot) Adding /home/truswo/IdeaProjects/accidental-sweeping-edge/.gradle/loom-cache/remapped_mods/remapped/net/fabricmc/fabric-api/fabric-resource-loader-v1-1312b3c0-common/1.0.4+14959b836f/fabric-resource-loader-v1-1312b3c0-common-1.0.4+14959b836f.jar to classpath.
[00:31:39] [main/DEBUG] (FabricLoader/Knot) Adding /home/truswo/IdeaProjects/accidental-sweeping-edge/.gradle/loom-cache/remapped_mods/remapped/net/fabricmc/fabric-api/fabric-resource-loader-v1-1312b3c0-client/1.0.4+14959b836f/fabric-resource-loader-v1-1312b3c0-client-1.0.4+14959b836f.jar to classpath.
[00:31:39] [main/DEBUG] (FabricLoader/Knot) Adding /home/truswo/IdeaProjects/accidental-sweeping-edge/run/.fabric/processedMods/modmenu-16.0.0-rc.1-64b5720b4b825f21.jar to classpath.
[00:31:39] [main/DEBUG] (FabricLoader/Knot) Adding /home/truswo/IdeaProjects/accidental-sweeping-edge/.gradle/loom-cache/remapped_mods/remapped/net/fabricmc/fabric-api/fabric-particles-v1-1312b3c0-common/4.2.3+a0ee59a46f/fabric-particles-v1-1312b3c0-common-4.2.3+a0ee59a46f.jar to classpath.
[00:31:39] [main/DEBUG] (FabricLoader/Knot) Adding /home/truswo/IdeaProjects/accidental-sweeping-edge/.gradle/loom-cache/remapped_mods/remapped/net/fabricmc/fabric-api/fabric-particles-v1-1312b3c0-client/4.2.3+a0ee59a46f/fabric-particles-v1-1312b3c0-client-4.2.3+a0ee59a46f.jar to classpath.
[00:31:39] [main/DEBUG] (FabricLoader/Knot) Adding /home/truswo/IdeaProjects/accidental-sweeping-edge/.gradle/loom-cache/remapped_mods/remapped/net/fabricmc/fabric-api/fabric-client-gametest-api-v1-1312b3c0-client/4.2.13+14b92d896f/fabric-client-gametest-api-v1-1312b3c0-client-4.2.13+14b92d896f.jar to classpath.
[00:31:39] [main/DEBUG] (FabricLoader/Knot) Adding /home/truswo/IdeaProjects/accidental-sweeping-edge/.gradle/loom-cache/remapped_mods/remapped/net/fabricmc/fabric-api/fabric-transitive-access-wideners-v1-1312b3c0-common/6.5.3+41eb43436f/fabric-transitive-access-wideners-v1-1312b3c0-common-6.5.3+41eb43436f.jar to classpath.
[00:31:39] [main/DEBUG] (FabricLoader/Knot) Adding /home/truswo/IdeaProjects/accidental-sweeping-edge/.gradle/loom-cache/remapped_mods/remapped/net/fabricmc/fabric-api/fabric-command-api-v2-1312b3c0-common/2.4.0+c0ab2d5d6f/fabric-command-api-v2-1312b3c0-common-2.4.0+c0ab2d5d6f.jar to classpath.
[00:31:39] [main/DEBUG] (FabricLoader/Knot) Adding /home/truswo/IdeaProjects/accidental-sweeping-edge/.gradle/loom-cache/remapped_mods/remapped/net/fabricmc/fabric-api/fabric-command-api-v2-1312b3c0-client/2.4.0+c0ab2d5d6f/fabric-command-api-v2-1312b3c0-client-2.4.0+c0ab2d5d6f.jar to classpath.
[00:31:39] [main/DEBUG] (FabricLoader/Knot) Adding /home/truswo/IdeaProjects/accidental-sweeping-edge/.gradle/loom-cache/remapped_mods/remapped/net/fabricmc/fabric-api/fabric-api-base-1312b3c0-common/1.0.0+14b92d896f/fabric-api-base-1312b3c0-common-1.0.0+14b92d896f.jar to classpath.
[00:31:39] [main/DEBUG] (FabricLoader/Knot) Adding /home/truswo/IdeaProjects/accidental-sweeping-edge/.gradle/loom-cache/remapped_mods/remapped/net/fabricmc/fabric-api/fabric-content-registries-v0-1312b3c0-common/10.2.6+b6a242646f/fabric-content-registries-v0-1312b3c0-common-10.2.6+b6a242646f.jar to classpath.
[00:31:39] [main/DEBUG] (FabricLoader/Knot) Adding /home/truswo/IdeaProjects/accidental-sweeping-edge/build/classes/java/main to classpath.
[00:31:39] [main/DEBUG] (FabricLoader/Knot) Adding /home/truswo/IdeaProjects/accidental-sweeping-edge/build/resources/main to classpath.
[00:31:39] [main/DEBUG] (FabricLoader/Knot) Adding /home/truswo/IdeaProjects/accidental-sweeping-edge/build/classes/java/client to classpath.
[00:31:39] [main/DEBUG] (FabricLoader/Knot) Adding /home/truswo/IdeaProjects/accidental-sweeping-edge/build/resources/client to classpath.
[00:31:39] [main/DEBUG] (FabricLoader/Knot) Adding /home/truswo/IdeaProjects/accidental-sweeping-edge/.gradle/loom-cache/remapped_mods/remapped/net/fabricmc/fabric-api/fabric-resource-loader-v0-1312b3c0-common/3.3.1+d4d4122a6f/fabric-resource-loader-v0-1312b3c0-common-3.3.1+d4d4122a6f.jar to classpath.
[00:31:39] [main/DEBUG] (FabricLoader/Knot) Adding /home/truswo/IdeaProjects/accidental-sweeping-edge/.gradle/loom-cache/remapped_mods/remapped/net/fabricmc/fabric-api/fabric-resource-loader-v0-1312b3c0-client/3.3.1+d4d4122a6f/fabric-resource-loader-v0-1312b3c0-client-3.3.1+d4d4122a6f.jar to classpath.
[00:31:39] [main/DEBUG] (FabricLoader/Knot) Adding /home/truswo/IdeaProjects/accidental-sweeping-edge/.gradle/loom-cache/remapped_mods/remapped/net/fabricmc/fabric-api/fabric-data-attachment-api-v1-1312b3c0-common/1.8.33+cd3b9e596f/fabric-data-attachment-api-v1-1312b3c0-common-1.8.33+cd3b9e596f.jar to classpath.
[00:31:39] [main/DEBUG] (FabricLoader/Knot) Adding /home/truswo/IdeaProjects/accidental-sweeping-edge/.gradle/loom-cache/remapped_mods/remapped/net/fabricmc/fabric-api/fabric-data-attachment-api-v1-1312b3c0-client/1.8.33+cd3b9e596f/fabric-data-attachment-api-v1-1312b3c0-client-1.8.33+cd3b9e596f.jar to classpath.
[00:31:39] [main/DEBUG] (FabricLoader/Knot) Adding /home/truswo/IdeaProjects/accidental-sweeping-edge/.gradle/loom-cache/remapped_mods/remapped/net/fabricmc/fabric-api/fabric-networking-api-v1-1312b3c0-common/5.1.0+b095d8db6f/fabric-networking-api-v1-1312b3c0-common-5.1.0+b095d8db6f.jar to classpath.
[00:31:39] [main/DEBUG] (FabricLoader/Knot) Adding /home/truswo/IdeaProjects/accidental-sweeping-edge/.gradle/loom-cache/remapped_mods/remapped/net/fabricmc/fabric-api/fabric-networking-api-v1-1312b3c0-client/5.1.0+b095d8db6f/fabric-networking-api-v1-1312b3c0-client-5.1.0+b095d8db6f.jar to classpath.
[00:31:39] [main/DEBUG] (FabricLoader/Knot) Adding /home/truswo/IdeaProjects/accidental-sweeping-edge/.gradle/loom-cache/remapped_mods/remapped/net/fabricmc/fabric-api/fabric-block-api-v1-1312b3c0-common/1.1.5+d17682156f/fabric-block-api-v1-1312b3c0-common-1.1.5+d17682156f.jar to classpath.
[00:31:39] [main/DEBUG] (FabricLoader/Knot) Adding /home/truswo/IdeaProjects/accidental-sweeping-edge/.gradle/loom-cache/remapped_mods/remapped/net/fabricmc/fabric-api/fabric-item-group-api-v1-1312b3c0-common/4.2.27+86b3ae576f/fabric-item-group-api-v1-1312b3c0-common-4.2.27+86b3ae576f.jar to classpath.
[00:31:39] [main/DEBUG] (FabricLoader/Knot) Adding /home/truswo/IdeaProjects/accidental-sweeping-edge/.gradle/loom-cache/remapped_mods/remapped/net/fabricmc/fabric-api/fabric-item-group-api-v1-1312b3c0-client/4.2.27+86b3ae576f/fabric-item-group-api-v1-1312b3c0-client-4.2.27+86b3ae576f.jar to classpath.
[00:31:39] [main/DEBUG] (FabricLoader/Knot) Adding /home/truswo/IdeaProjects/accidental-sweeping-edge/.gradle/loom-cache/remapped_mods/remapped/net/fabricmc/fabric-api/fabric-api-lookup-api-v1-1312b3c0-common/1.6.106+d17682156f/fabric-api-lookup-api-v1-1312b3c0-common-1.6.106+d17682156f.jar to classpath.
[00:31:39] [main/DEBUG] (FabricLoader/Knot) Adding /home/truswo/IdeaProjects/accidental-sweeping-edge/.gradle/loom-cache/remapped_mods/remapped/net/fabricmc/fabric-api/fabric-biome-api-v1-1312b3c0-common/16.1.0+c2417d4f6f/fabric-biome-api-v1-1312b3c0-common-16.1.0+c2417d4f6f.jar to classpath.
[00:31:39] [main/DEBUG] (FabricLoader/Knot) Adding /home/truswo/IdeaProjects/accidental-sweeping-edge/.gradle/loom-cache/remapped_mods/remapped/net/fabricmc/fabric-api/fabric-api-1312b3c0-common/0.138.4+1.21.10/fabric-api-1312b3c0-common-0.138.4+1.21.10.jar to classpath.
[00:31:39] [main/DEBUG] (FabricLoader/Knot) Adding /home/truswo/IdeaProjects/accidental-sweeping-edge/.gradle/loom-cache/remapped_mods/remapped/net/fabricmc/fabric-api/fabric-loot-api-v3-1312b3c0-common/2.0.14+d17682156f/fabric-loot-api-v3-1312b3c0-common-2.0.14+d17682156f.jar to classpath.
[00:31:39] [main/DEBUG] (FabricLoader/Knot) Adding /home/truswo/IdeaProjects/accidental-sweeping-edge/.gradle/loom-cache/remapped_mods/remapped/net/fabricmc/fabric-api/fabric-rendering-fluids-v1-1312b3c0-common/3.1.38+86b3ae576f/fabric-rendering-fluids-v1-1312b3c0-common-3.1.38+86b3ae576f.jar to classpath.
[00:31:39] [main/DEBUG] (FabricLoader/Knot) Adding /home/truswo/IdeaProjects/accidental-sweeping-edge/.gradle/loom-cache/remapped_mods/remapped/net/fabricmc/fabric-api/fabric-rendering-fluids-v1-1312b3c0-client/3.1.38+86b3ae576f/fabric-rendering-fluids-v1-1312b3c0-client-3.1.38+86b3ae576f.jar to classpath.
[00:31:39] [main/DEBUG] (FabricLoader/Knot) Adding /home/truswo/IdeaProjects/accidental-sweeping-edge/.gradle/loom-cache/remapped_mods/remapped/net/fabricmc/fabric-api/fabric-rendering-v1-1312b3c0-client/16.2.0+bee81f016f/fabric-rendering-v1-1312b3c0-client-16.2.0+bee81f016f.jar to classpath.
[00:31:39] [main/DEBUG] (FabricLoader/Knot) Adding /home/truswo/IdeaProjects/accidental-sweeping-edge/.gradle/loom-cache/remapped_mods/remapped/net/fabricmc/fabric-api/fabric-message-api-v1-1312b3c0-common/6.1.7+3154c1c86f/fabric-message-api-v1-1312b3c0-common-6.1.7+3154c1c86f.jar to classpath.
[00:31:39] [main/DEBUG] (FabricLoader/Knot) Adding /home/truswo/IdeaProjects/accidental-sweeping-edge/.gradle/loom-cache/remapped_mods/remapped/net/fabricmc/fabric-api/fabric-message-api-v1-1312b3c0-client/6.1.7+3154c1c86f/fabric-message-api-v1-1312b3c0-client-6.1.7+3154c1c86f.jar to classpath.
[00:31:39] [main/DEBUG] (FabricLoader/Knot) Adding /home/truswo/IdeaProjects/accidental-sweeping-edge/run/.fabric/processedMods/sodium-0.7.3+mc1.21.10-64b5720b4b825f21.jar to classpath.
[00:31:39] [main/DEBUG] (FabricLoader/Knot) Adding /home/truswo/IdeaProjects/accidental-sweeping-edge/.gradle/loom-cache/remapped_mods/remapped/net/fabricmc/fabric-api/fabric-dimensions-v1-1312b3c0-common/4.0.22+38b9cc196f/fabric-dimensions-v1-1312b3c0-common-4.0.22+38b9cc196f.jar to classpath.
[00:31:39] [main/DEBUG] (FabricLoader/Knot) Adding /home/truswo/IdeaProjects/accidental-sweeping-edge/.gradle/loom-cache/remapped_mods/remapped/net/fabricmc/fabric-api/fabric-model-loading-api-v1-1312b3c0-client/6.0.5+3ffd6ef06f/fabric-model-loading-api-v1-1312b3c0-client-6.0.5+3ffd6ef06f.jar to classpath.
[00:31:39] [main/DEBUG] (FabricLoader/Knot) Adding /home/truswo/IdeaProjects/accidental-sweeping-edge/.gradle/loom-cache/remapped_mods/remapped/net/fabricmc/fabric-api/fabric-screen-handler-api-v1-1312b3c0-common/1.3.151+d17682156f/fabric-screen-handler-api-v1-1312b3c0-common-1.3.151+d17682156f.jar to classpath.
[00:31:39] [main/DEBUG] (FabricLoader/Knot) Adding /home/truswo/IdeaProjects/accidental-sweeping-edge/.gradle/loom-cache/remapped_mods/remapped/net/fabricmc/fabric-api/fabric-screen-handler-api-v1-1312b3c0-client/1.3.151+d17682156f/fabric-screen-handler-api-v1-1312b3c0-client-1.3.151+d17682156f.jar to classpath.
[00:31:39] [main/DEBUG] (FabricLoader/Knot) Adding /home/truswo/IdeaProjects/accidental-sweeping-edge/.gradle/loom-cache/remapped_mods/remapped/net/fabricmc/fabric-api/fabric-recipe-api-v1-1312b3c0-common/8.2.0+39709ef06f/fabric-recipe-api-v1-1312b3c0-common-8.2.0+39709ef06f.jar to classpath.
[00:31:39] [main/DEBUG] (FabricLoader/Knot) Adding /home/truswo/IdeaProjects/accidental-sweeping-edge/.gradle/loom-cache/remapped_mods/remapped/net/fabricmc/fabric-api/fabric-recipe-api-v1-1312b3c0-client/8.2.0+39709ef06f/fabric-recipe-api-v1-1312b3c0-client-8.2.0+39709ef06f.jar to classpath.
[00:31:39] [main/DEBUG] (FabricLoader/Knot) Adding /home/truswo/IdeaProjects/accidental-sweeping-edge/.gradle/loom-cache/remapped_mods/remapped/net/fabricmc/fabric-api/fabric-screen-api-v1-1312b3c0-client/3.1.0+9c82a7986f/fabric-screen-api-v1-1312b3c0-client-3.1.0+9c82a7986f.jar to classpath.
[00:31:39] [main/DEBUG] (FabricLoader/Knot) Adding /home/truswo/IdeaProjects/accidental-sweeping-edge/.gradle/loom-cache/remapped_mods/remapped/net/fabricmc/fabric-api/fabric-item-api-v1-1312b3c0-common/11.5.11+9bce411b6f/fabric-item-api-v1-1312b3c0-common-11.5.11+9bce411b6f.jar to classpath.
[00:31:39] [main/DEBUG] (FabricLoader/Knot) Adding /home/truswo/IdeaProjects/accidental-sweeping-edge/.gradle/loom-cache/remapped_mods/remapped/net/fabricmc/fabric-api/fabric-item-api-v1-1312b3c0-client/11.5.11+9bce411b6f/fabric-item-api-v1-1312b3c0-client-11.5.11+9bce411b6f.jar to classpath.
[00:31:39] [main/DEBUG] (FabricLoader/Knot) Adding /home/truswo/IdeaProjects/accidental-sweeping-edge/.gradle/loom-cache/remapped_mods/remapped/net/fabricmc/fabric-api/fabric-serialization-api-v1-1312b3c0-common/1.0.0+d857c9766f/fabric-serialization-api-v1-1312b3c0-common-1.0.0+d857c9766f.jar to classpath.
[00:31:39] [main/DEBUG] (FabricLoader/Knot) Adding /home/truswo/IdeaProjects/accidental-sweeping-edge/.gradle/loom-cache/remapped_mods/remapped/me/shedaniel/cloth/cloth-config-fabric-1312b3c0/20.0.149/cloth-config-fabric-1312b3c0-20.0.149-fabric.jar to classpath.
[00:31:39] [main/DEBUG] (FabricLoader/Knot) Adding /home/truswo/IdeaProjects/accidental-sweeping-edge/.gradle/loom-cache/remapped_mods/remapped/net/fabricmc/fabric-api/fabric-resource-conditions-api-v1-1312b3c0-common/5.0.28+33df5e6e6f/fabric-resource-conditions-api-v1-1312b3c0-common-5.0.28+33df5e6e6f.jar to classpath.
[00:31:39] [main/DEBUG] (FabricLoader/Knot) Adding /home/truswo/IdeaProjects/accidental-sweeping-edge/.gradle/loom-cache/remapped_mods/remapped/net/fabricmc/fabric-api/fabric-convention-tags-v2-1312b3c0-common/2.17.0+ff7bc77d6f/fabric-convention-tags-v2-1312b3c0-common-2.17.0+ff7bc77d6f.jar to classpath.
[00:31:39] [main/DEBUG] (FabricLoader/Knot) Adding /home/truswo/IdeaProjects/accidental-sweeping-edge/.gradle/loom-cache/remapped_mods/remapped/net/fabricmc/fabric-api/fabric-game-rule-api-v1-1312b3c0-common/1.1.1+e47eaae56f/fabric-game-rule-api-v1-1312b3c0-common-1.1.1+e47eaae56f.jar to classpath.
[00:31:39] [main/DEBUG] (FabricLoader/Knot) Adding /home/truswo/IdeaProjects/accidental-sweeping-edge/.gradle/loom-cache/remapped_mods/remapped/net/fabricmc/fabric-api/fabric-game-rule-api-v1-1312b3c0-client/1.1.1+e47eaae56f/fabric-game-rule-api-v1-1312b3c0-client-1.1.1+e47eaae56f.jar to classpath.
[00:31:39] [main/DEBUG] (FabricLoader/Knot) Adding /home/truswo/IdeaProjects/accidental-sweeping-edge/.gradle/loom-cache/remapped_mods/remapped/me/shedaniel/cloth/basic-math-1312b3c0/0.6.1/basic-math-1312b3c0-0.6.1.jar to classpath.
[00:31:39] [main/DEBUG] (FabricLoader/Knot) Adding /home/truswo/IdeaProjects/accidental-sweeping-edge/.gradle/loom-cache/remapped_mods/remapped/net/fabricmc/fabric-api/fabric-entity-events-v1-1312b3c0-common/2.1.13+fde3702c6f/fabric-entity-events-v1-1312b3c0-common-2.1.13+fde3702c6f.jar to classpath.
[00:31:39] [main/DEBUG] (FabricLoader/Knot) Adding /home/truswo/IdeaProjects/accidental-sweeping-edge/.gradle/loom-cache/remapped_mods/remapped/net/fabricmc/fabric-api/fabric-events-interaction-v0-1312b3c0-common/4.0.36+5ba217126f/fabric-events-interaction-v0-1312b3c0-common-4.0.36+5ba217126f.jar to classpath.
[00:31:39] [main/DEBUG] (FabricLoader/Knot) Adding /home/truswo/IdeaProjects/accidental-sweeping-edge/.gradle/loom-cache/remapped_mods/remapped/net/fabricmc/fabric-api/fabric-events-interaction-v0-1312b3c0-client/4.0.36+5ba217126f/fabric-events-interaction-v0-1312b3c0-client-4.0.36+5ba217126f.jar to classpath.
[00:31:39] [main/DEBUG] (FabricLoader/Knot) Adding /home/truswo/IdeaProjects/accidental-sweeping-edge/.gradle/loom-cache/remapped_mods/remapped/net/fabricmc/fabric-api/fabric-lifecycle-events-v1-1312b3c0-common/2.6.9+33df5e6e6f/fabric-lifecycle-events-v1-1312b3c0-common-2.6.9+33df5e6e6f.jar to classpath.
[00:31:39] [main/DEBUG] (FabricLoader/Knot) Adding /home/truswo/IdeaProjects/accidental-sweeping-edge/.gradle/loom-cache/remapped_mods/remapped/net/fabricmc/fabric-api/fabric-lifecycle-events-v1-1312b3c0-client/2.6.9+33df5e6e6f/fabric-lifecycle-events-v1-1312b3c0-client-2.6.9+33df5e6e6f.jar to classpath.
[00:31:39] [main/DEBUG] (FabricLoader/Knot) Adding /home/truswo/IdeaProjects/accidental-sweeping-edge/.gradle/loom-cache/remapped_mods/remapped/net/fabricmc/fabric-api/fabric-crash-report-info-v1-1312b3c0-common/0.3.18+33df5e6e6f/fabric-crash-report-info-v1-1312b3c0-common-0.3.18+33df5e6e6f.jar to classpath.
[00:31:39] [main/DEBUG] (FabricLoader/Knot) Adding /home/truswo/IdeaProjects/accidental-sweeping-edge/.gradle/loom-cache/remapped_mods/remapped/net/fabricmc/fabric-api/fabric-registry-sync-v0-1312b3c0-common/6.1.42+679c8c5c6f/fabric-registry-sync-v0-1312b3c0-common-6.1.42+679c8c5c6f.jar to classpath.
[00:31:39] [main/DEBUG] (FabricLoader/Knot) Adding /home/truswo/IdeaProjects/accidental-sweeping-edge/.gradle/loom-cache/remapped_mods/remapped/net/fabricmc/fabric-api/fabric-registry-sync-v0-1312b3c0-client/6.1.42+679c8c5c6f/fabric-registry-sync-v0-1312b3c0-client-6.1.42+679c8c5c6f.jar to classpath.
[00:31:39] [main/DEBUG] (FabricLoader/Knot) Adding /home/truswo/IdeaProjects/accidental-sweeping-edge/run/.fabric/processedMods/jade-20.1.0+fabric-64b5720b4b825f21.jar to classpath.
[00:31:39] [main/DEBUG] (FabricLoader/Knot) Adding /home/truswo/IdeaProjects/accidental-sweeping-edge/.gradle/loom-cache/remapped_mods/remapped/net/fabricmc/fabric-api/fabric-data-generation-api-v1-1312b3c0-common/23.2.27+d8b85ef16f/fabric-data-generation-api-v1-1312b3c0-common-23.2.27+d8b85ef16f.jar to classpath.
[00:31:39] [main/DEBUG] (FabricLoader/Knot) Adding /home/truswo/IdeaProjects/accidental-sweeping-edge/.gradle/loom-cache/remapped_mods/remapped/net/fabricmc/fabric-api/fabric-data-generation-api-v1-1312b3c0-client/23.2.27+d8b85ef16f/fabric-data-generation-api-v1-1312b3c0-client-23.2.27+d8b85ef16f.jar to classpath.
[00:31:39] [main/DEBUG] (FabricLoader/Knot) Adding /home/truswo/IdeaProjects/accidental-sweeping-edge/.gradle/loom-cache/remapped_mods/remapped/net/fabricmc/fabric-api/fabric-loot-api-v2-1312b3c0-common/3.0.67+3f89f5a56f/fabric-loot-api-v2-1312b3c0-common-3.0.67+3f89f5a56f.jar to classpath.
[00:31:39] [main/DEBUG] (FabricLoader/Knot) Adding /home/truswo/IdeaProjects/accidental-sweeping-edge/.gradle/loom-cache/remapped_mods/remapped/net/fabricmc/fabric-api/fabric-gametest-api-v1-1312b3c0-common/3.1.21+33df5e6e6f/fabric-gametest-api-v1-1312b3c0-common-3.1.21+33df5e6e6f.jar to classpath.
[00:31:39] [main/DEBUG] (FabricLoader/Knot) Adding /home/truswo/IdeaProjects/accidental-sweeping-edge/.gradle/loom-cache/remapped_mods/remapped/net/fabricmc/fabric-api/fabric-renderer-indigo-1312b3c0-client/4.1.4+9be2a36e6f/fabric-renderer-indigo-1312b3c0-client-4.1.4+9be2a36e6f.jar to classpath.
[00:31:39] [main/DEBUG] (FabricLoader/Knot) Adding /home/truswo/IdeaProjects/accidental-sweeping-edge/.gradle/loom-cache/remapped_mods/remapped/net/fabricmc/fabric-api/fabric-renderer-api-v1-1312b3c0-client/7.2.3+9be2a36e6f/fabric-renderer-api-v1-1312b3c0-client-7.2.3+9be2a36e6f.jar to classpath.
[00:31:39] [main/DEBUG] (FabricLoader/Knot) Adding /home/truswo/IdeaProjects/accidental-sweeping-edge/.gradle/loom-cache/remapped_mods/remapped/net/fabricmc/fabric-api/fabric-convention-tags-v1-1312b3c0-common/2.1.49+7f945d5b6f/fabric-convention-tags-v1-1312b3c0-common-2.1.49+7f945d5b6f.jar to classpath.
[00:31:39] [main/DEBUG] (FabricLoader/Knot) Adding /home/truswo/IdeaProjects/accidental-sweeping-edge/.gradle/loom-cache/remapped_mods/remapped/net/fabricmc/fabric-api/fabric-sound-api-v1-1312b3c0-client/1.0.45+328a75ba6f/fabric-sound-api-v1-1312b3c0-client-1.0.45+328a75ba6f.jar to classpath.
[00:31:39] [main/DEBUG] (FabricLoader/Knot) Adding /home/truswo/IdeaProjects/accidental-sweeping-edge/.gradle/loom-cache/remapped_mods/remapped/net/fabricmc/fabric-api/fabric-tag-api-v1-1312b3c0-common/1.2.13+2fa446b26f/fabric-tag-api-v1-1312b3c0-common-1.2.13+2fa446b26f.jar to classpath.
[00:31:39] [main/DEBUG] (FabricLoader/Knot) Adding /home/truswo/IdeaProjects/accidental-sweeping-edge/.gradle/loom-cache/remapped_mods/remapped/net/fabricmc/fabric-api/fabric-tag-api-v1-1312b3c0-client/1.2.13+2fa446b26f/fabric-tag-api-v1-1312b3c0-client-1.2.13+2fa446b26f.jar to classpath.
[00:31:39] [main/DEBUG] (FabricLoader/Knot) Adding /home/truswo/IdeaProjects/accidental-sweeping-edge/.gradle/loom-cache/remapped_mods/remapped/net/fabricmc/fabric-api/fabric-object-builder-api-v1-1312b3c0-common/21.1.28+9bce411b6f/fabric-object-builder-api-v1-1312b3c0-common-21.1.28+9bce411b6f.jar to classpath.
[00:31:39] [main/DEBUG] (FabricLoader/Knot) Adding /home/truswo/IdeaProjects/accidental-sweeping-edge/.gradle/loom-cache/remapped_mods/remapped/net/fabricmc/fabric-api/fabric-object-builder-api-v1-1312b3c0-client/21.1.28+9bce411b6f/fabric-object-builder-api-v1-1312b3c0-client-21.1.28+9bce411b6f.jar to classpath.
[00:31:39] [main/DEBUG] (FabricLoader/Knot) Adding /home/truswo/IdeaProjects/accidental-sweeping-edge/.gradle/loom-cache/remapped_mods/remapped/net/fabricmc/fabric-api/fabric-block-view-api-v2-1312b3c0-common/1.0.34+e4fd1b926f/fabric-block-view-api-v2-1312b3c0-common-1.0.34+e4fd1b926f.jar to classpath.
[00:31:39] [main/DEBUG] (FabricLoader/Knot) Adding /home/truswo/IdeaProjects/accidental-sweeping-edge/.gradle/loom-cache/remapped_mods/remapped/net/fabricmc/fabric-api/fabric-block-view-api-v2-1312b3c0-client/1.0.34+e4fd1b926f/fabric-block-view-api-v2-1312b3c0-client-1.0.34+e4fd1b926f.jar to classpath.
[00:31:39] [main/DEBUG] (FabricLoader/Knot) Adding /home/truswo/IdeaProjects/accidental-sweeping-edge/run/.fabric/processedMods/placeholder-api-2.8.0+1.21.9-5e2ecf82589d912d.jar to classpath.
[00:31:39] [main/DEBUG] (FabricLoader/Entrypoint) Registering new-style initializer com.terraformersmc.modmenu.ModMenuModMenuCompat for mod modmenu (key modmenu)
[00:31:39] [main/DEBUG] (FabricLoader/Entrypoint) Registering new-style initializer com.terraformersmc.modmenu.ModMenu for mod modmenu (key client)
[00:31:39] [main/DEBUG] (FabricLoader/Entrypoint) Registering new-style initializer net.fabricmc.fabric.impl.client.particle.ExtendedBlockStateParticleEffectSyncClient for mod fabric-particles-v1 (key client)
[00:31:39] [main/DEBUG] (FabricLoader/Entrypoint) Registering new-style initializer net.fabricmc.fabric.impl.particle.ExtendedBlockStateParticleEffectSync for mod fabric-particles-v1 (key main)
[00:31:39] [main/DEBUG] (FabricLoader/Entrypoint) Registering new-style initializer me.truswo.accidentalSweep.client.AccidentalSweepDataGenerator for mod accidental-sweep (key fabric-datagen)
[00:31:39] [main/DEBUG] (FabricLoader/Entrypoint) Registering new-style initializer me.truswo.accidentalSweep.client.AccidentalSweepClient for mod accidental-sweep (key client)
[00:31:39] [main/DEBUG] (FabricLoader/Entrypoint) Registering new-style initializer me.truswo.accidentalSweep.AccidentalSweep for mod accidental-sweep (key main)
[00:31:39] [main/DEBUG] (FabricLoader/Entrypoint) Registering new-style initializer net.fabricmc.fabric.impl.attachment.client.AttachmentSyncClient for mod fabric-data-attachment-api-v1 (key client)
[00:31:39] [main/DEBUG] (FabricLoader/Entrypoint) Registering new-style initializer net.fabricmc.fabric.impl.attachment.AttachmentEntrypoint for mod fabric-data-attachment-api-v1 (key main)
[00:31:39] [main/DEBUG] (FabricLoader/Entrypoint) Registering new-style initializer net.fabricmc.fabric.impl.attachment.sync.AttachmentSync for mod fabric-data-attachment-api-v1 (key main)
[00:31:39] [main/DEBUG] (FabricLoader/Entrypoint) Registering new-style initializer net.fabricmc.fabric.impl.networking.client.ClientNetworkingImpl::clientInit for mod fabric-networking-api-v1 (key client)
[00:31:39] [main/DEBUG] (FabricLoader/Entrypoint) Registering new-style initializer net.fabricmc.fabric.impl.networking.CommonPacketsImpl::init for mod fabric-networking-api-v1 (key main)
[00:31:39] [main/DEBUG] (FabricLoader/Entrypoint) Registering new-style initializer net.fabricmc.fabric.impl.networking.NetworkingImpl::init for mod fabric-networking-api-v1 (key main)
[00:31:39] [main/DEBUG] (FabricLoader/Entrypoint) Registering new-style initializer net.fabricmc.fabric.impl.lookup.ApiLookupImpl for mod fabric-api-lookup-api-v1 (key main)
[00:31:39] [main/DEBUG] (FabricLoader/Entrypoint) Registering new-style initializer net.fabricmc.fabric.impl.client.rendering.hud.HudStatusBarHeightRegistryImpl for mod fabric-rendering-v1 (key client)
[00:31:39] [main/DEBUG] (FabricLoader/Entrypoint) Registering new-style initializer net.caffeinemc.mods.sodium.fabric.SodiumFabricMod for mod sodium (key client)
[00:31:39] [main/DEBUG] (FabricLoader/Entrypoint) Registering new-style initializer net.caffeinemc.mods.sodium.fabric.SodiumPreLaunch for mod sodium (key preLaunch)
[00:31:39] [main/DEBUG] (FabricLoader/Entrypoint) Registering new-style initializer net.fabricmc.fabric.impl.client.model.loading.CustomUnbakedBlockStateModelInit for mod fabric-model-loading-api-v1 (key client)
[00:31:39] [main/DEBUG] (FabricLoader/Entrypoint) Registering new-style initializer net.fabricmc.fabric.impl.screenhandler.client.ClientNetworking for mod fabric-screen-handler-api-v1 (key client)
[00:31:39] [main/DEBUG] (FabricLoader/Entrypoint) Registering new-style initializer net.fabricmc.fabric.impl.screenhandler.Networking for mod fabric-screen-handler-api-v1 (key main)
[00:31:39] [main/DEBUG] (FabricLoader/Entrypoint) Registering new-style initializer net.fabricmc.fabric.impl.recipe.ingredient.client.CustomIngredientSyncClient for mod fabric-recipe-api-v1 (key client)
[00:31:39] [main/DEBUG] (FabricLoader/Entrypoint) Registering new-style initializer net.fabricmc.fabric.impl.recipe.sync.client.RecipeSyncImplClient for mod fabric-recipe-api-v1 (key client)
[00:31:39] [main/DEBUG] (FabricLoader/Entrypoint) Registering new-style initializer net.fabricmc.fabric.impl.recipe.ingredient.CustomIngredientInit for mod fabric-recipe-api-v1 (key main)
[00:31:39] [main/DEBUG] (FabricLoader/Entrypoint) Registering new-style initializer net.fabricmc.fabric.impl.recipe.ingredient.CustomIngredientSync for mod fabric-recipe-api-v1 (key main)
[00:31:39] [main/DEBUG] (FabricLoader/Entrypoint) Registering new-style initializer net.fabricmc.fabric.impl.recipe.sync.RecipeSyncImpl for mod fabric-recipe-api-v1 (key main)
[00:31:39] [main/DEBUG] (FabricLoader/Entrypoint) Registering new-style initializer me.shedaniel.clothconfig2.fabric.ClothConfigModMenuDemo for mod cloth-config (key modmenu)
[00:31:39] [main/DEBUG] (FabricLoader/Entrypoint) Registering new-style initializer me.shedaniel.autoconfig.example.ExampleInits::exampleCommonInit for mod cloth-config (key client)
[00:31:39] [main/DEBUG] (FabricLoader/Entrypoint) Registering new-style initializer net.fabricmc.fabric.impl.resource.conditions.ResourceConditionsImpl for mod fabric-resource-conditions-api-v1 (key main)
[00:31:39] [main/DEBUG] (FabricLoader/Entrypoint) Registering new-style initializer net.fabricmc.fabric.impl.tag.convention.v2.TranslationConventionLogWarnings for mod fabric-convention-tags-v2 (key main)
[00:31:39] [main/DEBUG] (FabricLoader/Entrypoint) Registering new-style initializer net.fabricmc.fabric.impl.event.interaction.InteractionEventsRouter for mod fabric-events-interaction-v0 (key main)
[00:31:39] [main/DEBUG] (FabricLoader/Entrypoint) Registering new-style initializer net.fabricmc.fabric.impl.client.event.lifecycle.ClientLifecycleEventsImpl for mod fabric-lifecycle-events-v1 (key client)
[00:31:39] [main/DEBUG] (FabricLoader/Entrypoint) Registering new-style initializer net.fabricmc.fabric.impl.event.lifecycle.LifecycleEventsImpl for mod fabric-lifecycle-events-v1 (key main)
[00:31:39] [main/DEBUG] (FabricLoader/Entrypoint) Registering new-style initializer net.fabricmc.fabric.impl.client.registry.sync.FabricRegistryClientInit for mod fabric-registry-sync-v0 (key client)
[00:31:39] [main/DEBUG] (FabricLoader/Entrypoint) Registering new-style initializer net.fabricmc.fabric.impl.registry.sync.FabricRegistryInit for mod fabric-registry-sync-v0 (key main)
[00:31:39] [main/DEBUG] (FabricLoader/Entrypoint) Registering new-style initializer snownee.jade.compat.JEICompat for mod jade (key jei_mod_plugin)
[00:31:39] [main/DEBUG] (FabricLoader/Entrypoint) Registering new-style initializer snownee.jade.compat.ModMenuCompat for mod jade (key modmenu)
[00:31:39] [main/DEBUG] (FabricLoader/Entrypoint) Registering new-style initializer snownee.jade.util.ClientProxy for mod jade (key client)
[00:31:39] [main/DEBUG] (FabricLoader/Entrypoint) Registering new-style initializer snownee.jade.addon.core.CorePlugin for mod jade (key jade)
[00:31:39] [main/DEBUG] (FabricLoader/Entrypoint) Registering new-style initializer snownee.jade.addon.vanilla.VanillaPlugin for mod jade (key jade)
[00:31:39] [main/DEBUG] (FabricLoader/Entrypoint) Registering new-style initializer snownee.jade.addon.universal.UniversalPlugin for mod jade (key jade)
[00:31:39] [main/DEBUG] (FabricLoader/Entrypoint) Registering new-style initializer snownee.jade.addon.access.AccessibilityPlugin for mod jade (key jade)
[00:31:39] [main/DEBUG] (FabricLoader/Entrypoint) Registering new-style initializer snownee.jade.addon.debug.DebugPlugin for mod jade (key jade)
[00:31:39] [main/DEBUG] (FabricLoader/Entrypoint) Registering new-style initializer snownee.jade.util.CommonProxy for mod jade (key main)
[00:31:39] [main/DEBUG] (FabricLoader/Entrypoint) Registering new-style initializer net.fabricmc.fabric.impl.loot.v2.LootInitializer for mod fabric-loot-api-v2 (key main)
[00:31:39] [main/DEBUG] (FabricLoader/Entrypoint) Registering new-style initializer net.fabricmc.fabric.impl.gametest.FabricGameTestModInitializer for mod fabric-gametest-api-v1 (key main)
[00:31:39] [main/DEBUG] (FabricLoader/Entrypoint) Registering new-style initializer net.fabricmc.fabric.impl.client.indigo.Indigo for mod fabric-renderer-indigo (key client)
[00:31:39] [main/DEBUG] (FabricLoader/Entrypoint) Registering new-style initializer net.fabricmc.fabric.impl.renderer.DebugHudClient for mod fabric-renderer-api-v1 (key client)
[00:31:39] [main/DEBUG] (FabricLoader/Entrypoint) Registering new-style initializer net.fabricmc.fabric.impl.tag.convention.ConventionLogWarnings for mod fabric-convention-tags-v1 (key main)
[00:31:39] [main/DEBUG] (FabricLoader/Entrypoint) Registering new-style initializer net.fabricmc.fabric.impl.tag.TagInit for mod fabric-tag-api-v1 (key main)
[00:31:40] [main/INFO] (FabricLoader/Mixin) SpongePowered MIXIN Subsystem Version=0.8.7 Source=file:/home/truswo/.gradle/caches/modules-2/files-2.1/net.fabricmc/sponge-mixin/0.17.0+mixin.0.8.7/cf31463202f72d03b0ef1e1e38e8ee71b7faaab6/sponge-mixin-0.17.0+mixin.0.8.7.jar Service=Knot/Fabric Env=CLIENT
[00:31:40] [main/DEBUG] (FabricLoader/Mixin) Initialising Mixin Platform Manager
[00:31:40] [main/DEBUG] (FabricLoader/Mixin) Adding mixin platform agents for container ContainerHandleURI(file:///home/truswo/.gradle/caches/modules-2/files-2.1/net.fabricmc/fabric-loader/0.18.4/dc4682125d5db647d6ce80a98b98945835adcd4b/fabric-loader-0.18.4.jar)
[00:31:40] [main/DEBUG] (FabricLoader/Mixin) Instancing new MixinPlatformAgentDefault for ContainerHandleURI(file:///home/truswo/.gradle/caches/modules-2/files-2.1/net.fabricmc/fabric-loader/0.18.4/dc4682125d5db647d6ce80a98b98945835adcd4b/fabric-loader-0.18.4.jar)
[00:31:40] [main/DEBUG] (FabricLoader/Mixin) MixinPlatformAgentDefault accepted container ContainerHandleURI(file:///home/truswo/.gradle/caches/modules-2/files-2.1/net.fabricmc/fabric-loader/0.18.4/dc4682125d5db647d6ce80a98b98945835adcd4b/fabric-loader-0.18.4.jar)
[00:31:40] [main/DEBUG] (FabricLoader/Mixin) Instancing new MixinPlatformAgentDefault for ContainerHandleURI(file:///home/truswo/.gradle/caches/modules-2/files-2.1/net.fabricmc/fabric-loader/0.18.4/dc4682125d5db647d6ce80a98b98945835adcd4b/fabric-loader-0.18.4.jar)
[00:31:40] [main/DEBUG] (FabricLoader/Mixin) MixinPlatformAgentDefault accepted container ContainerHandleURI(file:///home/truswo/.gradle/caches/modules-2/files-2.1/net.fabricmc/fabric-loader/0.18.4/dc4682125d5db647d6ce80a98b98945835adcd4b/fabric-loader-0.18.4.jar)
[00:31:40] [main/DEBUG] (FabricLoader/Mixin) Processing prepare() for PlatformAgent[MixinPlatformAgentDefault:ContainerHandleURI(file:///home/truswo/.gradle/caches/modules-2/files-2.1/net.fabricmc/fabric-loader/0.18.4/dc4682125d5db647d6ce80a98b98945835adcd4b/fabric-loader-0.18.4.jar)]
[00:31:40] [main/DEBUG] (FabricLoader/Mixin) Processing prepare() for PlatformAgent[MixinPlatformAgentDefault:ContainerHandleURI(file:///home/truswo/.gradle/caches/modules-2/files-2.1/net.fabricmc/fabric-loader/0.18.4/dc4682125d5db647d6ce80a98b98945835adcd4b/fabric-loader-0.18.4.jar)]
[00:31:40] [main/INFO] (FabricLoader/Mixin) Loaded Fabric development mappings for mixin remapper!
[00:31:40] [main/DEBUG] (FabricLoader/Mixin) Compatibility level JAVA_21 specified by fabric-transfer-api-v1.mixins.json is higher than the maximum level supported by this version of mixin (JAVA_13).
[00:31:40] [main/INFO] (FabricLoader/Mixin) Compatibility level set to JAVA_21
[00:31:40] [main/DEBUG] (FabricLoader/Mixin) Mixin config fabric-transfer-api-v1.mixins.json does not specify "minVersion" or "requiredFeatures" property
[00:31:40] [main/DEBUG] (FabricLoader/Mixin) Mixin config fabric-key-binding-api-v1.mixins.json does not specify "minVersion" or "requiredFeatures" property
[00:31:40] [main/DEBUG] (FabricLoader/Mixin) Mixin config fabric-resource-loader-v1.mixins.json does not specify "minVersion" or "requiredFeatures" property
[00:31:40] [main/DEBUG] (FabricLoader/Mixin) Mixin config fabric-resource-loader-v1.client.mixins.json does not specify "minVersion" or "requiredFeatures" property
[00:31:40] [main/DEBUG] (FabricLoader/Mixin) Mixin config fabric-particles-v1.mixins.json does not specify "minVersion" or "requiredFeatures" property
[00:31:40] [main/DEBUG] (FabricLoader/Mixin) Mixin config fabric-particles-v1.client.mixins.json does not specify "minVersion" or "requiredFeatures" property
[00:31:40] [main/DEBUG] (FabricLoader/Mixin) Mixin config fabric-client-gametest-api-v1.mixins.json does not specify "minVersion" or "requiredFeatures" property
[00:31:40] [main/DEBUG] (FabricLoader/Mixin) Mixin config fabric-command-api-v2.mixins.json does not specify "minVersion" or "requiredFeatures" property
[00:31:40] [main/DEBUG] (FabricLoader/Mixin) Mixin config fabric-command-api-v2.client.mixins.json does not specify "minVersion" or "requiredFeatures" property
[00:31:40] [main/DEBUG] (FabricLoader/Mixin) Mixin config fabric-content-registries-v0.mixins.json does not specify "minVersion" or "requiredFeatures" property
[00:31:40] [main/DEBUG] (FabricLoader/Mixin) Mixin config fabric-resource-loader-v0.mixins.json does not specify "minVersion" or "requiredFeatures" property
[00:31:40] [main/DEBUG] (FabricLoader/Mixin) Mixin config fabric-resource-loader-v0.client.mixins.json does not specify "minVersion" or "requiredFeatures" property
[00:31:40] [main/DEBUG] (FabricLoader/Mixin) Mixin config fabric-data-attachment-api-v1.mixins.json does not specify "minVersion" or "requiredFeatures" property
[00:31:40] [main/DEBUG] (FabricLoader/Mixin) Mixin config fabric-data-attachment-api-v1.client.mixins.json does not specify "minVersion" or "requiredFeatures" property
[00:31:40] [main/DEBUG] (FabricLoader/Mixin) Mixin config fabric-networking-api-v1.mixins.json does not specify "minVersion" or "requiredFeatures" property
[00:31:40] [main/DEBUG] (FabricLoader/Mixin) Mixin config fabric-networking-api-v1.client.mixins.json does not specify "minVersion" or "requiredFeatures" property
[00:31:40] [main/DEBUG] (FabricLoader/Mixin) Mixin config fabric-block-api-v1.mixins.json does not specify "minVersion" or "requiredFeatures" property
[00:31:40] [main/DEBUG] (FabricLoader/Mixin) Mixin config fabric-item-group-api-v1.mixins.json does not specify "minVersion" or "requiredFeatures" property
[00:31:40] [main/DEBUG] (FabricLoader/Mixin) Mixin config fabric-item-group-api-v1.client.mixins.json does not specify "minVersion" or "requiredFeatures" property
[00:31:40] [main/DEBUG] (FabricLoader/Mixin) Mixin config fabric-api-lookup-api-v1.mixins.json does not specify "minVersion" or "requiredFeatures" property
[00:31:40] [main/DEBUG] (FabricLoader/Mixin) Mixin config fabric-biome-api-v1.mixins.json does not specify "minVersion" or "requiredFeatures" property
[00:31:40] [main/DEBUG] (FabricLoader/Mixin) Mixin config fabric-loot-api-v3.mixins.json does not specify "minVersion" or "requiredFeatures" property
[00:31:40] [main/DEBUG] (FabricLoader/Mixin) Mixin config fabric-rendering-fluids-v1.mixins.json does not specify "minVersion" or "requiredFeatures" property
[00:31:40] [main/DEBUG] (FabricLoader/Mixin) Mixin config fabric-rendering-v1.mixins.json does not specify "minVersion" or "requiredFeatures" property
[00:31:40] [main/DEBUG] (FabricLoader/Mixin) Mixin config fabric-message-api-v1.mixins.json does not specify "minVersion" or "requiredFeatures" property
[00:31:40] [main/DEBUG] (FabricLoader/Mixin) Mixin config fabric-message-api-v1.client.mixins.json does not specify "minVersion" or "requiredFeatures" property
[00:31:40] [main/DEBUG] (FabricLoader/Mixin) Compatibility level JAVA_17 specified by sodium-common.mixins.json is higher than the maximum level supported by this version of mixin (JAVA_13).
[00:31:40] [main/DEBUG] (FabricLoader/Mixin) Mixin config sodium-common.mixins.json does not specify "minVersion" or "requiredFeatures" property
[00:31:40] [main/DEBUG] (FabricLoader/Mixin) Compatibility level JAVA_17 specified by sodium-fabric.mixins.json is higher than the maximum level supported by this version of mixin (JAVA_13).
[00:31:40] [main/DEBUG] (FabricLoader/Mixin) Mixin config sodium-fabric.mixins.json does not specify "minVersion" or "requiredFeatures" property
[00:31:40] [main/DEBUG] (FabricLoader/Mixin) Mixin config fabric-dimensions-v1.mixins.json does not specify "minVersion" or "requiredFeatures" property
[00:31:40] [main/DEBUG] (FabricLoader/Mixin) Mixin config fabric-model-loading-api-v1.mixins.json does not specify "minVersion" or "requiredFeatures" property
[00:31:40] [main/DEBUG] (FabricLoader/Mixin) Mixin config fabric-screen-handler-api-v1.mixins.json does not specify "minVersion" or "requiredFeatures" property
[00:31:40] [main/DEBUG] (FabricLoader/Mixin) Mixin config fabric-recipe-api-v1.mixins.json does not specify "minVersion" or "requiredFeatures" property
[00:31:40] [main/DEBUG] (FabricLoader/Mixin) Mixin config fabric-recipe-api-v1.client.mixins.json does not specify "minVersion" or "requiredFeatures" property
[00:31:40] [main/DEBUG] (FabricLoader/Mixin) Mixin config fabric-screen-api-v1.mixins.json does not specify "minVersion" or "requiredFeatures" property
[00:31:40] [main/DEBUG] (FabricLoader/Mixin) Mixin config fabric-item-api-v1.mixins.json does not specify "minVersion" or "requiredFeatures" property
[00:31:40] [main/DEBUG] (FabricLoader/Mixin) Mixin config fabric-item-api-v1.client.mixins.json does not specify "minVersion" or "requiredFeatures" property
[00:31:40] [main/DEBUG] (FabricLoader/Mixin) Mixin config fabric-serialization-api-v1.mixins.json does not specify "minVersion" or "requiredFeatures" property
[00:31:40] [main/DEBUG] (FabricLoader/Mixin) Mixin config fabric-resource-conditions-api-v1.mixins.json does not specify "minVersion" or "requiredFeatures" property
[00:31:40] [main/DEBUG] (FabricLoader/Mixin) Mixin config fabric-convention-tags-api-v2.mixins.json does not specify "minVersion" or "requiredFeatures" property
[00:31:40] [main/DEBUG] (FabricLoader/Mixin) Mixin config fabric-game-rule-api-v1.mixins.json does not specify "minVersion" or "requiredFeatures" property
[00:31:40] [main/DEBUG] (FabricLoader/Mixin) Mixin config fabric-game-rule-api-v1.client.mixins.json does not specify "minVersion" or "requiredFeatures" property
[00:31:40] [main/DEBUG] (FabricLoader/Mixin) Mixin config fabric-entity-events-v1.mixins.json does not specify "minVersion" or "requiredFeatures" property
[00:31:40] [main/DEBUG] (FabricLoader/Mixin) Mixin config fabric-events-interaction-v0.mixins.json does not specify "minVersion" or "requiredFeatures" property
[00:31:40] [main/DEBUG] (FabricLoader/Mixin) Mixin config fabric-events-interaction-v0.client.mixins.json does not specify "minVersion" or "requiredFeatures" property
[00:31:40] [main/DEBUG] (FabricLoader/Mixin) Mixin config fabric-lifecycle-events-v1.mixins.json does not specify "minVersion" or "requiredFeatures" property
[00:31:40] [main/DEBUG] (FabricLoader/Mixin) Mixin config fabric-lifecycle-events-v1.client.mixins.json does not specify "minVersion" or "requiredFeatures" property
[00:31:40] [main/DEBUG] (FabricLoader/Mixin) Mixin config fabric-crash-report-info-v1.mixins.json does not specify "minVersion" or "requiredFeatures" property
[00:31:40] [main/DEBUG] (FabricLoader/Mixin) Mixin config fabric-registry-sync-v0.mixins.json does not specify "minVersion" or "requiredFeatures" property
[00:31:40] [main/DEBUG] (FabricLoader/Mixin) Mixin config fabric-registry-sync-v0.client.mixins.json does not specify "minVersion" or "requiredFeatures" property
[00:31:40] [main/DEBUG] (FabricLoader/Mixin) Mixin config fabric-data-generation-api-v1.mixins.json does not specify "minVersion" or "requiredFeatures" property
[00:31:40] [main/DEBUG] (FabricLoader/Mixin) Mixin config fabric-data-generation-api-v1.client.mixins.json does not specify "minVersion" or "requiredFeatures" property
[00:31:40] [main/DEBUG] (FabricLoader/Mixin) Mixin config fabric-loot-api-v2.mixins.json does not specify "minVersion" or "requiredFeatures" property
[00:31:40] [main/DEBUG] (FabricLoader/Mixin) Mixin config fabric-gametest-api-v1.mixins.json does not specify "minVersion" or "requiredFeatures" property
[00:31:40] [main/DEBUG] (FabricLoader/Mixin) Mixin config fabric-renderer-indigo.mixins.json does not specify "minVersion" or "requiredFeatures" property
[00:31:40] [main/DEBUG] (FabricLoader/Mixin) Mixin config fabric-renderer-api-v1.mixins.json does not specify "minVersion" or "requiredFeatures" property
[00:31:40] [main/DEBUG] (FabricLoader/Mixin) Mixin config fabric-sound-api-v1.mixins.json does not specify "minVersion" or "requiredFeatures" property
[00:31:40] [main/DEBUG] (FabricLoader/Mixin) Mixin config fabric-tag-api-v1.mixins.json does not specify "minVersion" or "requiredFeatures" property
[00:31:40] [main/DEBUG] (FabricLoader/Mixin) Mixin config fabric-object-builder-v1.mixins.json does not specify "minVersion" or "requiredFeatures" property
[00:31:40] [main/DEBUG] (FabricLoader/Mixin) Mixin config fabric-object-builder-v1.client.mixins.json does not specify "minVersion" or "requiredFeatures" property
[00:31:40] [main/DEBUG] (FabricLoader/Mixin) Mixin config fabric-block-view-api-v2.mixins.json does not specify "minVersion" or "requiredFeatures" property
[00:31:40] [main/DEBUG] (FabricLoader/Mixin) Mixin config fabric-block-view-api-v2.client.mixins.json does not specify "minVersion" or "requiredFeatures" property
[00:31:40] [main/DEBUG] (FabricLoader/Knot) Adding /home/truswo/IdeaProjects/accidental-sweeping-edge/.gradle/loom-cache/minecraftMaven/net/minecraft/minecraft-clientOnly-6227aad8ee/1.21.10-net.fabricmc.yarn.1_21_10.1.21.10+build.3-v2/minecraft-clientOnly-6227aad8ee-1.21.10-net.fabricmc.yarn.1_21_10.1.21.10+build.3-v2.jar to classpath.
[00:31:40] [main/DEBUG] (FabricLoader/Knot) Adding /home/truswo/IdeaProjects/accidental-sweeping-edge/.gradle/loom-cache/minecraftMaven/net/minecraft/minecraft-common-6227aad8ee/1.21.10-net.fabricmc.yarn.1_21_10.1.21.10+build.3-v2/minecraft-common-6227aad8ee-1.21.10-net.fabricmc.yarn.1_21_10.1.21.10+build.3-v2.jar to classpath.
[00:31:40] [main/DEBUG] (FabricLoader/Knot) Adding /home/truswo/IdeaProjects/accidental-sweeping-edge/build/classes/java/client to classpath.
[00:31:40] [main/DEBUG] (FabricLoader/Knot) Adding /home/truswo/IdeaProjects/accidental-sweeping-edge/build/resources/client to classpath.
[00:31:40] [main/DEBUG] (FabricLoader/Knot) Adding /home/truswo/.gradle/caches/fabric-loom/1.21.10/net.fabricmc.yarn.1_21_10.1.21.10+build.3-v2/mappings.jar to classpath.
[00:31:40] [main/DEBUG] (FabricLoader/Knot) Adding /home/truswo/.gradle/caches/modules-2/files-2.1/io.github.llamalad7/mixinextras-fabric/0.5.0/91a83dfb7abd320f6236bd1fcf5c0ff143d59a13/mixinextras-fabric-0.5.0.jar to classpath.
[00:31:40] [main/DEBUG] (FabricLoader/Knot) Adding /home/truswo/.gradle/caches/modules-2/files-2.1/net.fabricmc/dev-launch-injector/0.2.1+build.8/da8bef7e6e2f952da707f282bdb46882a0fce5e3/dev-launch-injector-0.2.1+build.8.jar to classpath.
[00:31:40] [main/DEBUG] (FabricLoader/Knot) Adding /home/truswo/.gradle/caches/modules-2/files-2.1/com.fasterxml.jackson.core/jackson-annotations/2.13.4/858c6cc78e1f08a885b1613e1d817c829df70a6e/jackson-annotations-2.13.4.jar to classpath.
[00:31:40] [main/DEBUG] (FabricLoader/Knot) Adding /home/truswo/.gradle/caches/modules-2/files-2.1/com.fasterxml.jackson.core/jackson-core/2.13.4/cf934c681294b97ef6d80082faeefbe1edadf56/jackson-core-2.13.4.jar to classpath.
[00:31:40] [main/DEBUG] (FabricLoader/Knot) Adding /home/truswo/.gradle/caches/modules-2/files-2.1/com.fasterxml.jackson.core/jackson-databind/2.13.4.2/325c06bdfeb628cfb80ebaaf1a26cc1eb558a585/jackson-databind-2.13.4.2.jar to classpath.
[00:31:40] [main/DEBUG] (FabricLoader/Knot) Adding /home/truswo/.gradle/caches/modules-2/files-2.1/com.github.oshi/oshi-core/6.6.5/e1099981fd15dc4236c4499d82aba1276fb43a9a/oshi-core-6.6.5.jar to classpath.
[00:31:40] [main/DEBUG] (FabricLoader/Knot) Adding /home/truswo/.gradle/caches/modules-2/files-2.1/com.github.stephenc.jcip/jcip-annotations/1.0-1/ef31541dd28ae2cefdd17c7ebf352d93e9058c63/jcip-annotations-1.0-1.jar to classpath.
[00:31:40] [main/DEBUG] (FabricLoader/Knot) Adding /home/truswo/.gradle/caches/modules-2/files-2.1/com.google.guava/failureaccess/1.0.2/c4a06a64e650562f30b7bf9aaec1bfed43aca12b/failureaccess-1.0.2.jar to classpath.
[00:31:40] [main/DEBUG] (FabricLoader/Knot) Adding /home/truswo/.gradle/caches/modules-2/files-2.1/com.google.guava/guava/33.3.1-jre/852f8b363da0111e819460021ca693cacca3e8db/guava-33.3.1-jre.jar to classpath.
[00:31:40] [main/DEBUG] (FabricLoader/Knot) Adding /home/truswo/.gradle/caches/modules-2/files-2.1/com.ibm.icu/icu4j/76.1/215f3a8e936d4069344bd75f2b1368fd58112894/icu4j-76.1.jar to classpath.
[00:31:40] [main/DEBUG] (FabricLoader/Knot) Adding /home/truswo/.gradle/caches/modules-2/files-2.1/com.microsoft.azure/msal4j/1.17.2/a6211e3d71d0388929babaa0ff0951b30d001852/msal4j-1.17.2.jar to classpath.
[00:31:40] [main/DEBUG] (FabricLoader/Knot) Adding /home/truswo/.gradle/caches/modules-2/files-2.1/com.mojang/blocklist/1.0.10/5c685c5ffa94c4cd39496c7184c1d122e515ecef/blocklist-1.0.10.jar to classpath.
[00:31:40] [main/DEBUG] (FabricLoader/Knot) Adding /home/truswo/.gradle/caches/modules-2/files-2.1/com.mojang/brigadier/1.3.10/d15b53a14cf20fdcaa98f731af5dda654452c010/brigadier-1.3.10.jar to classpath.
[00:31:40] [main/DEBUG] (FabricLoader/Knot) Adding /home/truswo/.gradle/caches/modules-2/files-2.1/com.mojang/datafixerupper/8.0.16/67d4de6d7f95d89bcf5862995fb854ebaec02a34/datafixerupper-8.0.16.jar to classpath.
[00:31:40] [main/DEBUG] (FabricLoader/Knot) Adding /home/truswo/.gradle/caches/modules-2/files-2.1/com.mojang/jtracy/1.0.36/20a63d06b621bfeb3cb21ef51b7fa40c0fc22021/jtracy-1.0.36.jar to classpath.
[00:31:40] [main/DEBUG] (FabricLoader/Knot) Adding /home/truswo/.gradle/caches/modules-2/files-2.1/com.mojang/jtracy/1.0.36/8f2967c139b024bf80024a3eab63e906c3ee2e5b/jtracy-1.0.36-natives-linux.jar to classpath.
[00:31:40] [main/DEBUG] (FabricLoader/Knot) Adding /home/truswo/.gradle/caches/modules-2/files-2.1/com.mojang/patchy/2.2.10/da05971b07cbb379d002cf7eaec6a2048211fefc/patchy-2.2.10.jar to classpath.
[00:31:40] [main/DEBUG] (FabricLoader/Knot) Adding /home/truswo/.gradle/caches/modules-2/files-2.1/com.mojang/text2speech/1.18.11/e853a12cdd6ba4f4836e8f4bf3b37844a13482b6/text2speech-1.18.11.jar to classpath.
[00:31:40] [main/DEBUG] (FabricLoader/Knot) Adding /home/truswo/.gradle/caches/modules-2/files-2.1/com.nimbusds/content-type/2.3/e3aa0be212d7a42839a8f3f506f5b990bcce0222/content-type-2.3.jar to classpath.
[00:31:40] [main/DEBUG] (FabricLoader/Knot) Adding /home/truswo/.gradle/caches/modules-2/files-2.1/com.nimbusds/lang-tag/1.7/97c73ecd70bc7e8eefb26c5eea84f251a63f1031/lang-tag-1.7.jar to classpath.
[00:31:40] [main/DEBUG] (FabricLoader/Knot) Adding /home/truswo/.gradle/caches/modules-2/files-2.1/com.nimbusds/nimbus-jose-jwt/9.40/42b1dfa0360e4062951b070bac52dd8d96fd7b38/nimbus-jose-jwt-9.40.jar to classpath.
[00:31:40] [main/DEBUG] (FabricLoader/Knot) Adding /home/truswo/.gradle/caches/modules-2/files-2.1/com.nimbusds/oauth2-oidc-sdk/11.18/7c7ec4f4066625ff07a711ad856fa04da1ff9de/oauth2-oidc-sdk-11.18.jar to classpath.
[00:31:40] [main/DEBUG] (FabricLoader/Knot) Adding /home/truswo/.gradle/caches/modules-2/files-2.1/commons-codec/commons-codec/1.17.1/973638b7149d333563584137ebf13a691bb60579/commons-codec-1.17.1.jar to classpath.
[00:31:40] [main/DEBUG] (FabricLoader/Knot) Adding /home/truswo/.gradle/caches/modules-2/files-2.1/commons-io/commons-io/2.17.0/ddcc8433eb019fb48fe25207c0278143f3e1d7e2/commons-io-2.17.0.jar to classpath.
[00:31:40] [main/DEBUG] (FabricLoader/Knot) Adding /home/truswo/.gradle/caches/modules-2/files-2.1/commons-logging/commons-logging/1.3.4/b9fc14968d63a8b8a8a2c1885fe3e90564239708/commons-logging-1.3.4.jar to classpath.
[00:31:40] [main/DEBUG] (FabricLoader/Knot) Adding /home/truswo/.gradle/caches/modules-2/files-2.1/io.netty/netty-buffer/4.1.118.Final/7022990af1e0d449f9d5322035899745e19735c5/netty-buffer-4.1.118.Final.jar to classpath.
[00:31:40] [main/DEBUG] (FabricLoader/Knot) Adding /home/truswo/.gradle/caches/modules-2/files-2.1/io.netty/netty-codec-http/4.1.118.Final/eda08a71294afe78c779b85fd696bc13491507a8/netty-codec-http-4.1.118.Final.jar to classpath.
[00:31:40] [main/DEBUG] (FabricLoader/Knot) Adding /home/truswo/.gradle/caches/modules-2/files-2.1/io.netty/netty-codec/4.1.118.Final/307f665c08ce57333121de4f460479fc0c3c94d4/netty-codec-4.1.118.Final.jar to classpath.
[00:31:40] [main/DEBUG] (FabricLoader/Knot) Adding /home/truswo/.gradle/caches/modules-2/files-2.1/io.netty/netty-common/4.1.118.Final/4bb0f9899146484fa89f7b9bc27389d5b8e2ecde/netty-common-4.1.118.Final.jar to classpath.
[00:31:40] [main/DEBUG] (FabricLoader/Knot) Adding /home/truswo/.gradle/caches/modules-2/files-2.1/io.netty/netty-handler/4.1.118.Final/30ebb05b6b0fb071dbfcf713017c4a767a97bb9b/netty-handler-4.1.118.Final.jar to classpath.
[00:31:40] [main/DEBUG] (FabricLoader/Knot) Adding /home/truswo/.gradle/caches/modules-2/files-2.1/io.netty/netty-resolver/4.1.118.Final/28c378c19c1779eca1104b400452627f3ebc4aea/netty-resolver-4.1.118.Final.jar to classpath.
[00:31:40] [main/DEBUG] (FabricLoader/Knot) Adding /home/truswo/.gradle/caches/modules-2/files-2.1/io.netty/netty-transport-classes-epoll/4.1.118.Final/376ce95507066f0e755d97c1c8bcd6c33f657617/netty-transport-classes-epoll-4.1.118.Final.jar to classpath.
[00:31:40] [main/DEBUG] (FabricLoader/Knot) Adding /home/truswo/.gradle/caches/modules-2/files-2.1/io.netty/netty-transport-native-epoll/4.1.118.Final/82f94d0a9d837f6b6a580379373310ff7288c0f8/netty-transport-native-epoll-4.1.118.Final-linux-aarch_64.jar to classpath.
[00:31:40] [main/DEBUG] (FabricLoader/Knot) Adding /home/truswo/.gradle/caches/modules-2/files-2.1/io.netty/netty-transport-native-epoll/4.1.118.Final/7e6b89e3746acb7cf6f0aad993bbd058fc6d912e/netty-transport-native-epoll-4.1.118.Final-linux-x86_64.jar to classpath.
[00:31:40] [main/DEBUG] (FabricLoader/Knot) Adding /home/truswo/.gradle/caches/modules-2/files-2.1/io.netty/netty-transport-native-unix-common/4.1.118.Final/9da25a94e6a0edac90da0bc7894e5a54efcb866b/netty-transport-native-unix-common-4.1.118.Final.jar to classpath.
[00:31:40] [main/DEBUG] (FabricLoader/Knot) Adding /home/truswo/.gradle/caches/modules-2/files-2.1/io.netty/netty-transport/4.1.118.Final/5a27232e5d08218722d94ca14f0b1b4576e7711c/netty-transport-4.1.118.Final.jar to classpath.
[00:31:40] [main/DEBUG] (FabricLoader/Knot) Adding /home/truswo/.gradle/caches/modules-2/files-2.1/it.unimi.dsi/fastutil/8.5.15/1e885b40c9563ab0d3899b871fd0b30e958705dc/fastutil-8.5.15.jar to classpath.
[00:31:40] [main/DEBUG] (FabricLoader/Knot) Adding /home/truswo/.gradle/caches/modules-2/files-2.1/net.java.dev.jna/jna-platform/5.15.0/86b502cad57d45da172b5e3231c537b042e296ef/jna-platform-5.15.0.jar to classpath.
[00:31:40] [main/DEBUG] (FabricLoader/Knot) Adding /home/truswo/.gradle/caches/modules-2/files-2.1/net.java.dev.jna/jna/5.15.0/1ee1d80ff44f08280188f7c0e740d57207841ac/jna-5.15.0.jar to classpath.
[00:31:40] [main/DEBUG] (FabricLoader/Knot) Adding /home/truswo/.gradle/caches/modules-2/files-2.1/net.minidev/accessors-smart/2.5.1/19b820261eb2e7de7d5bde11d1c06e4501dd7e5f/accessors-smart-2.5.1.jar to classpath.
[00:31:40] [main/DEBUG] (FabricLoader/Knot) Adding /home/truswo/.gradle/caches/modules-2/files-2.1/net.minidev/json-smart/2.5.1/4c11d2808d009132dfbbf947ebf37de6bf266c8e/json-smart-2.5.1.jar to classpath.
[00:31:40] [main/DEBUG] (FabricLoader/Knot) Adding /home/truswo/.gradle/caches/modules-2/files-2.1/net.sf.jopt-simple/jopt-simple/5.0.4/4fdac2fbe92dfad86aa6e9301736f6b4342a3f5c/jopt-simple-5.0.4.jar to classpath.
[00:31:40] [main/DEBUG] (FabricLoader/Knot) Adding /home/truswo/.gradle/caches/modules-2/files-2.1/org.apache.commons/commons-compress/1.27.1/a19151084758e2fbb6b41eddaa88e7b8ff4e6599/commons-compress-1.27.1.jar to classpath.
[00:31:40] [main/DEBUG] (FabricLoader/Knot) Adding /home/truswo/.gradle/caches/modules-2/files-2.1/org.apache.commons/commons-lang3/3.17.0/b17d2136f0460dcc0d2016ceefca8723bdf4ee70/commons-lang3-3.17.0.jar to classpath.
[00:31:40] [main/DEBUG] (FabricLoader/Knot) Adding /home/truswo/.gradle/caches/modules-2/files-2.1/org.apache.httpcomponents/httpclient/4.5.14/1194890e6f56ec29177673f2f12d0b8e627dec98/httpclient-4.5.14.jar to classpath.
[00:31:40] [main/DEBUG] (FabricLoader/Knot) Adding /home/truswo/.gradle/caches/modules-2/files-2.1/org.apache.httpcomponents/httpcore/4.4.16/51cf043c87253c9f58b539c9f7e44c8894223850/httpcore-4.4.16.jar to classpath.
[00:31:40] [main/DEBUG] (FabricLoader/Knot) Adding /home/truswo/.gradle/caches/modules-2/files-2.1/org.jcraft/jorbis/0.0.17/8872d22b293e8f5d7d56ff92be966e6dc28ebdc6/jorbis-0.0.17.jar to classpath.
[00:31:40] [main/DEBUG] (FabricLoader/Knot) Adding /home/truswo/.gradle/caches/modules-2/files-2.1/org.joml/joml/1.10.8/fc0a71dad90a2cf41d82a76156a0e700af8e4f8d/joml-1.10.8.jar to classpath.
[00:31:40] [main/DEBUG] (FabricLoader/Knot) Adding /home/truswo/.gradle/caches/modules-2/files-2.1/org.lwjgl/lwjgl-freetype/3.3.3/a0db6c84a8becc8ca05f9dbfa985edc348a824c7/lwjgl-freetype-3.3.3.jar to classpath.
[00:31:40] [main/DEBUG] (FabricLoader/Knot) Adding /home/truswo/.gradle/caches/modules-2/files-2.1/org.lwjgl/lwjgl-freetype/3.3.3/149070a5480900347071b7074779531f25a6e3dc/lwjgl-freetype-3.3.3-natives-linux.jar to classpath.
[00:31:40] [main/DEBUG] (FabricLoader/Knot) Adding /home/truswo/.gradle/caches/modules-2/files-2.1/org.lwjgl/lwjgl-glfw/3.3.3/efa1eb78c5ccd840e9f329717109b5e892d72f8e/lwjgl-glfw-3.3.3.jar to classpath.
[00:31:40] [main/DEBUG] (FabricLoader/Knot) Adding /home/truswo/.gradle/caches/modules-2/files-2.1/org.lwjgl/lwjgl-glfw/3.3.3/a03684c5e4b1b1dbbe0d29dbbdc27b985b6840f2/lwjgl-glfw-3.3.3-natives-linux.jar to classpath.
[00:31:40] [main/DEBUG] (FabricLoader/Knot) Adding /home/truswo/.gradle/caches/modules-2/files-2.1/org.lwjgl/lwjgl-jemalloc/3.3.3/b543467b7ff3c6920539a88ee602d34098628be5/lwjgl-jemalloc-3.3.3.jar to classpath.
[00:31:40] [main/DEBUG] (FabricLoader/Knot) Adding /home/truswo/.gradle/caches/modules-2/files-2.1/org.lwjgl/lwjgl-jemalloc/3.3.3/4f86728bf449b1dd61251c4e0ac01df1389cb51e/lwjgl-jemalloc-3.3.3-natives-linux.jar to classpath.
[00:31:40] [main/DEBUG] (FabricLoader/Knot) Adding /home/truswo/.gradle/caches/modules-2/files-2.1/org.lwjgl/lwjgl-openal/3.3.3/daada81ceb5fc0c291fbfdd4433cb8d9423577f2/lwjgl-openal-3.3.3.jar to classpath.
[00:31:40] [main/DEBUG] (FabricLoader/Knot) Adding /home/truswo/.gradle/caches/modules-2/files-2.1/org.lwjgl/lwjgl-openal/3.3.3/3037360cc4595079bea240af250b6d1a527e0905/lwjgl-openal-3.3.3-natives-linux.jar to classpath.
[00:31:40] [main/DEBUG] (FabricLoader/Knot) Adding /home/truswo/.gradle/caches/modules-2/files-2.1/org.lwjgl/lwjgl-opengl/3.3.3/2f6b0147078396a58979125a4c947664e98293a/lwjgl-opengl-3.3.3.jar to classpath.
[00:31:40] [main/DEBUG] (FabricLoader/Knot) Adding /home/truswo/.gradle/caches/modules-2/files-2.1/org.lwjgl/lwjgl-opengl/3.3.3/62c70a4b00ca5391882b0f4b787c1588d24f1c86/lwjgl-opengl-3.3.3-natives-linux.jar to classpath.
[00:31:40] [main/DEBUG] (FabricLoader/Knot) Adding /home/truswo/.gradle/caches/modules-2/files-2.1/org.lwjgl/lwjgl-stb/3.3.3/25dd6161988d7e65f71d5065c99902402ee32746/lwjgl-stb-3.3.3.jar to classpath.
[00:31:40] [main/DEBUG] (FabricLoader/Knot) Adding /home/truswo/.gradle/caches/modules-2/files-2.1/org.lwjgl/lwjgl-stb/3.3.3/fd1271ccd9d85eff2fa31f3fd543e02ccfaf5041/lwjgl-stb-3.3.3-natives-linux.jar to classpath.
[00:31:40] [main/DEBUG] (FabricLoader/Knot) Adding /home/truswo/.gradle/caches/modules-2/files-2.1/org.lwjgl/lwjgl-tinyfd/3.3.3/82d755ca94b102e9ca77283b9e2dc46d1b15fbe5/lwjgl-tinyfd-3.3.3.jar to classpath.
[00:31:40] [main/DEBUG] (FabricLoader/Knot) Adding /home/truswo/.gradle/caches/modules-2/files-2.1/org.lwjgl/lwjgl-tinyfd/3.3.3/d8d58daa0c3e5fd906fee96f5fddbcbc07cc308b/lwjgl-tinyfd-3.3.3-natives-linux.jar to classpath.
[00:31:40] [main/DEBUG] (FabricLoader/Knot) Adding /home/truswo/.gradle/caches/modules-2/files-2.1/org.lwjgl/lwjgl/3.3.3/29589b5f87ed335a6c7e7ee6a5775f81f97ecb84/lwjgl-3.3.3.jar to classpath.
[00:31:40] [main/DEBUG] (FabricLoader/Knot) Adding /home/truswo/.gradle/caches/modules-2/files-2.1/org.lwjgl/lwjgl/3.3.3/1713758e3660ba66e1e954396fd18126038b33c0/lwjgl-3.3.3-natives-linux.jar to classpath.
[00:31:40] [main/DEBUG] (FabricLoader/Knot) Adding /home/truswo/.gradle/caches/modules-2/files-2.1/org.lz4/lz4-java/1.8.0/4b986a99445e49ea5fbf5d149c4b63f6ed6c6780/lz4-java-1.8.0.jar to classpath.
[00:31:40] [main/DEBUG] (FabricLoader/Knot) Adding /home/truswo/IdeaProjects/accidental-sweeping-edge/.gradle/loom-cache/minecraftMaven/net/minecraft/minecraft-clientOnly-c9d3ddc759/1.21.10-net.fabricmc.yarn.1_21_10.1.21.10+build.3-v2/minecraft-clientOnly-c9d3ddc759-1.21.10-net.fabricmc.yarn.1_21_10.1.21.10+build.3-v2.jar to classpath.
[00:31:40] [main/DEBUG] (FabricLoader/Knot) Adding /home/truswo/IdeaProjects/accidental-sweeping-edge/.gradle/loom-cache/minecraftMaven/net/minecraft/minecraft-common-c9d3ddc759/1.21.10-net.fabricmc.yarn.1_21_10.1.21.10+build.3-v2/minecraft-common-c9d3ddc759-1.21.10-net.fabricmc.yarn.1_21_10.1.21.10+build.3-v2.jar to classpath.
[00:31:40] [main/DEBUG] (FabricLoader/Knot) Adding /home/truswo/IdeaProjects/accidental-sweeping-edge/.gradle/loom-cache/remapped_mods/remapped/net/fabricmc/fabric-api/fabric-transfer-api-v1-1312b3c0-client/6.0.15+79ec2c126f/fabric-transfer-api-v1-1312b3c0-client-6.0.15+79ec2c126f.jar to classpath.
[00:31:40] [main/DEBUG] (FabricLoader/Knot) Adding /home/truswo/IdeaProjects/accidental-sweeping-edge/.gradle/loom-cache/remapped_mods/remapped/net/fabricmc/fabric-api/fabric-command-api-v2-1312b3c0-client/2.4.0+c0ab2d5d6f/fabric-command-api-v2-1312b3c0-client-2.4.0+c0ab2d5d6f.jar to classpath.
[00:31:40] [main/DEBUG] (FabricLoader/Knot) Adding /home/truswo/IdeaProjects/accidental-sweeping-edge/.gradle/loom-cache/remapped_mods/remapped/net/fabricmc/fabric-api/fabric-data-generation-api-v1-1312b3c0-client/23.2.27+d8b85ef16f/fabric-data-generation-api-v1-1312b3c0-client-23.2.27+d8b85ef16f.jar to classpath.
[00:31:40] [main/DEBUG] (FabricLoader/Knot) Adding /home/truswo/IdeaProjects/accidental-sweeping-edge/.gradle/loom-cache/remapped_mods/remapped/net/fabricmc/fabric-api/fabric-data-attachment-api-v1-1312b3c0-client/1.8.33+cd3b9e596f/fabric-data-attachment-api-v1-1312b3c0-client-1.8.33+cd3b9e596f.jar to classpath.
[00:31:40] [main/DEBUG] (FabricLoader/Knot) Adding /home/truswo/IdeaProjects/accidental-sweeping-edge/.gradle/loom-cache/remapped_mods/remapped/net/fabricmc/fabric-api/fabric-events-interaction-v0-1312b3c0-client/4.0.36+5ba217126f/fabric-events-interaction-v0-1312b3c0-client-4.0.36+5ba217126f.jar to classpath.
[00:31:40] [main/DEBUG] (FabricLoader/Knot) Adding /home/truswo/IdeaProjects/accidental-sweeping-edge/.gradle/loom-cache/remapped_mods/remapped/net/fabricmc/fabric-api/fabric-item-api-v1-1312b3c0-client/11.5.11+9bce411b6f/fabric-item-api-v1-1312b3c0-client-11.5.11+9bce411b6f.jar to classpath.
[00:31:40] [main/DEBUG] (FabricLoader/Knot) Adding /home/truswo/IdeaProjects/accidental-sweeping-edge/.gradle/loom-cache/remapped_mods/remapped/net/fabricmc/fabric-api/fabric-item-group-api-v1-1312b3c0-client/4.2.27+86b3ae576f/fabric-item-group-api-v1-1312b3c0-client-4.2.27+86b3ae576f.jar to classpath.
[00:31:40] [main/DEBUG] (FabricLoader/Knot) Adding /home/truswo/IdeaProjects/accidental-sweeping-edge/.gradle/loom-cache/remapped_mods/remapped/net/fabricmc/fabric-api/fabric-recipe-api-v1-1312b3c0-client/8.2.0+39709ef06f/fabric-recipe-api-v1-1312b3c0-client-8.2.0+39709ef06f.jar to classpath.
[00:31:40] [main/DEBUG] (FabricLoader/Knot) Adding /home/truswo/IdeaProjects/accidental-sweeping-edge/.gradle/loom-cache/remapped_mods/remapped/net/fabricmc/fabric-api/fabric-model-loading-api-v1-1312b3c0-client/6.0.5+3ffd6ef06f/fabric-model-loading-api-v1-1312b3c0-client-6.0.5+3ffd6ef06f.jar to classpath.
[00:31:40] [main/DEBUG] (FabricLoader/Knot) Adding /home/truswo/IdeaProjects/accidental-sweeping-edge/.gradle/loom-cache/remapped_mods/remapped/net/fabricmc/fabric-api/fabric-renderer-indigo-1312b3c0-client/4.1.4+9be2a36e6f/fabric-renderer-indigo-1312b3c0-client-4.1.4+9be2a36e6f.jar to classpath.
[00:31:40] [main/DEBUG] (FabricLoader/Knot) Adding /home/truswo/IdeaProjects/accidental-sweeping-edge/.gradle/loom-cache/remapped_mods/remapped/net/fabricmc/fabric-api/fabric-renderer-api-v1-1312b3c0-client/7.2.3+9be2a36e6f/fabric-renderer-api-v1-1312b3c0-client-7.2.3+9be2a36e6f.jar to classpath.
[00:31:40] [main/DEBUG] (FabricLoader/Knot) Adding /home/truswo/IdeaProjects/accidental-sweeping-edge/.gradle/loom-cache/remapped_mods/remapped/net/fabricmc/fabric-api/fabric-rendering-v1-1312b3c0-client/16.2.0+bee81f016f/fabric-rendering-v1-1312b3c0-client-16.2.0+bee81f016f.jar to classpath.
[00:31:40] [main/DEBUG] (FabricLoader/Knot) Adding /home/truswo/IdeaProjects/accidental-sweeping-edge/.gradle/loom-cache/remapped_mods/remapped/net/fabricmc/fabric-api/fabric-lifecycle-events-v1-1312b3c0-client/2.6.9+33df5e6e6f/fabric-lifecycle-events-v1-1312b3c0-client-2.6.9+33df5e6e6f.jar to classpath.
[00:31:40] [main/DEBUG] (FabricLoader/Knot) Adding /home/truswo/IdeaProjects/accidental-sweeping-edge/.gradle/loom-cache/remapped_mods/remapped/net/fabricmc/fabric-api/fabric-message-api-v1-1312b3c0-client/6.1.7+3154c1c86f/fabric-message-api-v1-1312b3c0-client-6.1.7+3154c1c86f.jar to classpath.
[00:31:40] [main/DEBUG] (FabricLoader/Knot) Adding /home/truswo/IdeaProjects/accidental-sweeping-edge/.gradle/loom-cache/remapped_mods/remapped/net/fabricmc/fabric-api/fabric-particles-v1-1312b3c0-client/4.2.3+a0ee59a46f/fabric-particles-v1-1312b3c0-client-4.2.3+a0ee59a46f.jar to classpath.
[00:31:40] [main/DEBUG] (FabricLoader/Knot) Adding /home/truswo/IdeaProjects/accidental-sweeping-edge/.gradle/loom-cache/remapped_mods/remapped/net/fabricmc/fabric-api/fabric-object-builder-api-v1-1312b3c0-client/21.1.28+9bce411b6f/fabric-object-builder-api-v1-1312b3c0-client-21.1.28+9bce411b6f.jar to classpath.
[00:31:40] [main/DEBUG] (FabricLoader/Knot) Adding /home/truswo/IdeaProjects/accidental-sweeping-edge/.gradle/loom-cache/remapped_mods/remapped/net/fabricmc/fabric-api/fabric-screen-handler-api-v1-1312b3c0-client/1.3.151+d17682156f/fabric-screen-handler-api-v1-1312b3c0-client-1.3.151+d17682156f.jar to classpath.
[00:31:40] [main/DEBUG] (FabricLoader/Knot) Adding /home/truswo/IdeaProjects/accidental-sweeping-edge/.gradle/loom-cache/remapped_mods/remapped/net/fabricmc/fabric-api/fabric-registry-sync-v0-1312b3c0-client/6.1.42+679c8c5c6f/fabric-registry-sync-v0-1312b3c0-client-6.1.42+679c8c5c6f.jar to classpath.
[00:31:40] [main/DEBUG] (FabricLoader/Knot) Adding /home/truswo/IdeaProjects/accidental-sweeping-edge/.gradle/loom-cache/remapped_mods/remapped/net/fabricmc/fabric-api/fabric-networking-api-v1-1312b3c0-client/5.1.0+b095d8db6f/fabric-networking-api-v1-1312b3c0-client-5.1.0+b095d8db6f.jar to classpath.
[00:31:40] [main/DEBUG] (FabricLoader/Knot) Adding /home/truswo/IdeaProjects/accidental-sweeping-edge/.gradle/loom-cache/remapped_mods/remapped/net/fabricmc/fabric-api/fabric-rendering-fluids-v1-1312b3c0-client/3.1.38+86b3ae576f/fabric-rendering-fluids-v1-1312b3c0-client-3.1.38+86b3ae576f.jar to classpath.
[00:31:40] [main/DEBUG] (FabricLoader/Knot) Adding /home/truswo/IdeaProjects/accidental-sweeping-edge/.gradle/loom-cache/remapped_mods/remapped/net/fabricmc/fabric-api/fabric-tag-api-v1-1312b3c0-client/1.2.13+2fa446b26f/fabric-tag-api-v1-1312b3c0-client-1.2.13+2fa446b26f.jar to classpath.
[00:31:40] [main/DEBUG] (FabricLoader/Knot) Adding /home/truswo/IdeaProjects/accidental-sweeping-edge/.gradle/loom-cache/remapped_mods/remapped/net/fabricmc/fabric-api/fabric-resource-loader-v0-1312b3c0-client/3.3.1+d4d4122a6f/fabric-resource-loader-v0-1312b3c0-client-3.3.1+d4d4122a6f.jar to classpath.
[00:31:40] [main/DEBUG] (FabricLoader/Knot) Adding /home/truswo/IdeaProjects/accidental-sweeping-edge/.gradle/loom-cache/remapped_mods/remapped/net/fabricmc/fabric-api/fabric-resource-loader-v1-1312b3c0-client/1.0.4+14959b836f/fabric-resource-loader-v1-1312b3c0-client-1.0.4+14959b836f.jar to classpath.
[00:31:40] [main/DEBUG] (FabricLoader/Knot) Adding /home/truswo/IdeaProjects/accidental-sweeping-edge/.gradle/loom-cache/remapped_mods/remapped/net/fabricmc/fabric-api/fabric-screen-api-v1-1312b3c0-client/3.1.0+9c82a7986f/fabric-screen-api-v1-1312b3c0-client-3.1.0+9c82a7986f.jar to classpath.
[00:31:40] [main/DEBUG] (FabricLoader/Knot) Adding /home/truswo/IdeaProjects/accidental-sweeping-edge/.gradle/loom-cache/remapped_mods/remapped/net/fabricmc/fabric-api/fabric-block-view-api-v2-1312b3c0-client/1.0.34+e4fd1b926f/fabric-block-view-api-v2-1312b3c0-client-1.0.34+e4fd1b926f.jar to classpath.
[00:31:40] [main/DEBUG] (FabricLoader/Knot) Adding /home/truswo/IdeaProjects/accidental-sweeping-edge/.gradle/loom-cache/remapped_mods/remapped/net/fabricmc/fabric-api/fabric-client-gametest-api-v1-1312b3c0-client/4.2.13+14b92d896f/fabric-client-gametest-api-v1-1312b3c0-client-4.2.13+14b92d896f.jar to classpath.
[00:31:40] [main/DEBUG] (FabricLoader/Knot) Adding /home/truswo/IdeaProjects/accidental-sweeping-edge/.gradle/loom-cache/remapped_mods/remapped/net/fabricmc/fabric-api/fabric-game-rule-api-v1-1312b3c0-client/1.1.1+e47eaae56f/fabric-game-rule-api-v1-1312b3c0-client-1.1.1+e47eaae56f.jar to classpath.
[00:31:40] [main/DEBUG] (FabricLoader/Knot) Adding /home/truswo/IdeaProjects/accidental-sweeping-edge/.gradle/loom-cache/remapped_mods/remapped/net/fabricmc/fabric-api/fabric-key-binding-api-v1-1312b3c0-client/1.1.1+b3ba9c486f/fabric-key-binding-api-v1-1312b3c0-client-1.1.1+b3ba9c486f.jar to classpath.
[00:31:40] [main/DEBUG] (FabricLoader/Knot) Adding /home/truswo/IdeaProjects/accidental-sweeping-edge/.gradle/loom-cache/remapped_mods/remapped/net/fabricmc/fabric-api/fabric-sound-api-v1-1312b3c0-client/1.0.45+328a75ba6f/fabric-sound-api-v1-1312b3c0-client-1.0.45+328a75ba6f.jar to classpath.
[00:31:40] [main/DEBUG] (FabricLoader/Knot) Adding /home/truswo/.gradle/caches/modules-2/files-2.1/blue.endless/jankson/1.2.0/3a596049034f2952c0b2d40ca41f9b98856d5fb4/jankson-1.2.0.jar to classpath.
[00:31:40] [main/DEBUG] (FabricLoader/Knot) Adding /home/truswo/.gradle/caches/modules-2/files-2.1/com.moandjiezana.toml/toml4j/0.7.2/a03337911d0bd2c40932aca3946edb30d0e7d0c/toml4j-0.7.2.jar to classpath.
[00:31:40] [main/DEBUG] (FabricLoader/Knot) Adding /home/truswo/.gradle/caches/modules-2/files-2.1/org.yaml/snakeyaml/1.27/359d62567480b07a679dc643f82fc926b100eed5/snakeyaml-1.27.jar to classpath.
[00:31:40] [main/DEBUG] (FabricLoader/Knot) Adding /home/truswo/IdeaProjects/accidental-sweeping-edge/.gradle/loom-cache/remapped_mods/remapped/net/fabricmc/fabric-api/fabric-api-1312b3c0-common/0.138.4+1.21.10/fabric-api-1312b3c0-common-0.138.4+1.21.10.jar to classpath.
[00:31:40] [main/DEBUG] (FabricLoader/Knot) Adding /home/truswo/IdeaProjects/accidental-sweeping-edge/.gradle/loom-cache/remapped_mods/remapped/net/fabricmc/fabric-api/fabric-transfer-api-v1-1312b3c0-common/6.0.15+79ec2c126f/fabric-transfer-api-v1-1312b3c0-common-6.0.15+79ec2c126f.jar to classpath.
[00:31:40] [main/DEBUG] (FabricLoader/Knot) Adding /home/truswo/IdeaProjects/accidental-sweeping-edge/.gradle/loom-cache/remapped_mods/remapped/net/fabricmc/fabric-api/fabric-api-lookup-api-v1-1312b3c0-common/1.6.106+d17682156f/fabric-api-lookup-api-v1-1312b3c0-common-1.6.106+d17682156f.jar to classpath.
[00:31:40] [main/DEBUG] (FabricLoader/Knot) Adding /home/truswo/IdeaProjects/accidental-sweeping-edge/.gradle/loom-cache/remapped_mods/remapped/net/fabricmc/fabric-api/fabric-command-api-v2-1312b3c0-common/2.4.0+c0ab2d5d6f/fabric-command-api-v2-1312b3c0-common-2.4.0+c0ab2d5d6f.jar to classpath.
[00:31:40] [main/DEBUG] (FabricLoader/Knot) Adding /home/truswo/IdeaProjects/accidental-sweeping-edge/.gradle/loom-cache/remapped_mods/remapped/net/fabricmc/fabric-api/fabric-content-registries-v0-1312b3c0-common/10.2.6+b6a242646f/fabric-content-registries-v0-1312b3c0-common-10.2.6+b6a242646f.jar to classpath.
[00:31:40] [main/DEBUG] (FabricLoader/Knot) Adding /home/truswo/IdeaProjects/accidental-sweeping-edge/.gradle/loom-cache/remapped_mods/remapped/net/fabricmc/fabric-api/fabric-data-generation-api-v1-1312b3c0-common/23.2.27+d8b85ef16f/fabric-data-generation-api-v1-1312b3c0-common-23.2.27+d8b85ef16f.jar to classpath.
[00:31:40] [main/DEBUG] (FabricLoader/Knot) Adding /home/truswo/IdeaProjects/accidental-sweeping-edge/.gradle/loom-cache/remapped_mods/remapped/net/fabricmc/fabric-api/fabric-convention-tags-v1-1312b3c0-common/2.1.49+7f945d5b6f/fabric-convention-tags-v1-1312b3c0-common-2.1.49+7f945d5b6f.jar to classpath.
[00:31:40] [main/DEBUG] (FabricLoader/Knot) Adding /home/truswo/IdeaProjects/accidental-sweeping-edge/.gradle/loom-cache/remapped_mods/remapped/net/fabricmc/fabric-api/fabric-convention-tags-v2-1312b3c0-common/2.17.0+ff7bc77d6f/fabric-convention-tags-v2-1312b3c0-common-2.17.0+ff7bc77d6f.jar to classpath.
[00:31:40] [main/DEBUG] (FabricLoader/Knot) Adding /home/truswo/IdeaProjects/accidental-sweeping-edge/.gradle/loom-cache/remapped_mods/remapped/net/fabricmc/fabric-api/fabric-data-attachment-api-v1-1312b3c0-common/1.8.33+cd3b9e596f/fabric-data-attachment-api-v1-1312b3c0-common-1.8.33+cd3b9e596f.jar to classpath.
[00:31:40] [main/DEBUG] (FabricLoader/Knot) Adding /home/truswo/IdeaProjects/accidental-sweeping-edge/.gradle/loom-cache/remapped_mods/remapped/net/fabricmc/fabric-api/fabric-entity-events-v1-1312b3c0-common/2.1.13+fde3702c6f/fabric-entity-events-v1-1312b3c0-common-2.1.13+fde3702c6f.jar to classpath.
[00:31:40] [main/DEBUG] (FabricLoader/Knot) Adding /home/truswo/IdeaProjects/accidental-sweeping-edge/.gradle/loom-cache/remapped_mods/remapped/net/fabricmc/fabric-api/fabric-events-interaction-v0-1312b3c0-common/4.0.36+5ba217126f/fabric-events-interaction-v0-1312b3c0-common-4.0.36+5ba217126f.jar to classpath.
[00:31:40] [main/DEBUG] (FabricLoader/Knot) Adding /home/truswo/IdeaProjects/accidental-sweeping-edge/.gradle/loom-cache/remapped_mods/remapped/net/fabricmc/fabric-api/fabric-gametest-api-v1-1312b3c0-common/3.1.21+33df5e6e6f/fabric-gametest-api-v1-1312b3c0-common-3.1.21+33df5e6e6f.jar to classpath.
[00:31:40] [main/DEBUG] (FabricLoader/Knot) Adding /home/truswo/IdeaProjects/accidental-sweeping-edge/.gradle/loom-cache/remapped_mods/remapped/net/fabricmc/fabric-api/fabric-item-api-v1-1312b3c0-common/11.5.11+9bce411b6f/fabric-item-api-v1-1312b3c0-common-11.5.11+9bce411b6f.jar to classpath.
[00:31:40] [main/DEBUG] (FabricLoader/Knot) Adding /home/truswo/IdeaProjects/accidental-sweeping-edge/.gradle/loom-cache/remapped_mods/remapped/net/fabricmc/fabric-api/fabric-item-group-api-v1-1312b3c0-common/4.2.27+86b3ae576f/fabric-item-group-api-v1-1312b3c0-common-4.2.27+86b3ae576f.jar to classpath.
[00:31:40] [main/DEBUG] (FabricLoader/Knot) Adding /home/truswo/IdeaProjects/accidental-sweeping-edge/.gradle/loom-cache/remapped_mods/remapped/net/fabricmc/fabric-api/fabric-recipe-api-v1-1312b3c0-common/8.2.0+39709ef06f/fabric-recipe-api-v1-1312b3c0-common-8.2.0+39709ef06f.jar to classpath.
[00:31:40] [main/DEBUG] (FabricLoader/Knot) Adding /home/truswo/IdeaProjects/accidental-sweeping-edge/.gradle/loom-cache/remapped_mods/remapped/net/fabricmc/fabric-api/fabric-lifecycle-events-v1-1312b3c0-common/2.6.9+33df5e6e6f/fabric-lifecycle-events-v1-1312b3c0-common-2.6.9+33df5e6e6f.jar to classpath.
[00:31:40] [main/DEBUG] (FabricLoader/Knot) Adding /home/truswo/IdeaProjects/accidental-sweeping-edge/.gradle/loom-cache/remapped_mods/remapped/net/fabricmc/fabric-api/fabric-loot-api-v2-1312b3c0-common/3.0.67+3f89f5a56f/fabric-loot-api-v2-1312b3c0-common-3.0.67+3f89f5a56f.jar to classpath.
[00:31:40] [main/DEBUG] (FabricLoader/Knot) Adding /home/truswo/IdeaProjects/accidental-sweeping-edge/.gradle/loom-cache/remapped_mods/remapped/net/fabricmc/fabric-api/fabric-loot-api-v3-1312b3c0-common/2.0.14+d17682156f/fabric-loot-api-v3-1312b3c0-common-2.0.14+d17682156f.jar to classpath.
[00:31:40] [main/DEBUG] (FabricLoader/Knot) Adding /home/truswo/IdeaProjects/accidental-sweeping-edge/.gradle/loom-cache/remapped_mods/remapped/net/fabricmc/fabric-api/fabric-message-api-v1-1312b3c0-common/6.1.7+3154c1c86f/fabric-message-api-v1-1312b3c0-common-6.1.7+3154c1c86f.jar to classpath.
[00:31:40] [main/DEBUG] (FabricLoader/Knot) Adding /home/truswo/IdeaProjects/accidental-sweeping-edge/.gradle/loom-cache/remapped_mods/remapped/net/fabricmc/fabric-api/fabric-particles-v1-1312b3c0-common/4.2.3+a0ee59a46f/fabric-particles-v1-1312b3c0-common-4.2.3+a0ee59a46f.jar to classpath.
[00:31:40] [main/DEBUG] (FabricLoader/Knot) Adding /home/truswo/IdeaProjects/accidental-sweeping-edge/.gradle/loom-cache/remapped_mods/remapped/net/fabricmc/fabric-api/fabric-object-builder-api-v1-1312b3c0-common/21.1.28+9bce411b6f/fabric-object-builder-api-v1-1312b3c0-common-21.1.28+9bce411b6f.jar to classpath.
[00:31:40] [main/DEBUG] (FabricLoader/Knot) Adding /home/truswo/IdeaProjects/accidental-sweeping-edge/.gradle/loom-cache/remapped_mods/remapped/net/fabricmc/fabric-api/fabric-screen-handler-api-v1-1312b3c0-common/1.3.151+d17682156f/fabric-screen-handler-api-v1-1312b3c0-common-1.3.151+d17682156f.jar to classpath.
[00:31:40] [main/DEBUG] (FabricLoader/Knot) Adding /home/truswo/IdeaProjects/accidental-sweeping-edge/.gradle/loom-cache/remapped_mods/remapped/net/fabricmc/fabric-api/fabric-registry-sync-v0-1312b3c0-common/6.1.42+679c8c5c6f/fabric-registry-sync-v0-1312b3c0-common-6.1.42+679c8c5c6f.jar to classpath.
[00:31:40] [main/DEBUG] (FabricLoader/Knot) Adding /home/truswo/IdeaProjects/accidental-sweeping-edge/.gradle/loom-cache/remapped_mods/remapped/net/fabricmc/fabric-api/fabric-networking-api-v1-1312b3c0-common/5.1.0+b095d8db6f/fabric-networking-api-v1-1312b3c0-common-5.1.0+b095d8db6f.jar to classpath.
[00:31:40] [main/DEBUG] (FabricLoader/Knot) Adding /home/truswo/IdeaProjects/accidental-sweeping-edge/.gradle/loom-cache/remapped_mods/remapped/net/fabricmc/fabric-api/fabric-rendering-fluids-v1-1312b3c0-common/3.1.38+86b3ae576f/fabric-rendering-fluids-v1-1312b3c0-common-3.1.38+86b3ae576f.jar to classpath.
[00:31:40] [main/DEBUG] (FabricLoader/Knot) Adding /home/truswo/IdeaProjects/accidental-sweeping-edge/.gradle/loom-cache/remapped_mods/remapped/net/fabricmc/fabric-api/fabric-tag-api-v1-1312b3c0-common/1.2.13+2fa446b26f/fabric-tag-api-v1-1312b3c0-common-1.2.13+2fa446b26f.jar to classpath.
[00:31:40] [main/DEBUG] (FabricLoader/Knot) Adding /home/truswo/IdeaProjects/accidental-sweeping-edge/.gradle/loom-cache/remapped_mods/remapped/net/fabricmc/fabric-api/fabric-resource-loader-v0-1312b3c0-common/3.3.1+d4d4122a6f/fabric-resource-loader-v0-1312b3c0-common-3.3.1+d4d4122a6f.jar to classpath.
[00:31:40] [main/DEBUG] (FabricLoader/Knot) Adding /home/truswo/IdeaProjects/accidental-sweeping-edge/.gradle/loom-cache/remapped_mods/remapped/net/fabricmc/fabric-api/fabric-resource-loader-v1-1312b3c0-common/1.0.4+14959b836f/fabric-resource-loader-v1-1312b3c0-common-1.0.4+14959b836f.jar to classpath.
[00:31:40] [main/DEBUG] (FabricLoader/Knot) Adding /home/truswo/IdeaProjects/accidental-sweeping-edge/.gradle/loom-cache/remapped_mods/remapped/net/fabricmc/fabric-api/fabric-api-base-1312b3c0-common/1.0.0+14b92d896f/fabric-api-base-1312b3c0-common-1.0.0+14b92d896f.jar to classpath.
[00:31:40] [main/DEBUG] (FabricLoader/Knot) Adding /home/truswo/IdeaProjects/accidental-sweeping-edge/.gradle/loom-cache/remapped_mods/remapped/net/fabricmc/fabric-api/fabric-biome-api-v1-1312b3c0-common/16.1.0+c2417d4f6f/fabric-biome-api-v1-1312b3c0-common-16.1.0+c2417d4f6f.jar to classpath.
[00:31:40] [main/DEBUG] (FabricLoader/Knot) Adding /home/truswo/IdeaProjects/accidental-sweeping-edge/.gradle/loom-cache/remapped_mods/remapped/net/fabricmc/fabric-api/fabric-block-api-v1-1312b3c0-common/1.1.5+d17682156f/fabric-block-api-v1-1312b3c0-common-1.1.5+d17682156f.jar to classpath.
[00:31:40] [main/DEBUG] (FabricLoader/Knot) Adding /home/truswo/IdeaProjects/accidental-sweeping-edge/.gradle/loom-cache/remapped_mods/remapped/net/fabricmc/fabric-api/fabric-block-view-api-v2-1312b3c0-common/1.0.34+e4fd1b926f/fabric-block-view-api-v2-1312b3c0-common-1.0.34+e4fd1b926f.jar to classpath.
[00:31:40] [main/DEBUG] (FabricLoader/Knot) Adding /home/truswo/IdeaProjects/accidental-sweeping-edge/.gradle/loom-cache/remapped_mods/remapped/net/fabricmc/fabric-api/fabric-crash-report-info-v1-1312b3c0-common/0.3.18+33df5e6e6f/fabric-crash-report-info-v1-1312b3c0-common-0.3.18+33df5e6e6f.jar to classpath.
[00:31:40] [main/DEBUG] (FabricLoader/Knot) Adding /home/truswo/IdeaProjects/accidental-sweeping-edge/.gradle/loom-cache/remapped_mods/remapped/net/fabricmc/fabric-api/fabric-dimensions-v1-1312b3c0-common/4.0.22+38b9cc196f/fabric-dimensions-v1-1312b3c0-common-4.0.22+38b9cc196f.jar to classpath.
[00:31:40] [main/DEBUG] (FabricLoader/Knot) Adding /home/truswo/IdeaProjects/accidental-sweeping-edge/.gradle/loom-cache/remapped_mods/remapped/net/fabricmc/fabric-api/fabric-game-rule-api-v1-1312b3c0-common/1.1.1+e47eaae56f/fabric-game-rule-api-v1-1312b3c0-common-1.1.1+e47eaae56f.jar to classpath.
[00:31:40] [main/DEBUG] (FabricLoader/Knot) Adding /home/truswo/IdeaProjects/accidental-sweeping-edge/.gradle/loom-cache/remapped_mods/remapped/net/fabricmc/fabric-api/fabric-resource-conditions-api-v1-1312b3c0-common/5.0.28+33df5e6e6f/fabric-resource-conditions-api-v1-1312b3c0-common-5.0.28+33df5e6e6f.jar to classpath.
[00:31:40] [main/DEBUG] (FabricLoader/Knot) Adding /home/truswo/IdeaProjects/accidental-sweeping-edge/.gradle/loom-cache/remapped_mods/remapped/net/fabricmc/fabric-api/fabric-serialization-api-v1-1312b3c0-common/1.0.0+d857c9766f/fabric-serialization-api-v1-1312b3c0-common-1.0.0+d857c9766f.jar to classpath.
[00:31:40] [main/DEBUG] (FabricLoader/Knot) Adding /home/truswo/IdeaProjects/accidental-sweeping-edge/.gradle/loom-cache/remapped_mods/remapped/net/fabricmc/fabric-api/fabric-transitive-access-wideners-v1-1312b3c0-common/6.5.3+41eb43436f/fabric-transitive-access-wideners-v1-1312b3c0-common-6.5.3+41eb43436f.jar to classpath.
[00:31:40] [main/DEBUG] (FabricLoader/Knot) Adding /home/truswo/IdeaProjects/accidental-sweeping-edge/.gradle/loom-cache/remapped_mods/remapped/me/shedaniel/cloth/cloth-config-fabric-1312b3c0/20.0.149/cloth-config-fabric-1312b3c0-20.0.149-fabric.jar to classpath.
[00:31:40] [main/DEBUG] (FabricLoader/Knot) Adding /home/truswo/IdeaProjects/accidental-sweeping-edge/.gradle/loom-cache/remapped_mods/remapped/me/shedaniel/cloth/basic-math-1312b3c0/0.6.1/basic-math-1312b3c0-0.6.1.jar to classpath.
[00:31:40] [main/DEBUG] (FabricLoader/Knot) Adding /home/truswo/IdeaProjects/accidental-sweeping-edge/build/classes/java/main to classpath.
[00:31:40] [main/DEBUG] (FabricLoader/Knot) Adding /home/truswo/IdeaProjects/accidental-sweeping-edge/build/resources/main to classpath.
[00:31:40] [main/DEBUG] (FabricLoader/Entrypoint) Iterating over entrypoint 'preLaunch'
[00:31:40] [main/DEBUG] (FabricLoader/Mixin) Preparing mixins for MixinEnvironment[DEFAULT]
[00:31:40] [main/DEBUG] (FabricLoader/Mixin) Selecting config fabric-transfer-api-v1.mixins.json
[00:31:40] [main/DEBUG] (FabricLoader/Mixin) Selecting config fabric-key-binding-api-v1.mixins.json
[00:31:40] [main/DEBUG] (FabricLoader/Mixin) Selecting config mixinextras.init.mixins.json
[00:31:40] [main/DEBUG] (FabricLoader/MixinExtras|Service) com.llamalad7.mixinextras.service.MixinExtrasServiceImpl(version=0.5.0) is taking over from null
[00:31:40] [main/DEBUG] (FabricLoader/Mixin) Registering new injector for @Inject with org.spongepowered.asm.mixin.injection.struct.CallbackInjectionInfo
[00:31:40] [main/DEBUG] (FabricLoader/Mixin) Registering new injector for @ModifyArg with org.spongepowered.asm.mixin.injection.struct.ModifyArgInjectionInfo
[00:31:40] [main/DEBUG] (FabricLoader/Mixin) Registering new injector for @ModifyArgs with org.spongepowered.asm.mixin.injection.struct.ModifyArgsInjectionInfo
[00:31:40] [main/DEBUG] (FabricLoader/Mixin) Registering new injector for @Redirect with org.spongepowered.asm.mixin.injection.struct.RedirectInjectionInfo
[00:31:40] [main/DEBUG] (FabricLoader/Mixin) Registering new injector for @ModifyVariable with org.spongepowered.asm.mixin.injection.struct.ModifyVariableInjectionInfo
[00:31:40] [main/DEBUG] (FabricLoader/Mixin) Registering new injector for @ModifyConstant with org.spongepowered.asm.mixin.injection.struct.ModifyConstantInjectionInfo
[00:31:40] [main/DEBUG] (FabricLoader/Mixin) Selecting config fabric-resource-loader-v1.mixins.json
[00:31:40] [main/DEBUG] (FabricLoader/Mixin) Selecting config fabric-resource-loader-v1.client.mixins.json
[00:31:40] [main/DEBUG] (FabricLoader/Mixin) Selecting config mixins.modmenu.json
[00:31:40] [main/DEBUG] (FabricLoader/Mixin) Remapping refMap modmenu-refmap.json using remapper chain
[00:31:40] [main/DEBUG] (FabricLoader/Mixin) Selecting config fabric-particles-v1.mixins.json
[00:31:40] [main/DEBUG] (FabricLoader/Mixin) Selecting config fabric-particles-v1.client.mixins.json
[00:31:40] [main/DEBUG] (FabricLoader/Mixin) Selecting config fabric-client-gametest-api-v1.mixins.json
[00:31:40] [main/DEBUG] (FabricLoader/Mixin) Selecting config fabric-command-api-v2.mixins.json
[00:31:40] [main/DEBUG] (FabricLoader/Mixin) Selecting config fabric-command-api-v2.client.mixins.json
[00:31:40] [main/DEBUG] (FabricLoader/Mixin) Selecting config fabric-content-registries-v0.mixins.json
[00:31:40] [main/DEBUG] (FabricLoader/Mixin) Selecting config accidental-sweep.mixins.json
[00:31:40] [main/DEBUG] (FabricLoader/Mixin) Selecting config accidental-sweep.client.mixins.json
[00:31:40] [main/DEBUG] (FabricLoader/Mixin) Selecting config fabric-resource-loader-v0.mixins.json
[00:31:40] [main/DEBUG] (FabricLoader/Mixin) Selecting config fabric-resource-loader-v0.client.mixins.json
[00:31:40] [main/DEBUG] (FabricLoader/Mixin) Selecting config fabric-data-attachment-api-v1.mixins.json
[00:31:40] [main/DEBUG] (FabricLoader/Mixin) Selecting config fabric-data-attachment-api-v1.client.mixins.json
[00:31:40] [main/DEBUG] (FabricLoader/Mixin) Selecting config fabric-networking-api-v1.mixins.json
[00:31:40] [main/DEBUG] (FabricLoader/Mixin) Selecting config fabric-networking-api-v1.client.mixins.json
[00:31:40] [main/DEBUG] (FabricLoader/Mixin) Selecting config fabric-block-api-v1.mixins.json
[00:31:40] [main/DEBUG] (FabricLoader/Mixin) Selecting config fabric-item-group-api-v1.mixins.json
[00:31:40] [main/DEBUG] (FabricLoader/Mixin) Selecting config fabric-item-group-api-v1.client.mixins.json
[00:31:40] [main/DEBUG] (FabricLoader/Mixin) Selecting config fabric-api-lookup-api-v1.mixins.json
[00:31:40] [main/DEBUG] (FabricLoader/Mixin) Selecting config fabric-biome-api-v1.mixins.json
[00:31:40] [main/DEBUG] (FabricLoader/Mixin) Selecting config fabric-loot-api-v3.mixins.json
[00:31:40] [main/DEBUG] (FabricLoader/Mixin) Selecting config fabric-rendering-fluids-v1.mixins.json
[00:31:40] [main/DEBUG] (FabricLoader/Mixin) Selecting config fabric-rendering-v1.mixins.json
[00:31:40] [main/DEBUG] (FabricLoader/Mixin) Selecting config fabric-message-api-v1.mixins.json
[00:31:40] [main/DEBUG] (FabricLoader/Mixin) Selecting config fabric-message-api-v1.client.mixins.json
[00:31:40] [main/DEBUG] (FabricLoader/Mixin) Selecting config sodium-common.mixins.json
[00:31:40] [main/DEBUG] (Sodium) Loaded net.caffeinemc.mods.sodium.fabric.FabricMixinOverrides@6021000 for service interface net.caffeinemc.mods.sodium.client.services.PlatformMixinOverrides
[00:31:40] [main/DEBUG] (Sodium) Loaded net.caffeinemc.mods.sodium.fabric.FabricRuntimeInformation@24ab807e for service interface net.caffeinemc.mods.sodium.client.services.PlatformRuntimeInformation
[00:31:40] [main/INFO] (Sodium) Loaded configuration file for Sodium: 42 options available, 0 override(s) found
[00:31:40] [main/DEBUG] (FabricLoader/Mixin) Selecting config sodium-fabric.mixins.json
[00:31:40] [main/DEBUG] (FabricLoader/Mixin) Selecting config fabric-dimensions-v1.mixins.json
[00:31:40] [main/DEBUG] (FabricLoader/Mixin) Selecting config fabric-model-loading-api-v1.mixins.json
[00:31:40] [main/DEBUG] (FabricLoader/Mixin) Selecting config fabric-screen-handler-api-v1.mixins.json
[00:31:40] [main/DEBUG] (FabricLoader/Mixin) Selecting config fabric-recipe-api-v1.mixins.json
[00:31:40] [main/DEBUG] (FabricLoader/Mixin) Selecting config fabric-recipe-api-v1.client.mixins.json
[00:31:40] [main/DEBUG] (FabricLoader/Mixin) Selecting config fabric-screen-api-v1.mixins.json
[00:31:40] [main/DEBUG] (FabricLoader/Mixin) Selecting config fabric-item-api-v1.mixins.json
[00:31:40] [main/DEBUG] (FabricLoader/Mixin) Selecting config fabric-item-api-v1.client.mixins.json
[00:31:40] [main/DEBUG] (FabricLoader/Mixin) Selecting config fabric-serialization-api-v1.mixins.json
[00:31:40] [main/DEBUG] (FabricLoader/Mixin) Selecting config fabric-resource-conditions-api-v1.mixins.json
[00:31:40] [main/DEBUG] (FabricLoader/Mixin) Selecting config fabric-convention-tags-api-v2.mixins.json
[00:31:40] [main/DEBUG] (FabricLoader/Mixin) Selecting config fabric-game-rule-api-v1.mixins.json
[00:31:40] [main/DEBUG] (FabricLoader/Mixin) Selecting config fabric-game-rule-api-v1.client.mixins.json
[00:31:40] [main/DEBUG] (FabricLoader/Mixin) Selecting config fabric-entity-events-v1.mixins.json
[00:31:40] [main/DEBUG] (FabricLoader/Mixin) Selecting config fabric-events-interaction-v0.mixins.json
[00:31:40] [main/DEBUG] (FabricLoader/Mixin) Selecting config fabric-events-interaction-v0.client.mixins.json
[00:31:40] [main/DEBUG] (FabricLoader/Mixin) Selecting config fabric-lifecycle-events-v1.mixins.json
[00:31:40] [main/DEBUG] (FabricLoader/Mixin) Selecting config fabric-lifecycle-events-v1.client.mixins.json
[00:31:40] [main/DEBUG] (FabricLoader/Mixin) Selecting config fabric-crash-report-info-v1.mixins.json
[00:31:40] [main/DEBUG] (FabricLoader/Mixin) Selecting config fabric-registry-sync-v0.mixins.json
[00:31:40] [main/DEBUG] (FabricLoader/Mixin) Selecting config fabric-registry-sync-v0.client.mixins.json
[00:31:40] [main/DEBUG] (FabricLoader/Mixin) Selecting config jade.mixins.json
[00:31:40] [main/DEBUG] (FabricLoader/Mixin) Remapping refMap jade.refmap.json using remapper chain
[00:31:40] [main/DEBUG] (FabricLoader/Mixin) Selecting config fabric-data-generation-api-v1.mixins.json
[00:31:40] [main/DEBUG] (FabricLoader/Mixin) Selecting config fabric-data-generation-api-v1.client.mixins.json
[00:31:40] [main/DEBUG] (FabricLoader/Mixin) Selecting config fabric-loot-api-v2.mixins.json
[00:31:40] [main/DEBUG] (FabricLoader/Mixin) Selecting config fabric-gametest-api-v1.mixins.json
[00:31:40] [main/DEBUG] (FabricLoader/Mixin) Selecting config fabric-renderer-indigo.mixins.json
[00:31:40] [main/DEBUG] (FabricLoader/Mixin) Selecting config fabric-renderer-api-v1.mixins.json
[00:31:40] [main/DEBUG] (FabricLoader/Mixin) Selecting config fabric-sound-api-v1.mixins.json
[00:31:40] [main/DEBUG] (FabricLoader/Mixin) Selecting config fabric-tag-api-v1.mixins.json
[00:31:40] [main/DEBUG] (FabricLoader/Mixin) Selecting config fabric-object-builder-v1.mixins.json
[00:31:40] [main/DEBUG] (FabricLoader/Mixin) Selecting config fabric-object-builder-v1.client.mixins.json
[00:31:40] [main/DEBUG] (FabricLoader/Mixin) Selecting config fabric-block-view-api-v2.mixins.json
[00:31:40] [main/DEBUG] (FabricLoader/Mixin) Selecting config fabric-block-view-api-v2.client.mixins.json
[00:31:40] [main/DEBUG] (FabricLoader/Mixin) Preparing fabric-transfer-api-v1.mixins.json (17)
[00:31:40] [main/DEBUG] (FabricLoader/Mixin) Preparing fabric-key-binding-api-v1.mixins.json (3)
[00:31:40] [main/DEBUG] (FabricLoader/Mixin) Preparing mixinextras.init.mixins.json (0)
[00:31:40] [main/DEBUG] (FabricLoader/Mixin) Preparing fabric-resource-loader-v1.mixins.json (5)
[00:31:40] [main/DEBUG] (FabricLoader/Mixin) Preparing fabric-resource-loader-v1.client.mixins.json (1)
[00:31:40] [main/DEBUG] (FabricLoader/Mixin) Preparing mixins.modmenu.json (4)
[00:31:40] [main/DEBUG] (FabricLoader/Mixin) Preparing fabric-particles-v1.mixins.json (8)
[00:31:40] [main/DEBUG] (FabricLoader/Mixin) Preparing fabric-particles-v1.client.mixins.json (4)
[00:31:40] [main/DEBUG] (FabricLoader/Mixin) Preparing fabric-client-gametest-api-v1.mixins.json (25)
[00:31:40] [main/DEBUG] (FabricLoader/Mixin) Preparing fabric-command-api-v2.mixins.json (6)
[00:31:40] [main/DEBUG] (FabricLoader/Mixin) Preparing fabric-command-api-v2.client.mixins.json (2)
[00:31:40] [main/DEBUG] (FabricLoader/Mixin) Preparing fabric-content-registries-v0.mixins.json (18)
[00:31:40] [main/DEBUG] (FabricLoader/Mixin) Preparing accidental-sweep.mixins.json (1)
[00:31:40] [main/DEBUG] (FabricLoader/Mixin) Preparing accidental-sweep.client.mixins.json (0)
[00:31:40] [main/DEBUG] (FabricLoader/Mixin) Preparing fabric-resource-loader-v0.mixins.json (11)
[00:31:40] [main/DEBUG] (FabricLoader/Mixin) Preparing fabric-resource-loader-v0.client.mixins.json (6)
[00:31:40] [main/DEBUG] (FabricLoader/Mixin) Preparing fabric-data-attachment-api-v1.mixins.json (14)
[00:31:40] [main/DEBUG] (FabricLoader/Mixin) Preparing fabric-data-attachment-api-v1.client.mixins.json (1)
[00:31:40] [main/DEBUG] (FabricLoader/Mixin) Preparing fabric-networking-api-v1.mixins.json (24)
[00:31:40] [main/DEBUG] (FabricLoader/Mixin) Preparing fabric-networking-api-v1.client.mixins.json (9)
[00:31:40] [main/DEBUG] (FabricLoader/Mixin) Preparing fabric-block-api-v1.mixins.json (5)
[00:31:40] [main/DEBUG] (FabricLoader/Mixin) Preparing fabric-item-group-api-v1.mixins.json (3)
[00:31:40] [main/DEBUG] (FabricLoader/Mixin) Preparing fabric-item-group-api-v1.client.mixins.json (1)
[00:31:40] [main/DEBUG] (FabricLoader/Mixin) Preparing fabric-api-lookup-api-v1.mixins.json (2)
[00:31:40] [main/DEBUG] (FabricLoader/Mixin) Preparing fabric-biome-api-v1.mixins.json (9)
[00:31:40] [main/DEBUG] (FabricLoader/Mixin) Preparing fabric-loot-api-v3.mixins.json (8)
[00:31:40] [main/DEBUG] (FabricLoader/Mixin) Preparing fabric-rendering-fluids-v1.mixins.json (1)
[00:31:40] [main/DEBUG] (FabricLoader/Mixin) Preparing fabric-rendering-v1.mixins.json (38)
[00:31:40] [main/DEBUG] (FabricLoader/Mixin) Preparing fabric-message-api-v1.mixins.json (2)
[00:31:40] [main/DEBUG] (FabricLoader/Mixin) Preparing fabric-message-api-v1.client.mixins.json (2)
[00:31:40] [main/DEBUG] (FabricLoader/Mixin) Preparing sodium-common.mixins.json (93)
[00:31:40] [main/DEBUG] (FabricLoader/Mixin) Preparing sodium-fabric.mixins.json (4)
[00:31:40] [main/DEBUG] (FabricLoader/Mixin) Preparing fabric-dimensions-v1.mixins.json (4)
[00:31:40] [main/DEBUG] (FabricLoader/Mixin) Preparing fabric-model-loading-api-v1.mixins.json (6)
[00:31:40] [main/DEBUG] (FabricLoader/Mixin) Preparing fabric-screen-handler-api-v1.mixins.json (2)
[00:31:40] [main/DEBUG] (FabricLoader/Mixin) Preparing fabric-recipe-api-v1.mixins.json (10)
[00:31:40] [main/DEBUG] (FabricLoader/Mixin) Preparing fabric-recipe-api-v1.client.mixins.json (4)
[00:31:40] [main/DEBUG] (FabricLoader/Mixin) Preparing fabric-screen-api-v1.mixins.json (7)
[00:31:40] [main/DEBUG] (FabricLoader/Mixin) Preparing fabric-item-api-v1.mixins.json (17)
[00:31:40] [main/DEBUG] (FabricLoader/Mixin) Preparing fabric-item-api-v1.client.mixins.json (3)
[00:31:40] [main/DEBUG] (FabricLoader/Mixin) Preparing fabric-serialization-api-v1.mixins.json (4)
[00:31:40] [main/DEBUG] (FabricLoader/Mixin) Preparing fabric-resource-conditions-api-v1.mixins.json (7)
[00:31:40] [main/DEBUG] (FabricLoader/Mixin) Preparing fabric-convention-tags-api-v2.mixins.json (1)
[00:31:40] [main/DEBUG] (FabricLoader/Mixin) Preparing fabric-game-rule-api-v1.mixins.json (7)
[00:31:40] [main/DEBUG] (FabricLoader/Mixin) Preparing fabric-game-rule-api-v1.client.mixins.json (3)
[00:31:40] [main/DEBUG] (FabricLoader/Mixin) Preparing fabric-entity-events-v1.mixins.json (7)
[00:31:40] [main/DEBUG] (FabricLoader/Mixin) Preparing fabric-events-interaction-v0.mixins.json (5)
[00:31:40] [main/DEBUG] (FabricLoader/Mixin) Preparing fabric-events-interaction-v0.client.mixins.json (3)
[00:31:40] [main/DEBUG] (FabricLoader/Mixin) Preparing fabric-lifecycle-events-v1.mixins.json (11)
[00:31:40] [main/DEBUG] (FabricLoader/Mixin) Preparing fabric-lifecycle-events-v1.client.mixins.json (7)
[00:31:40] [main/DEBUG] (FabricLoader/Mixin) Preparing fabric-crash-report-info-v1.mixins.json (2)
[00:31:40] [main/DEBUG] (FabricLoader/Mixin) Preparing fabric-registry-sync-v0.mixins.json (16)
[00:31:40] [main/DEBUG] (FabricLoader/Mixin) Preparing fabric-registry-sync-v0.client.mixins.json (5)
[00:31:40] [main/DEBUG] (FabricLoader/Mixin) Preparing jade.mixins.json (14)
[00:31:40] [main/DEBUG] (FabricLoader/Mixin) Preparing fabric-data-generation-api-v1.mixins.json (17)
[00:31:40] [main/DEBUG] (FabricLoader/Mixin) Preparing fabric-data-generation-api-v1.client.mixins.json (4)
[00:31:40] [main/DEBUG] (FabricLoader/Mixin) Preparing fabric-loot-api-v2.mixins.json (2)
[00:31:40] [main/DEBUG] (FabricLoader/Mixin) Preparing fabric-gametest-api-v1.mixins.json (4)
[00:31:40] [main/DEBUG] (FabricLoader/Mixin) Preparing fabric-renderer-indigo.mixins.json (11)
[00:31:40] [main/DEBUG] (FabricLoader/Mixin) Preparing fabric-renderer-api-v1.mixins.json (27)
[00:31:40] [main/DEBUG] (FabricLoader/Mixin) Preparing fabric-sound-api-v1.mixins.json (2)
[00:31:40] [main/DEBUG] (FabricLoader/Mixin) Preparing fabric-tag-api-v1.mixins.json (5)
[00:31:40] [main/DEBUG] (FabricLoader/Mixin) Preparing fabric-object-builder-v1.mixins.json (10)
[00:31:40] [main/DEBUG] (FabricLoader/Mixin) Preparing fabric-object-builder-v1.client.mixins.json (4)
[00:31:40] [main/DEBUG] (FabricLoader/Mixin) Preparing fabric-block-view-api-v2.mixins.json (3)
[00:31:40] [main/DEBUG] (FabricLoader/Mixin) Preparing fabric-block-view-api-v2.client.mixins.json (3)
[00:31:40] [main/DEBUG] (FabricLoader/Mixin) Inner class net/fabricmc/fabric/mixin/transfer/ChiseledBookshelfBlockEntityMixin$1 in net/fabricmc/fabric/mixin/transfer/ChiseledBookshelfBlockEntityMixin on net/minecraft/block/entity/ChiseledBookshelfBlockEntity gets unique name net/minecraft/block/entity/ChiseledBookshelfBlockEntity$Anonymous$2b614f178b5244ba92477506e98bf350
[00:31:40] [main/DEBUG] (FabricLoader/Mixin) Inner class net/fabricmc/fabric/mixin/itemgroup/ItemGroupsMixin$1ItemGroupPosition in net/fabricmc/fabric/mixin/itemgroup/ItemGroupsMixin on net/minecraft/item/ItemGroups gets unique name net/minecraft/item/ItemGroups$1ItemGroupPosition$e1eee0f214784b9ca1ec0417173315c1
[00:31:40] [main/DEBUG] (FabricLoader/Mixin) Inner class net/fabricmc/fabric/mixin/renderer/client/block/model/MultipartBlockStateModelMixin$1Key in net/fabricmc/fabric/mixin/renderer/client/block/model/MultipartBlockStateModelMixin on net/minecraft/client/render/model/MultipartBlockStateModel gets unique name net/minecraft/client/render/model/MultipartBlockStateModel$1Key$0000d08f62404199bfb8329818355017
[00:31:40] [main/DEBUG] (FabricLoader/Mixin) Prepared 523 mixins in 0.661 sec (1.3ms avg) (0ms load, 0ms transform, 0ms plugin)
[00:31:40] [main/INFO] (Sodium-GraphicsAdapterProbe) Searching for graphics cards...
[00:31:40] [main/INFO] (Sodium-GraphicsAdapterProbe) Found graphics adapter: LinuxPciAdapterInfo[vendor=NVIDIA, name=TU116 [GeForce GTX 1660 Ti], pciVendorId=0x10de, pciDeviceId=0x2182]
[00:31:40] [main/WARN] (Sodium-Workarounds) Sodium has applied one or more workarounds to prevent crashes or other issues on your system: [NVIDIA_THREADED_OPTIMIZATIONS_BROKEN, NO_ERROR_CONTEXT_UNSUPPORTED]
[00:31:40] [main/WARN] (Sodium-Workarounds) This is not necessarily an issue, but it may result in certain features or optimizations being disabled. You can sometimes fix these issues by upgrading your graphics driver.
[00:31:41] [main/DEBUG] (io.netty.util.internal.logging.InternalLoggerFactory) Using SLF4J as the default logging framework
[00:31:41] [main/DEBUG] (io.netty.util.ResourceLeakDetector) -Dio.netty.leakDetection.level: simple
[00:31:41] [main/DEBUG] (io.netty.util.ResourceLeakDetector) -Dio.netty.leakDetection.targetRecords: 4
[00:31:41] [main/INFO] (FabricLoader/MixinExtras|Service) Initializing MixinExtras via com.llamalad7.mixinextras.service.MixinExtrasServiceImpl(version=0.5.0).
[00:31:41] [main/DEBUG] (FabricLoader/Mixin) Registering new injector for @SugarWrapper with com.llamalad7.mixinextras.sugar.impl.SugarWrapperInjectionInfo
[00:31:41] [main/DEBUG] (FabricLoader/Mixin) Registering new injector for @FactoryRedirectWrapper with com.llamalad7.mixinextras.wrapper.factory.FactoryRedirectWrapperInjectionInfo
[00:31:41] [main/DEBUG] (FabricLoader/Mixin) Registering new injector for @ExpressionInjectorWrapper with com.llamalad7.mixinextras.expression.impl.wrapper.ExpressionInjectorWrapperInjectionInfo
[00:31:41] [main/DEBUG] (FabricLoader/Mixin) Mixing TaggedChoiceMixin from fabric-dimensions-v1.mixins.json into com.mojang.datafixers.types.templates.TaggedChoice
[00:31:41] [main/DEBUG] (FabricLoader/Mixin) fabric-dimensions-v1.mixins.json:TaggedChoiceMixin from mod fabric-dimensions-v1->@Inject::onApply(Lcom/mojang/datafixers/util/Pair;Lorg/spongepowered/asm/mixin/injection/callback/CallbackInfoReturnable;)V does use it's CallbackInfoReturnable
[00:31:41] [main/DEBUG] (FabricLoader/Mixin) Mixing TaggedChoiceTaggedChoiceTypeMixin from fabric-dimensions-v1.mixins.json into com.mojang.datafixers.types.templates.TaggedChoice$TaggedChoiceType
[00:31:41] [main/DEBUG] (FabricLoader/Mixin) fabric-dimensions-v1.mixins.json:TaggedChoiceTaggedChoiceTypeMixin from mod fabric-dimensions-v1->@Inject::onGetCodec(Ljava/lang/Object;Lorg/spongepowered/asm/mixin/injection/callback/CallbackInfoReturnable;)V does use it's CallbackInfoReturnable
[00:31:41] [main/DEBUG] (FabricLoader/Mixin) Mixing Schema2832Mixin from fabric-dimensions-v1.mixins.json into net.minecraft.datafixer.schema.Schema2832
[00:31:41] [main/DEBUG] (FabricLoader/Mixin) Mixing SystemDetailsMixin from fabric-crash-report-info-v1.mixins.json into net.minecraft.util.SystemDetails
[00:31:41] [main/DEBUG] (FabricLoader/Mixin) Renaming synthetic method lambda$appendMods$1(Lnet/fabricmc/loader/api/ModContainer;)Ljava/lang/String; to md040614$fabric-crash-report-info-v1$lambda$appendMods$1$0 in fabric-crash-report-info-v1.mixins.json:SystemDetailsMixin from mod fabric-crash-report-info-v1
[00:31:41] [main/DEBUG] (FabricLoader/Mixin) Renaming synthetic method lambda$fillSystemDetails$0()Ljava/lang/String; to md040614$fabric-crash-report-info-v1$lambda$fillSystemDetails$0$1 in fabric-crash-report-info-v1.mixins.json:SystemDetailsMixin from mod fabric-crash-report-info-v1
[00:31:41] [main/DEBUG] (FabricLoader/Mixin) fabric-crash-report-info-v1.mixins.json:SystemDetailsMixin from mod fabric-crash-report-info-v1->@Inject::fillSystemDetails(Lorg/spongepowered/asm/mixin/injection/callback/CallbackInfo;)V doesn't use it's CallbackInfo
[00:31:41] [main/DEBUG] (FabricLoader/Mixin) fabric-crash-report-info-v1.mixins.json:SystemDetailsMixin from mod fabric-crash-report-info-v1->@Inject::fillSystemDetails(Lorg/spongepowered/asm/mixin/injection/callback/CallbackInfo;)V has 0 override(s) in child classes
[00:31:41] [main/DEBUG] (FabricLoader/Mixin) fabric-crash-report-info-v1.mixins.json:SystemDetailsMixin from mod fabric-crash-report-info-v1->@Inject::fillSystemDetails(Lorg/spongepowered/asm/mixin/injection/callback/CallbackInfo;)V won't be passed a CallbackInfo as a result
[00:31:42] [main/DEBUG] (oshi.util.FileUtil) Reading file /proc/self/auxv
[00:31:42] [main/DEBUG] (oshi.util.FileUtil) Reading file /proc/self/auxv
[00:31:42] [main/DEBUG] (oshi.util.FileUtil) Reading file /proc/stat
[00:31:42] [main/DEBUG] (oshi.util.FileUtil) Reading file /sys/devices/system/cpu/cpu0/topology/core_id
[00:31:42] [main/DEBUG] (oshi.util.FileUtil) Reading file /sys/devices/system/cpu/cpu0/topology/core_id
[00:31:42] [main/DEBUG] (oshi.util.FileUtil) Reading file /sys/devices/system/cpu/cpu0/topology/physical_package_id
[00:31:42] [main/DEBUG] (oshi.util.FileUtil) Reading file /sys/devices/system/cpu/cpu0/topology/physical_package_id
[00:31:42] [main/DEBUG] (oshi.util.FileUtil) Reading file /sys/devices/system/cpu/cpu0/cpu_capacity
[00:31:42] [main/DEBUG] (oshi.util.FileUtil) Reading file /sys/devices/system/cpu/cpu0/cpu_capacity
[00:31:42] [main/DEBUG] (oshi.util.FileUtil) Reading file /sys/devices/system/cpu/cpu0/cache/index2/level
[00:31:42] [main/DEBUG] (oshi.util.FileUtil) Reading file /sys/devices/system/cpu/cpu0/cache/index2/level
[00:31:42] [main/DEBUG] (oshi.util.FileUtil) Reading file /sys/devices/system/cpu/cpu0/cache/index2/type
[00:31:42] [main/DEBUG] (oshi.util.FileUtil) Reading file /sys/devices/system/cpu/cpu0/cache/index2/type
[00:31:42] [main/DEBUG] (oshi.util.FileUtil) Reading file /sys/devices/system/cpu/cpu0/cache/index2/ways_of_associativity
[00:31:42] [main/DEBUG] (oshi.util.FileUtil) Reading file /sys/devices/system/cpu/cpu0/cache/index2/ways_of_associativity
[00:31:42] [main/DEBUG] (oshi.util.FileUtil) Reading file /sys/devices/system/cpu/cpu0/cache/index2/coherency_line_size
[00:31:42] [main/DEBUG] (oshi.util.FileUtil) Reading file /sys/devices/system/cpu/cpu0/cache/index2/coherency_line_size
[00:31:42] [main/DEBUG] (oshi.util.FileUtil) Reading file /sys/devices/system/cpu/cpu0/cache/index2/size
[00:31:42] [main/DEBUG] (oshi.util.FileUtil) Reading file /sys/devices/system/cpu/cpu0/cache/index2/size
[00:31:42] [main/DEBUG] (oshi.util.FileUtil) Reading file /sys/devices/system/cpu/cpu0/cache/index0/level
[00:31:42] [main/DEBUG] (oshi.util.FileUtil) Reading file /sys/devices/system/cpu/cpu0/cache/index0/level
[00:31:42] [main/DEBUG] (oshi.util.FileUtil) Reading file /sys/devices/system/cpu/cpu0/cache/index0/type
[00:31:42] [main/DEBUG] (oshi.util.FileUtil) Reading file /sys/devices/system/cpu/cpu0/cache/index0/type
[00:31:42] [main/DEBUG] (oshi.util.FileUtil) Reading file /sys/devices/system/cpu/cpu0/cache/index0/ways_of_associativity
[00:31:42] [main/DEBUG] (oshi.util.FileUtil) Reading file /sys/devices/system/cpu/cpu0/cache/index0/ways_of_associativity
[00:31:42] [main/DEBUG] (oshi.util.FileUtil) Reading file /sys/devices/system/cpu/cpu0/cache/index0/coherency_line_size
[00:31:42] [main/DEBUG] (oshi.util.FileUtil) Reading file /sys/devices/system/cpu/cpu0/cache/index0/coherency_line_size
[00:31:42] [main/DEBUG] (oshi.util.FileUtil) Reading file /sys/devices/system/cpu/cpu0/cache/index0/size
[00:31:42] [main/DEBUG] (oshi.util.FileUtil) Reading file /sys/devices/system/cpu/cpu0/cache/index0/size
[00:31:42] [main/DEBUG] (oshi.util.FileUtil) Reading file /sys/devices/system/cpu/cpu0/cache/index3/level
[00:31:42] [main/DEBUG] (oshi.util.FileUtil) Reading file /sys/devices/system/cpu/cpu0/cache/index3/level
[00:31:42] [main/DEBUG] (oshi.util.FileUtil) Reading file /sys/devices/system/cpu/cpu0/cache/index3/type
[00:31:42] [main/DEBUG] (oshi.util.FileUtil) Reading file /sys/devices/system/cpu/cpu0/cache/index3/type
[00:31:42] [main/DEBUG] (oshi.util.FileUtil) Reading file /sys/devices/system/cpu/cpu0/cache/index3/ways_of_associativity
[00:31:42] [main/DEBUG] (oshi.util.FileUtil) Reading file /sys/devices/system/cpu/cpu0/cache/index3/ways_of_associativity
[00:31:42] [main/DEBUG] (oshi.util.FileUtil) Reading file /sys/devices/system/cpu/cpu0/cache/index3/coherency_line_size
[00:31:42] [main/DEBUG] (oshi.util.FileUtil) Reading file /sys/devices/system/cpu/cpu0/cache/index3/coherency_line_size
[00:31:42] [main/DEBUG] (oshi.util.FileUtil) Reading file /sys/devices/system/cpu/cpu0/cache/index3/size
[00:31:42] [main/DEBUG] (oshi.util.FileUtil) Reading file /sys/devices/system/cpu/cpu0/cache/index3/size
[00:31:42] [main/DEBUG] (oshi.util.FileUtil) Reading file /sys/devices/system/cpu/cpu0/cache/index1/level
[00:31:42] [main/DEBUG] (oshi.util.FileUtil) Reading file /sys/devices/system/cpu/cpu0/cache/index1/level
[00:31:42] [main/DEBUG] (oshi.util.FileUtil) Reading file /sys/devices/system/cpu/cpu0/cache/index1/type
[00:31:42] [main/DEBUG] (oshi.util.FileUtil) Reading file /sys/devices/system/cpu/cpu0/cache/index1/type
[00:31:42] [main/DEBUG] (oshi.util.FileUtil) Reading file /sys/devices/system/cpu/cpu0/cache/index1/ways_of_associativity
[00:31:42] [main/DEBUG] (oshi.util.FileUtil) Reading file /sys/devices/system/cpu/cpu0/cache/index1/ways_of_associativity
[00:31:42] [main/DEBUG] (oshi.util.FileUtil) Reading file /sys/devices/system/cpu/cpu0/cache/index1/coherency_line_size
[00:31:42] [main/DEBUG] (oshi.util.FileUtil) Reading file /sys/devices/system/cpu/cpu0/cache/index1/coherency_line_size
[00:31:42] [main/DEBUG] (oshi.util.FileUtil) Reading file /sys/devices/system/cpu/cpu0/cache/index1/size
[00:31:42] [main/DEBUG] (oshi.util.FileUtil) Reading file /sys/devices/system/cpu/cpu0/cache/index1/size
[00:31:42] [main/DEBUG] (oshi.util.FileUtil) Reading file /sys/devices/system/cpu/cpu1/topology/core_id
[00:31:42] [main/DEBUG] (oshi.util.FileUtil) Reading file /sys/devices/system/cpu/cpu1/topology/core_id
[00:31:42] [main/DEBUG] (oshi.util.FileUtil) Reading file /sys/devices/system/cpu/cpu1/topology/physical_package_id
[00:31:42] [main/DEBUG] (oshi.util.FileUtil) Reading file /sys/devices/system/cpu/cpu1/topology/physical_package_id
[00:31:42] [main/DEBUG] (oshi.util.FileUtil) Reading file /sys/devices/system/cpu/cpu1/cpu_capacity
[00:31:42] [main/DEBUG] (oshi.util.FileUtil) Reading file /sys/devices/system/cpu/cpu1/cpu_capacity
[00:31:42] [main/DEBUG] (oshi.util.FileUtil) Reading file /sys/devices/system/cpu/cpu1/cache/index2/level
[00:31:42] [main/DEBUG] (oshi.util.FileUtil) Reading file /sys/devices/system/cpu/cpu1/cache/index2/level
[00:31:42] [main/DEBUG] (oshi.util.FileUtil) Reading file /sys/devices/system/cpu/cpu1/cache/index2/type
[00:31:42] [main/DEBUG] (oshi.util.FileUtil) Reading file /sys/devices/system/cpu/cpu1/cache/index2/type
[00:31:42] [main/DEBUG] (oshi.util.FileUtil) Reading file /sys/devices/system/cpu/cpu1/cache/index2/ways_of_associativity
[00:31:42] [main/DEBUG] (oshi.util.FileUtil) Reading file /sys/devices/system/cpu/cpu1/cache/index2/ways_of_associativity
[00:31:42] [main/DEBUG] (oshi.util.FileUtil) Reading file /sys/devices/system/cpu/cpu1/cache/index2/coherency_line_size
[00:31:42] [main/DEBUG] (oshi.util.FileUtil) Reading file /sys/devices/system/cpu/cpu1/cache/index2/coherency_line_size
[00:31:42] [main/DEBUG] (oshi.util.FileUtil) Reading file /sys/devices/system/cpu/cpu1/cache/index2/size
[00:31:42] [main/DEBUG] (oshi.util.FileUtil) Reading file /sys/devices/system/cpu/cpu1/cache/index2/size
[00:31:42] [main/DEBUG] (oshi.util.FileUtil) Reading file /sys/devices/system/cpu/cpu1/cache/index0/level
[00:31:42] [main/DEBUG] (oshi.util.FileUtil) Reading file /sys/devices/system/cpu/cpu1/cache/index0/level
[00:31:42] [main/DEBUG] (oshi.util.FileUtil) Reading file /sys/devices/system/cpu/cpu1/cache/index0/type
[00:31:42] [main/DEBUG] (oshi.util.FileUtil) Reading file /sys/devices/system/cpu/cpu1/cache/index0/type
[00:31:42] [main/DEBUG] (oshi.util.FileUtil) Reading file /sys/devices/system/cpu/cpu1/cache/index0/ways_of_associativity
[00:31:42] [main/DEBUG] (oshi.util.FileUtil) Reading file /sys/devices/system/cpu/cpu1/cache/index0/ways_of_associativity
[00:31:42] [main/DEBUG] (oshi.util.FileUtil) Reading file /sys/devices/system/cpu/cpu1/cache/index0/coherency_line_size
[00:31:42] [main/DEBUG] (oshi.util.FileUtil) Reading file /sys/devices/system/cpu/cpu1/cache/index0/coherency_line_size
[00:31:42] [main/DEBUG] (oshi.util.FileUtil) Reading file /sys/devices/system/cpu/cpu1/cache/index0/size
[00:31:42] [main/DEBUG] (oshi.util.FileUtil) Reading file /sys/devices/system/cpu/cpu1/cache/index0/size
[00:31:42] [main/DEBUG] (oshi.util.FileUtil) Reading file /sys/devices/system/cpu/cpu1/cache/index3/level
[00:31:42] [main/DEBUG] (oshi.util.FileUtil) Reading file /sys/devices/system/cpu/cpu1/cache/index3/level
[00:31:42] [main/DEBUG] (oshi.util.FileUtil) Reading file /sys/devices/system/cpu/cpu1/cache/index3/type
[00:31:42] [main/DEBUG] (oshi.util.FileUtil) Reading file /sys/devices/system/cpu/cpu1/cache/index3/type
[00:31:42] [main/DEBUG] (oshi.util.FileUtil) Reading file /sys/devices/system/cpu/cpu1/cache/index3/ways_of_associativity
[00:31:42] [main/DEBUG] (oshi.util.FileUtil) Reading file /sys/devices/system/cpu/cpu1/cache/index3/ways_of_associativity
[00:31:42] [main/DEBUG] (oshi.util.FileUtil) Reading file /sys/devices/system/cpu/cpu1/cache/index3/coherency_line_size
[00:31:42] [main/DEBUG] (oshi.util.FileUtil) Reading file /sys/devices/system/cpu/cpu1/cache/index3/coherency_line_size
[00:31:42] [main/DEBUG] (oshi.util.FileUtil) Reading file /sys/devices/system/cpu/cpu1/cache/index3/size
[00:31:42] [main/DEBUG] (oshi.util.FileUtil) Reading file /sys/devices/system/cpu/cpu1/cache/index3/size
[00:31:42] [main/DEBUG] (oshi.util.FileUtil) Reading file /sys/devices/system/cpu/cpu1/cache/index1/level
[00:31:42] [main/DEBUG] (oshi.util.FileUtil) Reading file /sys/devices/system/cpu/cpu1/cache/index1/level
[00:31:42] [main/DEBUG] (oshi.util.FileUtil) Reading file /sys/devices/system/cpu/cpu1/cache/index1/type
[00:31:42] [main/DEBUG] (oshi.util.FileUtil) Reading file /sys/devices/system/cpu/cpu1/cache/index1/type
[00:31:42] [main/DEBUG] (oshi.util.FileUtil) Reading file /sys/devices/system/cpu/cpu1/cache/index1/ways_of_associativity
[00:31:42] [main/DEBUG] (oshi.util.FileUtil) Reading file /sys/devices/system/cpu/cpu1/cache/index1/ways_of_associativity
[00:31:42] [main/DEBUG] (oshi.util.FileUtil) Reading file /sys/devices/system/cpu/cpu1/cache/index1/coherency_line_size
[00:31:42] [main/DEBUG] (oshi.util.FileUtil) Reading file /sys/devices/system/cpu/cpu1/cache/index1/coherency_line_size
[00:31:42] [main/DEBUG] (oshi.util.FileUtil) Reading file /sys/devices/system/cpu/cpu1/cache/index1/size
[00:31:42] [main/DEBUG] (oshi.util.FileUtil) Reading file /sys/devices/system/cpu/cpu1/cache/index1/size
[00:31:42] [main/DEBUG] (oshi.util.FileUtil) Reading file /sys/devices/system/cpu/cpu10/topology/core_id
[00:31:42] [main/DEBUG] (oshi.util.FileUtil) Reading file /sys/devices/system/cpu/cpu10/topology/core_id
[00:31:42] [main/DEBUG] (oshi.util.FileUtil) Reading file /sys/devices/system/cpu/cpu10/topology/physical_package_id
[00:31:42] [main/DEBUG] (oshi.util.FileUtil) Reading file /sys/devices/system/cpu/cpu10/topology/physical_package_id
[00:31:42] [main/DEBUG] (oshi.util.FileUtil) Reading file /sys/devices/system/cpu/cpu10/cpu_capacity
[00:31:42] [main/DEBUG] (oshi.util.FileUtil) Reading file /sys/devices/system/cpu/cpu10/cpu_capacity
[00:31:42] [main/DEBUG] (oshi.util.FileUtil) Reading file /sys/devices/system/cpu/cpu10/cache/index2/level
[00:31:42] [main/DEBUG] (oshi.util.FileUtil) Reading file /sys/devices/system/cpu/cpu10/cache/index2/level
[00:31:42] [main/DEBUG] (oshi.util.FileUtil) Reading file /sys/devices/system/cpu/cpu10/cache/index2/type
[00:31:42] [main/DEBUG] (oshi.util.FileUtil) Reading file /sys/devices/system/cpu/cpu10/cache/index2/type
[00:31:42] [main/DEBUG] (oshi.util.FileUtil) Reading file /sys/devices/system/cpu/cpu10/cache/index2/ways_of_associativity
[00:31:42] [main/DEBUG] (oshi.util.FileUtil) Reading file /sys/devices/system/cpu/cpu10/cache/index2/ways_of_associativity
[00:31:42] [main/DEBUG] (oshi.util.FileUtil) Reading file /sys/devices/system/cpu/cpu10/cache/index2/coherency_line_size
[00:31:42] [main/DEBUG] (oshi.util.FileUtil) Reading file /sys/devices/system/cpu/cpu10/cache/index2/coherency_line_size
[00:31:42] [main/DEBUG] (oshi.util.FileUtil) Reading file /sys/devices/system/cpu/cpu10/cache/index2/size
[00:31:42] [main/DEBUG] (oshi.util.FileUtil) Reading file /sys/devices/system/cpu/cpu10/cache/index2/size
[00:31:42] [main/DEBUG] (oshi.util.FileUtil) Reading file /sys/devices/system/cpu/cpu10/cache/index0/level
[00:31:42] [main/DEBUG] (oshi.util.FileUtil) Reading file /sys/devices/system/cpu/cpu10/cache/index0/level
[00:31:42] [main/DEBUG] (oshi.util.FileUtil) Reading file /sys/devices/system/cpu/cpu10/cache/index0/type
[00:31:42] [main/DEBUG] (oshi.util.FileUtil) Reading file /sys/devices/system/cpu/cpu10/cache/index0/type
[00:31:42] [main/DEBUG] (oshi.util.FileUtil) Reading file /sys/devices/system/cpu/cpu10/cache/index0/ways_of_associativity
[00:31:42] [main/DEBUG] (oshi.util.FileUtil) Reading file /sys/devices/system/cpu/cpu10/cache/index0/ways_of_associativity
[00:31:42] [main/DEBUG] (oshi.util.FileUtil) Reading file /sys/devices/system/cpu/cpu10/cache/index0/coherency_line_size
[00:31:42] [main/DEBUG] (oshi.util.FileUtil) Reading file /sys/devices/system/cpu/cpu10/cache/index0/coherency_line_size
[00:31:42] [main/DEBUG] (oshi.util.FileUtil) Reading file /sys/devices/system/cpu/cpu10/cache/index0/size
[00:31:42] [main/DEBUG] (oshi.util.FileUtil) Reading file /sys/devices/system/cpu/cpu10/cache/index0/size
[00:31:42] [main/DEBUG] (oshi.util.FileUtil) Reading file /sys/devices/system/cpu/cpu10/cache/index3/level
[00:31:42] [main/DEBUG] (oshi.util.FileUtil) Reading file /sys/devices/system/cpu/cpu10/cache/index3/level
[00:31:42] [main/DEBUG] (oshi.util.FileUtil) Reading file /sys/devices/system/cpu/cpu10/cache/index3/type
[00:31:42] [main/DEBUG] (oshi.util.FileUtil) Reading file /sys/devices/system/cpu/cpu10/cache/index3/type
[00:31:42] [main/DEBUG] (oshi.util.FileUtil) Reading file /sys/devices/system/cpu/cpu10/cache/index3/ways_of_associativity
[00:31:42] [main/DEBUG] (oshi.util.FileUtil) Reading file /sys/devices/system/cpu/cpu10/cache/index3/ways_of_associativity
[00:31:42] [main/DEBUG] (oshi.util.FileUtil) Reading file /sys/devices/system/cpu/cpu10/cache/index3/coherency_line_size
[00:31:42] [main/DEBUG] (oshi.util.FileUtil) Reading file /sys/devices/system/cpu/cpu10/cache/index3/coherency_line_size
[00:31:42] [main/DEBUG] (oshi.util.FileUtil) Reading file /sys/devices/system/cpu/cpu10/cache/index3/size
[00:31:42] [main/DEBUG] (oshi.util.FileUtil) Reading file /sys/devices/system/cpu/cpu10/cache/index3/size
[00:31:42] [main/DEBUG] (oshi.util.FileUtil) Reading file /sys/devices/system/cpu/cpu10/cache/index1/level
[00:31:42] [main/DEBUG] (oshi.util.FileUtil) Reading file /sys/devices/system/cpu/cpu10/cache/index1/level
[00:31:42] [main/DEBUG] (oshi.util.FileUtil) Reading file /sys/devices/system/cpu/cpu10/cache/index1/type
[00:31:42] [main/DEBUG] (oshi.util.FileUtil) Reading file /sys/devices/system/cpu/cpu10/cache/index1/type
[00:31:42] [main/DEBUG] (oshi.util.FileUtil) Reading file /sys/devices/system/cpu/cpu10/cache/index1/ways_of_associativity
[00:31:42] [main/DEBUG] (oshi.util.FileUtil) Reading file /sys/devices/system/cpu/cpu10/cache/index1/ways_of_associativity
[00:31:42] [main/DEBUG] (oshi.util.FileUtil) Reading file /sys/devices/system/cpu/cpu10/cache/index1/coherency_line_size
[00:31:42] [main/DEBUG] (oshi.util.FileUtil) Reading file /sys/devices/system/cpu/cpu10/cache/index1/coherency_line_size
[00:31:42] [main/DEBUG] (oshi.util.FileUtil) Reading file /sys/devices/system/cpu/cpu10/cache/index1/size
[00:31:42] [main/DEBUG] (oshi.util.FileUtil) Reading file /sys/devices/system/cpu/cpu10/cache/index1/size
[00:31:42] [main/DEBUG] (oshi.util.FileUtil) Reading file /sys/devices/system/cpu/cpu11/topology/core_id
[00:31:42] [main/DEBUG] (oshi.util.FileUtil) Reading file /sys/devices/system/cpu/cpu11/topology/core_id
[00:31:42] [main/DEBUG] (oshi.util.FileUtil) Reading file /sys/devices/system/cpu/cpu11/topology/physical_package_id
[00:31:42] [main/DEBUG] (oshi.util.FileUtil) Reading file /sys/devices/system/cpu/cpu11/topology/physical_package_id
[00:31:42] [main/DEBUG] (oshi.util.FileUtil) Reading file /sys/devices/system/cpu/cpu11/cpu_capacity
[00:31:42] [main/DEBUG] (oshi.util.FileUtil) Reading file /sys/devices/system/cpu/cpu11/cpu_capacity
[00:31:42] [main/DEBUG] (oshi.util.FileUtil) Reading file /sys/devices/system/cpu/cpu11/cache/index2/level
[00:31:42] [main/DEBUG] (oshi.util.FileUtil) Reading file /sys/devices/system/cpu/cpu11/cache/index2/level
[00:31:42] [main/DEBUG] (oshi.util.FileUtil) Reading file /sys/devices/system/cpu/cpu11/cache/index2/type
[00:31:42] [main/DEBUG] (oshi.util.FileUtil) Reading file /sys/devices/system/cpu/cpu11/cache/index2/type
[00:31:42] [main/DEBUG] (oshi.util.FileUtil) Reading file /sys/devices/system/cpu/cpu11/cache/index2/ways_of_associativity
[00:31:42] [main/DEBUG] (oshi.util.FileUtil) Reading file /sys/devices/system/cpu/cpu11/cache/index2/ways_of_associativity
[00:31:42] [main/DEBUG] (oshi.util.FileUtil) Reading file /sys/devices/system/cpu/cpu11/cache/index2/coherency_line_size
[00:31:42] [main/DEBUG] (oshi.util.FileUtil) Reading file /sys/devices/system/cpu/cpu11/cache/index2/coherency_line_size
[00:31:42] [main/DEBUG] (oshi.util.FileUtil) Reading file /sys/devices/system/cpu/cpu11/cache/index2/size
[00:31:42] [main/DEBUG] (oshi.util.FileUtil) Reading file /sys/devices/system/cpu/cpu11/cache/index2/size
[00:31:42] [main/DEBUG] (oshi.util.FileUtil) Reading file /sys/devices/system/cpu/cpu11/cache/index0/level
[00:31:42] [main/DEBUG] (oshi.util.FileUtil) Reading file /sys/devices/system/cpu/cpu11/cache/index0/level
[00:31:42] [main/DEBUG] (oshi.util.FileUtil) Reading file /sys/devices/system/cpu/cpu11/cache/index0/type
[00:31:42] [main/DEBUG] (oshi.util.FileUtil) Reading file /sys/devices/system/cpu/cpu11/cache/index0/type
[00:31:42] [main/DEBUG] (oshi.util.FileUtil) Reading file /sys/devices/system/cpu/cpu11/cache/index0/ways_of_associativity
[00:31:42] [main/DEBUG] (oshi.util.FileUtil) Reading file /sys/devices/system/cpu/cpu11/cache/index0/ways_of_associativity
[00:31:42] [main/DEBUG] (oshi.util.FileUtil) Reading file /sys/devices/system/cpu/cpu11/cache/index0/coherency_line_size
[00:31:42] [main/DEBUG] (oshi.util.FileUtil) Reading file /sys/devices/system/cpu/cpu11/cache/index0/coherency_line_size
[00:31:42] [main/DEBUG] (oshi.util.FileUtil) Reading file /sys/devices/system/cpu/cpu11/cache/index0/size
[00:31:42] [main/DEBUG] (oshi.util.FileUtil) Reading file /sys/devices/system/cpu/cpu11/cache/index0/size
[00:31:42] [main/DEBUG] (oshi.util.FileUtil) Reading file /sys/devices/system/cpu/cpu11/cache/index3/level
[00:31:42] [main/DEBUG] (oshi.util.FileUtil) Reading file /sys/devices/system/cpu/cpu11/cache/index3/level
[00:31:42] [main/DEBUG] (oshi.util.FileUtil) Reading file /sys/devices/system/cpu/cpu11/cache/index3/type
[00:31:42] [main/DEBUG] (oshi.util.FileUtil) Reading file /sys/devices/system/cpu/cpu11/cache/index3/type
[00:31:42] [main/DEBUG] (oshi.util.FileUtil) Reading file /sys/devices/system/cpu/cpu11/cache/index3/ways_of_associativity
[00:31:42] [main/DEBUG] (oshi.util.FileUtil) Reading file /sys/devices/system/cpu/cpu11/cache/index3/ways_of_associativity
[00:31:42] [main/DEBUG] (oshi.util.FileUtil) Reading file /sys/devices/system/cpu/cpu11/cache/index3/coherency_line_size
[00:31:42] [main/DEBUG] (oshi.util.FileUtil) Reading file /sys/devices/system/cpu/cpu11/cache/index3/coherency_line_size
[00:31:42] [main/DEBUG] (oshi.util.FileUtil) Reading file /sys/devices/system/cpu/cpu11/cache/index3/size
[00:31:42] [main/DEBUG] (oshi.util.FileUtil) Reading file /sys/devices/system/cpu/cpu11/cache/index3/size
[00:31:42] [main/DEBUG] (oshi.util.FileUtil) Reading file /sys/devices/system/cpu/cpu11/cache/index1/level
[00:31:42] [main/DEBUG] (oshi.util.FileUtil) Reading file /sys/devices/system/cpu/cpu11/cache/index1/level
[00:31:42] [main/DEBUG] (oshi.util.FileUtil) Reading file /sys/devices/system/cpu/cpu11/cache/index1/type
[00:31:42] [main/DEBUG] (oshi.util.FileUtil) Reading file /sys/devices/system/cpu/cpu11/cache/index1/type
[00:31:42] [main/DEBUG] (oshi.util.FileUtil) Reading file /sys/devices/system/cpu/cpu11/cache/index1/ways_of_associativity
[00:31:42] [main/DEBUG] (oshi.util.FileUtil) Reading file /sys/devices/system/cpu/cpu11/cache/index1/ways_of_associativity
[00:31:42] [main/DEBUG] (oshi.util.FileUtil) Reading file /sys/devices/system/cpu/cpu11/cache/index1/coherency_line_size
[00:31:42] [main/DEBUG] (oshi.util.FileUtil) Reading file /sys/devices/system/cpu/cpu11/cache/index1/coherency_line_size
[00:31:42] [main/DEBUG] (oshi.util.FileUtil) Reading file /sys/devices/system/cpu/cpu11/cache/index1/size
[00:31:42] [main/DEBUG] (oshi.util.FileUtil) Reading file /sys/devices/system/cpu/cpu11/cache/index1/size
[00:31:42] [main/DEBUG] (oshi.util.FileUtil) Reading file /sys/devices/system/cpu/cpu2/topology/core_id
[00:31:42] [main/DEBUG] (oshi.util.FileUtil) Reading file /sys/devices/system/cpu/cpu2/topology/core_id
[00:31:42] [main/DEBUG] (oshi.util.FileUtil) Reading file /sys/devices/system/cpu/cpu2/topology/physical_package_id
[00:31:42] [main/DEBUG] (oshi.util.FileUtil) Reading file /sys/devices/system/cpu/cpu2/topology/physical_package_id
[00:31:42] [main/DEBUG] (oshi.util.FileUtil) Reading file /sys/devices/system/cpu/cpu2/cpu_capacity
[00:31:42] [main/DEBUG] (oshi.util.FileUtil) Reading file /sys/devices/system/cpu/cpu2/cpu_capacity
[00:31:42] [main/DEBUG] (oshi.util.FileUtil) Reading file /sys/devices/system/cpu/cpu2/cache/index2/level
[00:31:42] [main/DEBUG] (oshi.util.FileUtil) Reading file /sys/devices/system/cpu/cpu2/cache/index2/level
[00:31:42] [main/DEBUG] (oshi.util.FileUtil) Reading file /sys/devices/system/cpu/cpu2/cache/index2/type
[00:31:42] [main/DEBUG] (oshi.util.FileUtil) Reading file /sys/devices/system/cpu/cpu2/cache/index2/type
[00:31:42] [main/DEBUG] (oshi.util.FileUtil) Reading file /sys/devices/system/cpu/cpu2/cache/index2/ways_of_associativity
[00:31:42] [main/DEBUG] (oshi.util.FileUtil) Reading file /sys/devices/system/cpu/cpu2/cache/index2/ways_of_associativity
[00:31:42] [main/DEBUG] (oshi.util.FileUtil) Reading file /sys/devices/system/cpu/cpu2/cache/index2/coherency_line_size
[00:31:42] [main/DEBUG] (oshi.util.FileUtil) Reading file /sys/devices/system/cpu/cpu2/cache/index2/coherency_line_size
[00:31:42] [main/DEBUG] (oshi.util.FileUtil) Reading file /sys/devices/system/cpu/cpu2/cache/index2/size
[00:31:42] [main/DEBUG] (oshi.util.FileUtil) Reading file /sys/devices/system/cpu/cpu2/cache/index2/size
[00:31:42] [main/DEBUG] (oshi.util.FileUtil) Reading file /sys/devices/system/cpu/cpu2/cache/index0/level
[00:31:42] [main/DEBUG] (oshi.util.FileUtil) Reading file /sys/devices/system/cpu/cpu2/cache/index0/level
[00:31:42] [main/DEBUG] (oshi.util.FileUtil) Reading file /sys/devices/system/cpu/cpu2/cache/index0/type
[00:31:42] [main/DEBUG] (oshi.util.FileUtil) Reading file /sys/devices/system/cpu/cpu2/cache/index0/type
[00:31:42] [main/DEBUG] (oshi.util.FileUtil) Reading file /sys/devices/system/cpu/cpu2/cache/index0/ways_of_associativity
[00:31:42] [main/DEBUG] (oshi.util.FileUtil) Reading file /sys/devices/system/cpu/cpu2/cache/index0/ways_of_associativity
[00:31:42] [main/DEBUG] (oshi.util.FileUtil) Reading file /sys/devices/system/cpu/cpu2/cache/index0/coherency_line_size
[00:31:42] [main/DEBUG] (oshi.util.FileUtil) Reading file /sys/devices/system/cpu/cpu2/cache/index0/coherency_line_size
[00:31:42] [main/DEBUG] (oshi.util.FileUtil) Reading file /sys/devices/system/cpu/cpu2/cache/index0/size
[00:31:42] [main/DEBUG] (oshi.util.FileUtil) Reading file /sys/devices/system/cpu/cpu2/cache/index0/size
[00:31:42] [main/DEBUG] (oshi.util.FileUtil) Reading file /sys/devices/system/cpu/cpu2/cache/index3/level
[00:31:42] [main/DEBUG] (oshi.util.FileUtil) Reading file /sys/devices/system/cpu/cpu2/cache/index3/level
[00:31:42] [main/DEBUG] (oshi.util.FileUtil) Reading file /sys/devices/system/cpu/cpu2/cache/index3/type
[00:31:42] [main/DEBUG] (oshi.util.FileUtil) Reading file /sys/devices/system/cpu/cpu2/cache/index3/type
[00:31:42] [main/DEBUG] (oshi.util.FileUtil) Reading file /sys/devices/system/cpu/cpu2/cache/index3/ways_of_associativity
[00:31:42] [main/DEBUG] (oshi.util.FileUtil) Reading file /sys/devices/system/cpu/cpu2/cache/index3/ways_of_associativity
[00:31:42] [main/DEBUG] (oshi.util.FileUtil) Reading file /sys/devices/system/cpu/cpu2/cache/index3/coherency_line_size
[00:31:42] [main/DEBUG] (oshi.util.FileUtil) Reading file /sys/devices/system/cpu/cpu2/cache/index3/coherency_line_size
[00:31:42] [main/DEBUG] (oshi.util.FileUtil) Reading file /sys/devices/system/cpu/cpu2/cache/index3/size
[00:31:42] [main/DEBUG] (oshi.util.FileUtil) Reading file /sys/devices/system/cpu/cpu2/cache/index3/size
[00:31:42] [main/DEBUG] (oshi.util.FileUtil) Reading file /sys/devices/system/cpu/cpu2/cache/index1/level
[00:31:42] [main/DEBUG] (oshi.util.FileUtil) Reading file /sys/devices/system/cpu/cpu2/cache/index1/level
[00:31:42] [main/DEBUG] (oshi.util.FileUtil) Reading file /sys/devices/system/cpu/cpu2/cache/index1/type
[00:31:42] [main/DEBUG] (oshi.util.FileUtil) Reading file /sys/devices/system/cpu/cpu2/cache/index1/type
[00:31:42] [main/DEBUG] (oshi.util.FileUtil) Reading file /sys/devices/system/cpu/cpu2/cache/index1/ways_of_associativity
[00:31:42] [main/DEBUG] (oshi.util.FileUtil) Reading file /sys/devices/system/cpu/cpu2/cache/index1/ways_of_associativity
[00:31:42] [main/DEBUG] (oshi.util.FileUtil) Reading file /sys/devices/system/cpu/cpu2/cache/index1/coherency_line_size
[00:31:42] [main/DEBUG] (oshi.util.FileUtil) Reading file /sys/devices/system/cpu/cpu2/cache/index1/coherency_line_size
[00:31:42] [main/DEBUG] (oshi.util.FileUtil) Reading file /sys/devices/system/cpu/cpu2/cache/index1/size
[00:31:42] [main/DEBUG] (oshi.util.FileUtil) Reading file /sys/devices/system/cpu/cpu2/cache/index1/size
[00:31:42] [main/DEBUG] (oshi.util.FileUtil) Reading file /sys/devices/system/cpu/cpu3/topology/core_id
[00:31:42] [main/DEBUG] (oshi.util.FileUtil) Reading file /sys/devices/system/cpu/cpu3/topology/core_id
[00:31:42] [main/DEBUG] (oshi.util.FileUtil) Reading file /sys/devices/system/cpu/cpu3/topology/physical_package_id
[00:31:42] [main/DEBUG] (oshi.util.FileUtil) Reading file /sys/devices/system/cpu/cpu3/topology/physical_package_id
[00:31:42] [main/DEBUG] (oshi.util.FileUtil) Reading file /sys/devices/system/cpu/cpu3/cpu_capacity
[00:31:42] [main/DEBUG] (oshi.util.FileUtil) Reading file /sys/devices/system/cpu/cpu3/cpu_capacity
[00:31:42] [main/DEBUG] (oshi.util.FileUtil) Reading file /sys/devices/system/cpu/cpu3/cache/index2/level
[00:31:42] [main/DEBUG] (oshi.util.FileUtil) Reading file /sys/devices/system/cpu/cpu3/cache/index2/level
[00:31:42] [main/DEBUG] (oshi.util.FileUtil) Reading file /sys/devices/system/cpu/cpu3/cache/index2/type
[00:31:42] [main/DEBUG] (oshi.util.FileUtil) Reading file /sys/devices/system/cpu/cpu3/cache/index2/type
[00:31:42] [main/DEBUG] (oshi.util.FileUtil) Reading file /sys/devices/system/cpu/cpu3/cache/index2/ways_of_associativity
[00:31:42] [main/DEBUG] (oshi.util.FileUtil) Reading file /sys/devices/system/cpu/cpu3/cache/index2/ways_of_associativity
[00:31:42] [main/DEBUG] (oshi.util.FileUtil) Reading file /sys/devices/system/cpu/cpu3/cache/index2/coherency_line_size
[00:31:42] [main/DEBUG] (oshi.util.FileUtil) Reading file /sys/devices/system/cpu/cpu3/cache/index2/coherency_line_size
[00:31:42] [main/DEBUG] (oshi.util.FileUtil) Reading file /sys/devices/system/cpu/cpu3/cache/index2/size
[00:31:42] [main/DEBUG] (oshi.util.FileUtil) Reading file /sys/devices/system/cpu/cpu3/cache/index2/size
[00:31:42] [main/DEBUG] (oshi.util.FileUtil) Reading file /sys/devices/system/cpu/cpu3/cache/index0/level
[00:31:42] [main/DEBUG] (oshi.util.FileUtil) Reading file /sys/devices/system/cpu/cpu3/cache/index0/level
[00:31:42] [main/DEBUG] (oshi.util.FileUtil) Reading file /sys/devices/system/cpu/cpu3/cache/index0/type
[00:31:42] [main/DEBUG] (oshi.util.FileUtil) Reading file /sys/devices/system/cpu/cpu3/cache/index0/type
[00:31:42] [main/DEBUG] (oshi.util.FileUtil) Reading file /sys/devices/system/cpu/cpu3/cache/index0/ways_of_associativity
[00:31:42] [main/DEBUG] (oshi.util.FileUtil) Reading file /sys/devices/system/cpu/cpu3/cache/index0/ways_of_associativity
[00:31:42] [main/DEBUG] (oshi.util.FileUtil) Reading file /sys/devices/system/cpu/cpu3/cache/index0/coherency_line_size
[00:31:42] [main/DEBUG] (oshi.util.FileUtil) Reading file /sys/devices/system/cpu/cpu3/cache/index0/coherency_line_size
[00:31:42] [main/DEBUG] (oshi.util.FileUtil) Reading file /sys/devices/system/cpu/cpu3/cache/index0/size
[00:31:42] [main/DEBUG] (oshi.util.FileUtil) Reading file /sys/devices/system/cpu/cpu3/cache/index0/size
[00:31:42] [main/DEBUG] (oshi.util.FileUtil) Reading file /sys/devices/system/cpu/cpu3/cache/index3/level
[00:31:42] [main/DEBUG] (oshi.util.FileUtil) Reading file /sys/devices/system/cpu/cpu3/cache/index3/level
[00:31:42] [main/DEBUG] (oshi.util.FileUtil) Reading file /sys/devices/system/cpu/cpu3/cache/index3/type
[00:31:42] [main/DEBUG] (oshi.util.FileUtil) Reading file /sys/devices/system/cpu/cpu3/cache/index3/type
[00:31:42] [main/DEBUG] (oshi.util.FileUtil) Reading file /sys/devices/system/cpu/cpu3/cache/index3/ways_of_associativity
[00:31:42] [main/DEBUG] (oshi.util.FileUtil) Reading file /sys/devices/system/cpu/cpu3/cache/index3/ways_of_associativity
[00:31:42] [main/DEBUG] (oshi.util.FileUtil) Reading file /sys/devices/system/cpu/cpu3/cache/index3/coherency_line_size
[00:31:42] [main/DEBUG] (oshi.util.FileUtil) Reading file /sys/devices/system/cpu/cpu3/cache/index3/coherency_line_size
[00:31:42] [main/DEBUG] (oshi.util.FileUtil) Reading file /sys/devices/system/cpu/cpu3/cache/index3/size
[00:31:42] [main/DEBUG] (oshi.util.FileUtil) Reading file /sys/devices/system/cpu/cpu3/cache/index3/size
[00:31:42] [main/DEBUG] (oshi.util.FileUtil) Reading file /sys/devices/system/cpu/cpu3/cache/index1/level
[00:31:42] [main/DEBUG] (oshi.util.FileUtil) Reading file /sys/devices/system/cpu/cpu3/cache/index1/level
[00:31:42] [main/DEBUG] (oshi.util.FileUtil) Reading file /sys/devices/system/cpu/cpu3/cache/index1/type
[00:31:42] [main/DEBUG] (oshi.util.FileUtil) Reading file /sys/devices/system/cpu/cpu3/cache/index1/type
[00:31:42] [main/DEBUG] (oshi.util.FileUtil) Reading file /sys/devices/system/cpu/cpu3/cache/index1/ways_of_associativity
[00:31:42] [main/DEBUG] (oshi.util.FileUtil) Reading file /sys/devices/system/cpu/cpu3/cache/index1/ways_of_associativity
[00:31:42] [main/DEBUG] (oshi.util.FileUtil) Reading file /sys/devices/system/cpu/cpu3/cache/index1/coherency_line_size
[00:31:42] [main/DEBUG] (oshi.util.FileUtil) Reading file /sys/devices/system/cpu/cpu3/cache/index1/coherency_line_size
[00:31:42] [main/DEBUG] (oshi.util.FileUtil) Reading file /sys/devices/system/cpu/cpu3/cache/index1/size
[00:31:42] [main/DEBUG] (oshi.util.FileUtil) Reading file /sys/devices/system/cpu/cpu3/cache/index1/size
[00:31:42] [main/DEBUG] (oshi.util.FileUtil) Reading file /sys/devices/system/cpu/cpu4/topology/core_id
[00:31:42] [main/DEBUG] (oshi.util.FileUtil) Reading file /sys/devices/system/cpu/cpu4/topology/core_id
[00:31:42] [main/DEBUG] (oshi.util.FileUtil) Reading file /sys/devices/system/cpu/cpu4/topology/physical_package_id
[00:31:42] [main/DEBUG] (oshi.util.FileUtil) Reading file /sys/devices/system/cpu/cpu4/topology/physical_package_id
[00:31:42] [main/DEBUG] (oshi.util.FileUtil) Reading file /sys/devices/system/cpu/cpu4/cpu_capacity
[00:31:42] [main/DEBUG] (oshi.util.FileUtil) Reading file /sys/devices/system/cpu/cpu4/cpu_capacity
[00:31:42] [main/DEBUG] (oshi.util.FileUtil) Reading file /sys/devices/system/cpu/cpu4/cache/index2/level
[00:31:42] [main/DEBUG] (oshi.util.FileUtil) Reading file /sys/devices/system/cpu/cpu4/cache/index2/level
[00:31:42] [main/DEBUG] (oshi.util.FileUtil) Reading file /sys/devices/system/cpu/cpu4/cache/index2/type
[00:31:42] [main/DEBUG] (oshi.util.FileUtil) Reading file /sys/devices/system/cpu/cpu4/cache/index2/type
[00:31:42] [main/DEBUG] (oshi.util.FileUtil) Reading file /sys/devices/system/cpu/cpu4/cache/index2/ways_of_associativity
[00:31:42] [main/DEBUG] (oshi.util.FileUtil) Reading file /sys/devices/system/cpu/cpu4/cache/index2/ways_of_associativity
[00:31:42] [main/DEBUG] (oshi.util.FileUtil) Reading file /sys/devices/system/cpu/cpu4/cache/index2/coherency_line_size
[00:31:42] [main/DEBUG] (oshi.util.FileUtil) Reading file /sys/devices/system/cpu/cpu4/cache/index2/coherency_line_size
[00:31:42] [main/DEBUG] (oshi.util.FileUtil) Reading file /sys/devices/system/cpu/cpu4/cache/index2/size
[00:31:42] [main/DEBUG] (oshi.util.FileUtil) Reading file /sys/devices/system/cpu/cpu4/cache/index2/size
[00:31:42] [main/DEBUG] (oshi.util.FileUtil) Reading file /sys/devices/system/cpu/cpu4/cache/index0/level
[00:31:42] [main/DEBUG] (oshi.util.FileUtil) Reading file /sys/devices/system/cpu/cpu4/cache/index0/level
[00:31:42] [main/DEBUG] (oshi.util.FileUtil) Reading file /sys/devices/system/cpu/cpu4/cache/index0/type
[00:31:42] [main/DEBUG] (oshi.util.FileUtil) Reading file /sys/devices/system/cpu/cpu4/cache/index0/type
[00:31:42] [main/DEBUG] (oshi.util.FileUtil) Reading file /sys/devices/system/cpu/cpu4/cache/index0/ways_of_associativity
[00:31:42] [main/DEBUG] (oshi.util.FileUtil) Reading file /sys/devices/system/cpu/cpu4/cache/index0/ways_of_associativity
[00:31:42] [main/DEBUG] (oshi.util.FileUtil) Reading file /sys/devices/system/cpu/cpu4/cache/index0/coherency_line_size
[00:31:42] [main/DEBUG] (oshi.util.FileUtil) Reading file /sys/devices/system/cpu/cpu4/cache/index0/coherency_line_size
[00:31:42] [main/DEBUG] (oshi.util.FileUtil) Reading file /sys/devices/system/cpu/cpu4/cache/index0/size
[00:31:42] [main/DEBUG] (oshi.util.FileUtil) Reading file /sys/devices/system/cpu/cpu4/cache/index0/size
[00:31:42] [main/DEBUG] (oshi.util.FileUtil) Reading file /sys/devices/system/cpu/cpu4/cache/index3/level
[00:31:42] [main/DEBUG] (oshi.util.FileUtil) Reading file /sys/devices/system/cpu/cpu4/cache/index3/level
[00:31:42] [main/DEBUG] (oshi.util.FileUtil) Reading file /sys/devices/system/cpu/cpu4/cache/index3/type
[00:31:42] [main/DEBUG] (oshi.util.FileUtil) Reading file /sys/devices/system/cpu/cpu4/cache/index3/type
[00:31:42] [main/DEBUG] (oshi.util.FileUtil) Reading file /sys/devices/system/cpu/cpu4/cache/index3/ways_of_associativity
[00:31:42] [main/DEBUG] (oshi.util.FileUtil) Reading file /sys/devices/system/cpu/cpu4/cache/index3/ways_of_associativity
[00:31:42] [main/DEBUG] (oshi.util.FileUtil) Reading file /sys/devices/system/cpu/cpu4/cache/index3/coherency_line_size
[00:31:42] [main/DEBUG] (oshi.util.FileUtil) Reading file /sys/devices/system/cpu/cpu4/cache/index3/coherency_line_size
[00:31:42] [main/DEBUG] (oshi.util.FileUtil) Reading file /sys/devices/system/cpu/cpu4/cache/index3/size
[00:31:42] [main/DEBUG] (oshi.util.FileUtil) Reading file /sys/devices/system/cpu/cpu4/cache/index3/size
[00:31:42] [main/DEBUG] (oshi.util.FileUtil) Reading file /sys/devices/system/cpu/cpu4/cache/index1/level
[00:31:42] [main/DEBUG] (oshi.util.FileUtil) Reading file /sys/devices/system/cpu/cpu4/cache/index1/level
[00:31:42] [main/DEBUG] (oshi.util.FileUtil) Reading file /sys/devices/system/cpu/cpu4/cache/index1/type
[00:31:42] [main/DEBUG] (oshi.util.FileUtil) Reading file /sys/devices/system/cpu/cpu4/cache/index1/type
[00:31:42] [main/DEBUG] (oshi.util.FileUtil) Reading file /sys/devices/system/cpu/cpu4/cache/index1/ways_of_associativity
[00:31:42] [main/DEBUG] (oshi.util.FileUtil) Reading file /sys/devices/system/cpu/cpu4/cache/index1/ways_of_associativity
[00:31:42] [main/DEBUG] (oshi.util.FileUtil) Reading file /sys/devices/system/cpu/cpu4/cache/index1/coherency_line_size
[00:31:42] [main/DEBUG] (oshi.util.FileUtil) Reading file /sys/devices/system/cpu/cpu4/cache/index1/coherency_line_size
[00:31:42] [main/DEBUG] (oshi.util.FileUtil) Reading file /sys/devices/system/cpu/cpu4/cache/index1/size
[00:31:42] [main/DEBUG] (oshi.util.FileUtil) Reading file /sys/devices/system/cpu/cpu4/cache/index1/size
[00:31:42] [main/DEBUG] (oshi.util.FileUtil) Reading file /sys/devices/system/cpu/cpu5/topology/core_id
[00:31:42] [main/DEBUG] (oshi.util.FileUtil) Reading file /sys/devices/system/cpu/cpu5/topology/core_id
[00:31:42] [main/DEBUG] (oshi.util.FileUtil) Reading file /sys/devices/system/cpu/cpu5/topology/physical_package_id
[00:31:42] [main/DEBUG] (oshi.util.FileUtil) Reading file /sys/devices/system/cpu/cpu5/topology/physical_package_id
[00:31:42] [main/DEBUG] (oshi.util.FileUtil) Reading file /sys/devices/system/cpu/cpu5/cpu_capacity
[00:31:42] [main/DEBUG] (oshi.util.FileUtil) Reading file /sys/devices/system/cpu/cpu5/cpu_capacity
[00:31:42] [main/DEBUG] (oshi.util.FileUtil) Reading file /sys/devices/system/cpu/cpu5/cache/index2/level
[00:31:42] [main/DEBUG] (oshi.util.FileUtil) Reading file /sys/devices/system/cpu/cpu5/cache/index2/level
[00:31:42] [main/DEBUG] (oshi.util.FileUtil) Reading file /sys/devices/system/cpu/cpu5/cache/index2/type
[00:31:42] [main/DEBUG] (oshi.util.FileUtil) Reading file /sys/devices/system/cpu/cpu5/cache/index2/type
[00:31:42] [main/DEBUG] (oshi.util.FileUtil) Reading file /sys/devices/system/cpu/cpu5/cache/index2/ways_of_associativity
[00:31:42] [main/DEBUG] (oshi.util.FileUtil) Reading file /sys/devices/system/cpu/cpu5/cache/index2/ways_of_associativity
[00:31:42] [main/DEBUG] (oshi.util.FileUtil) Reading file /sys/devices/system/cpu/cpu5/cache/index2/coherency_line_size
[00:31:42] [main/DEBUG] (oshi.util.FileUtil) Reading file /sys/devices/system/cpu/cpu5/cache/index2/coherency_line_size
[00:31:42] [main/DEBUG] (oshi.util.FileUtil) Reading file /sys/devices/system/cpu/cpu5/cache/index2/size
[00:31:42] [main/DEBUG] (oshi.util.FileUtil) Reading file /sys/devices/system/cpu/cpu5/cache/index2/size
[00:31:42] [main/DEBUG] (oshi.util.FileUtil) Reading file /sys/devices/system/cpu/cpu5/cache/index0/level
[00:31:42] [main/DEBUG] (oshi.util.FileUtil) Reading file /sys/devices/system/cpu/cpu5/cache/index0/level
[00:31:42] [main/DEBUG] (oshi.util.FileUtil) Reading file /sys/devices/system/cpu/cpu5/cache/index0/type
[00:31:42] [main/DEBUG] (oshi.util.FileUtil) Reading file /sys/devices/system/cpu/cpu5/cache/index0/type
[00:31:42] [main/DEBUG] (oshi.util.FileUtil) Reading file /sys/devices/system/cpu/cpu5/cache/index0/ways_of_associativity
[00:31:42] [main/DEBUG] (oshi.util.FileUtil) Reading file /sys/devices/system/cpu/cpu5/cache/index0/ways_of_associativity
[00:31:42] [main/DEBUG] (oshi.util.FileUtil) Reading file /sys/devices/system/cpu/cpu5/cache/index0/coherency_line_size
[00:31:42] [main/DEBUG] (oshi.util.FileUtil) Reading file /sys/devices/system/cpu/cpu5/cache/index0/coherency_line_size
[00:31:42] [main/DEBUG] (oshi.util.FileUtil) Reading file /sys/devices/system/cpu/cpu5/cache/index0/size
[00:31:42] [main/DEBUG] (oshi.util.FileUtil) Reading file /sys/devices/system/cpu/cpu5/cache/index0/size
[00:31:42] [main/DEBUG] (oshi.util.FileUtil) Reading file /sys/devices/system/cpu/cpu5/cache/index3/level
[00:31:42] [main/DEBUG] (oshi.util.FileUtil) Reading file /sys/devices/system/cpu/cpu5/cache/index3/level
[00:31:42] [main/DEBUG] (oshi.util.FileUtil) Reading file /sys/devices/system/cpu/cpu5/cache/index3/type
[00:31:42] [main/DEBUG] (oshi.util.FileUtil) Reading file /sys/devices/system/cpu/cpu5/cache/index3/type
[00:31:42] [main/DEBUG] (oshi.util.FileUtil) Reading file /sys/devices/system/cpu/cpu5/cache/index3/ways_of_associativity
[00:31:42] [main/DEBUG] (oshi.util.FileUtil) Reading file /sys/devices/system/cpu/cpu5/cache/index3/ways_of_associativity
[00:31:42] [main/DEBUG] (oshi.util.FileUtil) Reading file /sys/devices/system/cpu/cpu5/cache/index3/coherency_line_size
[00:31:42] [main/DEBUG] (oshi.util.FileUtil) Reading file /sys/devices/system/cpu/cpu5/cache/index3/coherency_line_size
[00:31:42] [main/DEBUG] (oshi.util.FileUtil) Reading file /sys/devices/system/cpu/cpu5/cache/index3/size
[00:31:42] [main/DEBUG] (oshi.util.FileUtil) Reading file /sys/devices/system/cpu/cpu5/cache/index3/size
[00:31:42] [main/DEBUG] (oshi.util.FileUtil) Reading file /sys/devices/system/cpu/cpu5/cache/index1/level
[00:31:42] [main/DEBUG] (oshi.util.FileUtil) Reading file /sys/devices/system/cpu/cpu5/cache/index1/level
[00:31:42] [main/DEBUG] (oshi.util.FileUtil) Reading file /sys/devices/system/cpu/cpu5/cache/index1/type
[00:31:42] [main/DEBUG] (oshi.util.FileUtil) Reading file /sys/devices/system/cpu/cpu5/cache/index1/type
[00:31:42] [main/DEBUG] (oshi.util.FileUtil) Reading file /sys/devices/system/cpu/cpu5/cache/index1/ways_of_associativity
[00:31:42] [main/DEBUG] (oshi.util.FileUtil) Reading file /sys/devices/system/cpu/cpu5/cache/index1/ways_of_associativity
[00:31:42] [main/DEBUG] (oshi.util.FileUtil) Reading file /sys/devices/system/cpu/cpu5/cache/index1/coherency_line_size
[00:31:42] [main/DEBUG] (oshi.util.FileUtil) Reading file /sys/devices/system/cpu/cpu5/cache/index1/coherency_line_size
[00:31:42] [main/DEBUG] (oshi.util.FileUtil) Reading file /sys/devices/system/cpu/cpu5/cache/index1/size
[00:31:42] [main/DEBUG] (oshi.util.FileUtil) Reading file /sys/devices/system/cpu/cpu5/cache/index1/size
[00:31:42] [main/DEBUG] (oshi.util.FileUtil) Reading file /sys/devices/system/cpu/cpu6/topology/core_id
[00:31:42] [main/DEBUG] (oshi.util.FileUtil) Reading file /sys/devices/system/cpu/cpu6/topology/core_id
[00:31:42] [main/DEBUG] (oshi.util.FileUtil) Reading file /sys/devices/system/cpu/cpu6/topology/physical_package_id
[00:31:42] [main/DEBUG] (oshi.util.FileUtil) Reading file /sys/devices/system/cpu/cpu6/topology/physical_package_id
[00:31:42] [main/DEBUG] (oshi.util.FileUtil) Reading file /sys/devices/system/cpu/cpu6/cpu_capacity
[00:31:42] [main/DEBUG] (oshi.util.FileUtil) Reading file /sys/devices/system/cpu/cpu6/cpu_capacity
[00:31:42] [main/DEBUG] (oshi.util.FileUtil) Reading file /sys/devices/system/cpu/cpu6/cache/index2/level
[00:31:42] [main/DEBUG] (oshi.util.FileUtil) Reading file /sys/devices/system/cpu/cpu6/cache/index2/level
[00:31:42] [main/DEBUG] (oshi.util.FileUtil) Reading file /sys/devices/system/cpu/cpu6/cache/index2/type
[00:31:42] [main/DEBUG] (oshi.util.FileUtil) Reading file /sys/devices/system/cpu/cpu6/cache/index2/type
[00:31:42] [main/DEBUG] (oshi.util.FileUtil) Reading file /sys/devices/system/cpu/cpu6/cache/index2/ways_of_associativity
[00:31:42] [main/DEBUG] (oshi.util.FileUtil) Reading file /sys/devices/system/cpu/cpu6/cache/index2/ways_of_associativity
[00:31:42] [main/DEBUG] (oshi.util.FileUtil) Reading file /sys/devices/system/cpu/cpu6/cache/index2/coherency_line_size
[00:31:42] [main/DEBUG] (oshi.util.FileUtil) Reading file /sys/devices/system/cpu/cpu6/cache/index2/coherency_line_size
[00:31:42] [main/DEBUG] (oshi.util.FileUtil) Reading file /sys/devices/system/cpu/cpu6/cache/index2/size
[00:31:42] [main/DEBUG] (oshi.util.FileUtil) Reading file /sys/devices/system/cpu/cpu6/cache/index2/size
[00:31:42] [main/DEBUG] (oshi.util.FileUtil) Reading file /sys/devices/system/cpu/cpu6/cache/index0/level
[00:31:42] [main/DEBUG] (oshi.util.FileUtil) Reading file /sys/devices/system/cpu/cpu6/cache/index0/level
[00:31:42] [main/DEBUG] (oshi.util.FileUtil) Reading file /sys/devices/system/cpu/cpu6/cache/index0/type
[00:31:42] [main/DEBUG] (oshi.util.FileUtil) Reading file /sys/devices/system/cpu/cpu6/cache/index0/type
[00:31:42] [main/DEBUG] (oshi.util.FileUtil) Reading file /sys/devices/system/cpu/cpu6/cache/index0/ways_of_associativity
[00:31:42] [main/DEBUG] (oshi.util.FileUtil) Reading file /sys/devices/system/cpu/cpu6/cache/index0/ways_of_associativity
[00:31:42] [main/DEBUG] (oshi.util.FileUtil) Reading file /sys/devices/system/cpu/cpu6/cache/index0/coherency_line_size
[00:31:42] [main/DEBUG] (oshi.util.FileUtil) Reading file /sys/devices/system/cpu/cpu6/cache/index0/coherency_line_size
[00:31:42] [main/DEBUG] (oshi.util.FileUtil) Reading file /sys/devices/system/cpu/cpu6/cache/index0/size
[00:31:42] [main/DEBUG] (oshi.util.FileUtil) Reading file /sys/devices/system/cpu/cpu6/cache/index0/size
[00:31:42] [main/DEBUG] (oshi.util.FileUtil) Reading file /sys/devices/system/cpu/cpu6/cache/index3/level
[00:31:42] [main/DEBUG] (oshi.util.FileUtil) Reading file /sys/devices/system/cpu/cpu6/cache/index3/level
[00:31:42] [main/DEBUG] (oshi.util.FileUtil) Reading file /sys/devices/system/cpu/cpu6/cache/index3/type
[00:31:42] [main/DEBUG] (oshi.util.FileUtil) Reading file /sys/devices/system/cpu/cpu6/cache/index3/type
[00:31:42] [main/DEBUG] (oshi.util.FileUtil) Reading file /sys/devices/system/cpu/cpu6/cache/index3/ways_of_associativity
[00:31:42] [main/DEBUG] (oshi.util.FileUtil) Reading file /sys/devices/system/cpu/cpu6/cache/index3/ways_of_associativity
[00:31:42] [main/DEBUG] (oshi.util.FileUtil) Reading file /sys/devices/system/cpu/cpu6/cache/index3/coherency_line_size
[00:31:42] [main/DEBUG] (oshi.util.FileUtil) Reading file /sys/devices/system/cpu/cpu6/cache/index3/coherency_line_size
[00:31:42] [main/DEBUG] (oshi.util.FileUtil) Reading file /sys/devices/system/cpu/cpu6/cache/index3/size
[00:31:42] [main/DEBUG] (oshi.util.FileUtil) Reading file /sys/devices/system/cpu/cpu6/cache/index3/size
[00:31:42] [main/DEBUG] (oshi.util.FileUtil) Reading file /sys/devices/system/cpu/cpu6/cache/index1/level
[00:31:42] [main/DEBUG] (oshi.util.FileUtil) Reading file /sys/devices/system/cpu/cpu6/cache/index1/level
[00:31:42] [main/DEBUG] (oshi.util.FileUtil) Reading file /sys/devices/system/cpu/cpu6/cache/index1/type
[00:31:42] [main/DEBUG] (oshi.util.FileUtil) Reading file /sys/devices/system/cpu/cpu6/cache/index1/type
[00:31:42] [main/DEBUG] (oshi.util.FileUtil) Reading file /sys/devices/system/cpu/cpu6/cache/index1/ways_of_associativity
[00:31:42] [main/DEBUG] (oshi.util.FileUtil) Reading file /sys/devices/system/cpu/cpu6/cache/index1/ways_of_associativity
[00:31:42] [main/DEBUG] (oshi.util.FileUtil) Reading file /sys/devices/system/cpu/cpu6/cache/index1/coherency_line_size
[00:31:42] [main/DEBUG] (oshi.util.FileUtil) Reading file /sys/devices/system/cpu/cpu6/cache/index1/coherency_line_size
[00:31:42] [main/DEBUG] (oshi.util.FileUtil) Reading file /sys/devices/system/cpu/cpu6/cache/index1/size
[00:31:42] [main/DEBUG] (oshi.util.FileUtil) Reading file /sys/devices/system/cpu/cpu6/cache/index1/size
[00:31:42] [main/DEBUG] (oshi.util.FileUtil) Reading file /sys/devices/system/cpu/cpu7/topology/core_id
[00:31:42] [main/DEBUG] (oshi.util.FileUtil) Reading file /sys/devices/system/cpu/cpu7/topology/core_id
[00:31:42] [main/DEBUG] (oshi.util.FileUtil) Reading file /sys/devices/system/cpu/cpu7/topology/physical_package_id
[00:31:42] [main/DEBUG] (oshi.util.FileUtil) Reading file /sys/devices/system/cpu/cpu7/topology/physical_package_id
[00:31:42] [main/DEBUG] (oshi.util.FileUtil) Reading file /sys/devices/system/cpu/cpu7/cpu_capacity
[00:31:42] [main/DEBUG] (oshi.util.FileUtil) Reading file /sys/devices/system/cpu/cpu7/cpu_capacity
[00:31:42] [main/DEBUG] (oshi.util.FileUtil) Reading file /sys/devices/system/cpu/cpu7/cache/index2/level
[00:31:42] [main/DEBUG] (oshi.util.FileUtil) Reading file /sys/devices/system/cpu/cpu7/cache/index2/level
[00:31:42] [main/DEBUG] (oshi.util.FileUtil) Reading file /sys/devices/system/cpu/cpu7/cache/index2/type
[00:31:42] [main/DEBUG] (oshi.util.FileUtil) Reading file /sys/devices/system/cpu/cpu7/cache/index2/type
[00:31:42] [main/DEBUG] (oshi.util.FileUtil) Reading file /sys/devices/system/cpu/cpu7/cache/index2/ways_of_associativity
[00:31:42] [main/DEBUG] (oshi.util.FileUtil) Reading file /sys/devices/system/cpu/cpu7/cache/index2/ways_of_associativity
[00:31:42] [main/DEBUG] (oshi.util.FileUtil) Reading file /sys/devices/system/cpu/cpu7/cache/index2/coherency_line_size
[00:31:42] [main/DEBUG] (oshi.util.FileUtil) Reading file /sys/devices/system/cpu/cpu7/cache/index2/coherency_line_size
[00:31:42] [main/DEBUG] (oshi.util.FileUtil) Reading file /sys/devices/system/cpu/cpu7/cache/index2/size
[00:31:42] [main/DEBUG] (oshi.util.FileUtil) Reading file /sys/devices/system/cpu/cpu7/cache/index2/size
[00:31:42] [main/DEBUG] (oshi.util.FileUtil) Reading file /sys/devices/system/cpu/cpu7/cache/index0/level
[00:31:42] [main/DEBUG] (oshi.util.FileUtil) Reading file /sys/devices/system/cpu/cpu7/cache/index0/level
[00:31:42] [main/DEBUG] (oshi.util.FileUtil) Reading file /sys/devices/system/cpu/cpu7/cache/index0/type
[00:31:42] [main/DEBUG] (oshi.util.FileUtil) Reading file /sys/devices/system/cpu/cpu7/cache/index0/type
[00:31:42] [main/DEBUG] (oshi.util.FileUtil) Reading file /sys/devices/system/cpu/cpu7/cache/index0/ways_of_associativity
[00:31:42] [main/DEBUG] (oshi.util.FileUtil) Reading file /sys/devices/system/cpu/cpu7/cache/index0/ways_of_associativity
[00:31:42] [main/DEBUG] (oshi.util.FileUtil) Reading file /sys/devices/system/cpu/cpu7/cache/index0/coherency_line_size
[00:31:42] [main/DEBUG] (oshi.util.FileUtil) Reading file /sys/devices/system/cpu/cpu7/cache/index0/coherency_line_size
[00:31:42] [main/DEBUG] (oshi.util.FileUtil) Reading file /sys/devices/system/cpu/cpu7/cache/index0/size
[00:31:42] [main/DEBUG] (oshi.util.FileUtil) Reading file /sys/devices/system/cpu/cpu7/cache/index0/size
[00:31:42] [main/DEBUG] (oshi.util.FileUtil) Reading file /sys/devices/system/cpu/cpu7/cache/index3/level
[00:31:42] [main/DEBUG] (oshi.util.FileUtil) Reading file /sys/devices/system/cpu/cpu7/cache/index3/level
[00:31:42] [main/DEBUG] (oshi.util.FileUtil) Reading file /sys/devices/system/cpu/cpu7/cache/index3/type
[00:31:42] [main/DEBUG] (oshi.util.FileUtil) Reading file /sys/devices/system/cpu/cpu7/cache/index3/type
[00:31:42] [main/DEBUG] (oshi.util.FileUtil) Reading file /sys/devices/system/cpu/cpu7/cache/index3/ways_of_associativity
[00:31:42] [main/DEBUG] (oshi.util.FileUtil) Reading file /sys/devices/system/cpu/cpu7/cache/index3/ways_of_associativity
[00:31:42] [main/DEBUG] (oshi.util.FileUtil) Reading file /sys/devices/system/cpu/cpu7/cache/index3/coherency_line_size
[00:31:42] [main/DEBUG] (oshi.util.FileUtil) Reading file /sys/devices/system/cpu/cpu7/cache/index3/coherency_line_size
[00:31:42] [main/DEBUG] (oshi.util.FileUtil) Reading file /sys/devices/system/cpu/cpu7/cache/index3/size
[00:31:42] [main/DEBUG] (oshi.util.FileUtil) Reading file /sys/devices/system/cpu/cpu7/cache/index3/size
[00:31:42] [main/DEBUG] (oshi.util.FileUtil) Reading file /sys/devices/system/cpu/cpu7/cache/index1/level
[00:31:42] [main/DEBUG] (oshi.util.FileUtil) Reading file /sys/devices/system/cpu/cpu7/cache/index1/level
[00:31:42] [main/DEBUG] (oshi.util.FileUtil) Reading file /sys/devices/system/cpu/cpu7/cache/index1/type
[00:31:42] [main/DEBUG] (oshi.util.FileUtil) Reading file /sys/devices/system/cpu/cpu7/cache/index1/type
[00:31:42] [main/DEBUG] (oshi.util.FileUtil) Reading file /sys/devices/system/cpu/cpu7/cache/index1/ways_of_associativity
[00:31:42] [main/DEBUG] (oshi.util.FileUtil) Reading file /sys/devices/system/cpu/cpu7/cache/index1/ways_of_associativity
[00:31:42] [main/DEBUG] (oshi.util.FileUtil) Reading file /sys/devices/system/cpu/cpu7/cache/index1/coherency_line_size
[00:31:42] [main/DEBUG] (oshi.util.FileUtil) Reading file /sys/devices/system/cpu/cpu7/cache/index1/coherency_line_size
[00:31:42] [main/DEBUG] (oshi.util.FileUtil) Reading file /sys/devices/system/cpu/cpu7/cache/index1/size
[00:31:42] [main/DEBUG] (oshi.util.FileUtil) Reading file /sys/devices/system/cpu/cpu7/cache/index1/size
[00:31:42] [main/DEBUG] (oshi.util.FileUtil) Reading file /sys/devices/system/cpu/cpu8/topology/core_id
[00:31:42] [main/DEBUG] (oshi.util.FileUtil) Reading file /sys/devices/system/cpu/cpu8/topology/core_id
[00:31:42] [main/DEBUG] (oshi.util.FileUtil) Reading file /sys/devices/system/cpu/cpu8/topology/physical_package_id
[00:31:42] [main/DEBUG] (oshi.util.FileUtil) Reading file /sys/devices/system/cpu/cpu8/topology/physical_package_id
[00:31:42] [main/DEBUG] (oshi.util.FileUtil) Reading file /sys/devices/system/cpu/cpu8/cpu_capacity
[00:31:42] [main/DEBUG] (oshi.util.FileUtil) Reading file /sys/devices/system/cpu/cpu8/cpu_capacity
[00:31:42] [main/DEBUG] (oshi.util.FileUtil) Reading file /sys/devices/system/cpu/cpu8/cache/index2/level
[00:31:42] [main/DEBUG] (oshi.util.FileUtil) Reading file /sys/devices/system/cpu/cpu8/cache/index2/level
[00:31:42] [main/DEBUG] (oshi.util.FileUtil) Reading file /sys/devices/system/cpu/cpu8/cache/index2/type
[00:31:42] [main/DEBUG] (oshi.util.FileUtil) Reading file /sys/devices/system/cpu/cpu8/cache/index2/type
[00:31:42] [main/DEBUG] (oshi.util.FileUtil) Reading file /sys/devices/system/cpu/cpu8/cache/index2/ways_of_associativity
[00:31:42] [main/DEBUG] (oshi.util.FileUtil) Reading file /sys/devices/system/cpu/cpu8/cache/index2/ways_of_associativity
[00:31:42] [main/DEBUG] (oshi.util.FileUtil) Reading file /sys/devices/system/cpu/cpu8/cache/index2/coherency_line_size
[00:31:42] [main/DEBUG] (oshi.util.FileUtil) Reading file /sys/devices/system/cpu/cpu8/cache/index2/coherency_line_size
[00:31:42] [main/DEBUG] (oshi.util.FileUtil) Reading file /sys/devices/system/cpu/cpu8/cache/index2/size
[00:31:42] [main/DEBUG] (oshi.util.FileUtil) Reading file /sys/devices/system/cpu/cpu8/cache/index2/size
[00:31:42] [main/DEBUG] (oshi.util.FileUtil) Reading file /sys/devices/system/cpu/cpu8/cache/index0/level
[00:31:42] [main/DEBUG] (oshi.util.FileUtil) Reading file /sys/devices/system/cpu/cpu8/cache/index0/level
[00:31:42] [main/DEBUG] (oshi.util.FileUtil) Reading file /sys/devices/system/cpu/cpu8/cache/index0/type
[00:31:42] [main/DEBUG] (oshi.util.FileUtil) Reading file /sys/devices/system/cpu/cpu8/cache/index0/type
[00:31:42] [main/DEBUG] (oshi.util.FileUtil) Reading file /sys/devices/system/cpu/cpu8/cache/index0/ways_of_associativity
[00:31:42] [main/DEBUG] (oshi.util.FileUtil) Reading file /sys/devices/system/cpu/cpu8/cache/index0/ways_of_associativity
[00:31:42] [main/DEBUG] (oshi.util.FileUtil) Reading file /sys/devices/system/cpu/cpu8/cache/index0/coherency_line_size
[00:31:42] [main/DEBUG] (oshi.util.FileUtil) Reading file /sys/devices/system/cpu/cpu8/cache/index0/coherency_line_size
[00:31:42] [main/DEBUG] (oshi.util.FileUtil) Reading file /sys/devices/system/cpu/cpu8/cache/index0/size
[00:31:42] [main/DEBUG] (oshi.util.FileUtil) Reading file /sys/devices/system/cpu/cpu8/cache/index0/size
[00:31:42] [main/DEBUG] (oshi.util.FileUtil) Reading file /sys/devices/system/cpu/cpu8/cache/index3/level
[00:31:42] [main/DEBUG] (oshi.util.FileUtil) Reading file /sys/devices/system/cpu/cpu8/cache/index3/level
[00:31:42] [main/DEBUG] (oshi.util.FileUtil) Reading file /sys/devices/system/cpu/cpu8/cache/index3/type
[00:31:42] [main/DEBUG] (oshi.util.FileUtil) Reading file /sys/devices/system/cpu/cpu8/cache/index3/type
[00:31:42] [main/DEBUG] (oshi.util.FileUtil) Reading file /sys/devices/system/cpu/cpu8/cache/index3/ways_of_associativity
[00:31:42] [main/DEBUG] (oshi.util.FileUtil) Reading file /sys/devices/system/cpu/cpu8/cache/index3/ways_of_associativity
[00:31:42] [main/DEBUG] (oshi.util.FileUtil) Reading file /sys/devices/system/cpu/cpu8/cache/index3/coherency_line_size
[00:31:42] [main/DEBUG] (oshi.util.FileUtil) Reading file /sys/devices/system/cpu/cpu8/cache/index3/coherency_line_size
[00:31:42] [main/DEBUG] (oshi.util.FileUtil) Reading file /sys/devices/system/cpu/cpu8/cache/index3/size
[00:31:42] [main/DEBUG] (oshi.util.FileUtil) Reading file /sys/devices/system/cpu/cpu8/cache/index3/size
[00:31:42] [main/DEBUG] (oshi.util.FileUtil) Reading file /sys/devices/system/cpu/cpu8/cache/index1/level
[00:31:42] [main/DEBUG] (oshi.util.FileUtil) Reading file /sys/devices/system/cpu/cpu8/cache/index1/level
[00:31:42] [main/DEBUG] (oshi.util.FileUtil) Reading file /sys/devices/system/cpu/cpu8/cache/index1/type
[00:31:42] [main/DEBUG] (oshi.util.FileUtil) Reading file /sys/devices/system/cpu/cpu8/cache/index1/type
[00:31:42] [main/DEBUG] (oshi.util.FileUtil) Reading file /sys/devices/system/cpu/cpu8/cache/index1/ways_of_associativity
[00:31:42] [main/DEBUG] (oshi.util.FileUtil) Reading file /sys/devices/system/cpu/cpu8/cache/index1/ways_of_associativity
[00:31:42] [main/DEBUG] (oshi.util.FileUtil) Reading file /sys/devices/system/cpu/cpu8/cache/index1/coherency_line_size
[00:31:42] [main/DEBUG] (oshi.util.FileUtil) Reading file /sys/devices/system/cpu/cpu8/cache/index1/coherency_line_size
[00:31:42] [main/DEBUG] (oshi.util.FileUtil) Reading file /sys/devices/system/cpu/cpu8/cache/index1/size
[00:31:42] [main/DEBUG] (oshi.util.FileUtil) Reading file /sys/devices/system/cpu/cpu8/cache/index1/size
[00:31:42] [main/DEBUG] (oshi.util.FileUtil) Reading file /sys/devices/system/cpu/cpu9/topology/core_id
[00:31:42] [main/DEBUG] (oshi.util.FileUtil) Reading file /sys/devices/system/cpu/cpu9/topology/core_id
[00:31:42] [main/DEBUG] (oshi.util.FileUtil) Reading file /sys/devices/system/cpu/cpu9/topology/physical_package_id
[00:31:42] [main/DEBUG] (oshi.util.FileUtil) Reading file /sys/devices/system/cpu/cpu9/topology/physical_package_id
[00:31:42] [main/DEBUG] (oshi.util.FileUtil) Reading file /sys/devices/system/cpu/cpu9/cpu_capacity
[00:31:42] [main/DEBUG] (oshi.util.FileUtil) Reading file /sys/devices/system/cpu/cpu9/cpu_capacity
[00:31:42] [main/DEBUG] (oshi.util.FileUtil) Reading file /sys/devices/system/cpu/cpu9/cache/index2/level
[00:31:42] [main/DEBUG] (oshi.util.FileUtil) Reading file /sys/devices/system/cpu/cpu9/cache/index2/level
[00:31:42] [main/DEBUG] (oshi.util.FileUtil) Reading file /sys/devices/system/cpu/cpu9/cache/index2/type
[00:31:42] [main/DEBUG] (oshi.util.FileUtil) Reading file /sys/devices/system/cpu/cpu9/cache/index2/type
[00:31:42] [main/DEBUG] (oshi.util.FileUtil) Reading file /sys/devices/system/cpu/cpu9/cache/index2/ways_of_associativity
[00:31:42] [main/DEBUG] (oshi.util.FileUtil) Reading file /sys/devices/system/cpu/cpu9/cache/index2/ways_of_associativity
[00:31:42] [main/DEBUG] (oshi.util.FileUtil) Reading file /sys/devices/system/cpu/cpu9/cache/index2/coherency_line_size
[00:31:42] [main/DEBUG] (oshi.util.FileUtil) Reading file /sys/devices/system/cpu/cpu9/cache/index2/coherency_line_size
[00:31:42] [main/DEBUG] (oshi.util.FileUtil) Reading file /sys/devices/system/cpu/cpu9/cache/index2/size
[00:31:42] [main/DEBUG] (oshi.util.FileUtil) Reading file /sys/devices/system/cpu/cpu9/cache/index2/size
[00:31:42] [main/DEBUG] (oshi.util.FileUtil) Reading file /sys/devices/system/cpu/cpu9/cache/index0/level
[00:31:42] [main/DEBUG] (oshi.util.FileUtil) Reading file /sys/devices/system/cpu/cpu9/cache/index0/level
[00:31:42] [main/DEBUG] (oshi.util.FileUtil) Reading file /sys/devices/system/cpu/cpu9/cache/index0/type
[00:31:42] [main/DEBUG] (oshi.util.FileUtil) Reading file /sys/devices/system/cpu/cpu9/cache/index0/type
[00:31:42] [main/DEBUG] (oshi.util.FileUtil) Reading file /sys/devices/system/cpu/cpu9/cache/index0/ways_of_associativity
[00:31:42] [main/DEBUG] (oshi.util.FileUtil) Reading file /sys/devices/system/cpu/cpu9/cache/index0/ways_of_associativity
[00:31:42] [main/DEBUG] (oshi.util.FileUtil) Reading file /sys/devices/system/cpu/cpu9/cache/index0/coherency_line_size
[00:31:42] [main/DEBUG] (oshi.util.FileUtil) Reading file /sys/devices/system/cpu/cpu9/cache/index0/coherency_line_size
[00:31:42] [main/DEBUG] (oshi.util.FileUtil) Reading file /sys/devices/system/cpu/cpu9/cache/index0/size
[00:31:42] [main/DEBUG] (oshi.util.FileUtil) Reading file /sys/devices/system/cpu/cpu9/cache/index0/size
[00:31:42] [main/DEBUG] (oshi.util.FileUtil) Reading file /sys/devices/system/cpu/cpu9/cache/index3/level
[00:31:42] [main/DEBUG] (oshi.util.FileUtil) Reading file /sys/devices/system/cpu/cpu9/cache/index3/level
[00:31:42] [main/DEBUG] (oshi.util.FileUtil) Reading file /sys/devices/system/cpu/cpu9/cache/index3/type
[00:31:42] [main/DEBUG] (oshi.util.FileUtil) Reading file /sys/devices/system/cpu/cpu9/cache/index3/type
[00:31:42] [main/DEBUG] (oshi.util.FileUtil) Reading file /sys/devices/system/cpu/cpu9/cache/index3/ways_of_associativity
[00:31:42] [main/DEBUG] (oshi.util.FileUtil) Reading file /sys/devices/system/cpu/cpu9/cache/index3/ways_of_associativity
[00:31:42] [main/DEBUG] (oshi.util.FileUtil) Reading file /sys/devices/system/cpu/cpu9/cache/index3/coherency_line_size
[00:31:42] [main/DEBUG] (oshi.util.FileUtil) Reading file /sys/devices/system/cpu/cpu9/cache/index3/coherency_line_size
[00:31:42] [main/DEBUG] (oshi.util.FileUtil) Reading file /sys/devices/system/cpu/cpu9/cache/index3/size
[00:31:42] [main/DEBUG] (oshi.util.FileUtil) Reading file /sys/devices/system/cpu/cpu9/cache/index3/size
[00:31:42] [main/DEBUG] (oshi.util.FileUtil) Reading file /sys/devices/system/cpu/cpu9/cache/index1/level
[00:31:42] [main/DEBUG] (oshi.util.FileUtil) Reading file /sys/devices/system/cpu/cpu9/cache/index1/level
[00:31:42] [main/DEBUG] (oshi.util.FileUtil) Reading file /sys/devices/system/cpu/cpu9/cache/index1/type
[00:31:42] [main/DEBUG] (oshi.util.FileUtil) Reading file /sys/devices/system/cpu/cpu9/cache/index1/type
[00:31:42] [main/DEBUG] (oshi.util.FileUtil) Reading file /sys/devices/system/cpu/cpu9/cache/index1/ways_of_associativity
[00:31:42] [main/DEBUG] (oshi.util.FileUtil) Reading file /sys/devices/system/cpu/cpu9/cache/index1/ways_of_associativity
[00:31:42] [main/DEBUG] (oshi.util.FileUtil) Reading file /sys/devices/system/cpu/cpu9/cache/index1/coherency_line_size
[00:31:42] [main/DEBUG] (oshi.util.FileUtil) Reading file /sys/devices/system/cpu/cpu9/cache/index1/coherency_line_size
[00:31:42] [main/DEBUG] (oshi.util.FileUtil) Reading file /sys/devices/system/cpu/cpu9/cache/index1/size
[00:31:42] [main/DEBUG] (oshi.util.FileUtil) Reading file /sys/devices/system/cpu/cpu9/cache/index1/size
[00:31:42] [main/DEBUG] (oshi.util.FileUtil) Reading file /proc/cpuinfo
[00:31:42] [main/DEBUG] (oshi.util.FileUtil) Reading file /proc/cpuinfo
[00:31:42] [main/DEBUG] (oshi.util.FileUtil) Reading file /proc/self/auxv
[00:31:42] [main/DEBUG] (oshi.util.FileUtil) Reading file /proc/meminfo
[00:31:42] [main/DEBUG] (oshi.util.FileUtil) Reading file /proc/meminfo
[00:31:42] [main/DEBUG] (FabricLoader/Mixin) Mixing BootstrapMixin from fabric-registry-sync-v0.mixins.json into net.minecraft.Bootstrap
[00:31:42] [main/DEBUG] (FabricLoader/Mixin) Renaming synthetic method lambda$afterInitialize$1(Lnet/minecraft/fluid/Fluid;)Ljava/util/Collection; to md040614$fabric-registry-sync-v0$lambda$afterInitialize$1$0 in fabric-registry-sync-v0.mixins.json:BootstrapMixin from mod fabric-registry-sync-v0
[00:31:42] [main/DEBUG] (FabricLoader/Mixin) Renaming synthetic method lambda$afterInitialize$0(Lnet/minecraft/block/Block;)Ljava/util/Collection; to md040614$fabric-registry-sync-v0$lambda$afterInitialize$0$1 in fabric-registry-sync-v0.mixins.json:BootstrapMixin from mod fabric-registry-sync-v0
[00:31:42] [main/DEBUG] (FabricLoader/Mixin) fabric-registry-sync-v0.mixins.json:BootstrapMixin from mod fabric-registry-sync-v0->@Inject::afterInitialize(Lorg/spongepowered/asm/mixin/injection/callback/CallbackInfo;)V doesn't use it's CallbackInfo
[00:31:42] [main/DEBUG] (FabricLoader/Mixin) Mixing RegistryMixin from fabric-registry-sync-v0.mixins.json into net.minecraft.registry.Registry
[00:31:42] [main/DEBUG] (FabricLoader/Mixin) Mixing RegistriesMixin from fabric-item-api-v1.mixins.json into net.minecraft.registry.Registries
[00:31:42] [main/DEBUG] (FabricLoader/Mixin) Mixing RegistriesAccessor from fabric-registry-sync-v0.mixins.json into net.minecraft.registry.Registries
[00:31:42] [main/DEBUG] (FabricLoader/Mixin) Renaming @Accessor method getROOT()Lnet/minecraft/registry/MutableRegistry; to getROOT$fabric-registry-sync-v0_$md$040614$0 in fabric-registry-sync-v0.mixins.json:RegistriesAccessor from mod fabric-registry-sync-v0
[00:31:42] [main/DEBUG] (FabricLoader/Mixin) Mixing RegistriesMixin from fabric-registry-sync-v0.mixins.json into net.minecraft.registry.Registries
[00:31:42] [main/DEBUG] (FabricLoader/Mixin) fabric-item-api-v1.mixins.json:RegistriesMixin from mod fabric-item-api-v1->@Inject::modifyDefaultItemComponents(Lorg/spongepowered/asm/mixin/injection/callback/CallbackInfo;)V doesn't use it's CallbackInfo
[00:31:42] [main/DEBUG] (FabricLoader/Mixin) fabric-registry-sync-v0.mixins.json:RegistriesMixin from mod fabric-registry-sync-v0->@Inject::init(Lorg/spongepowered/asm/mixin/injection/callback/CallbackInfo;)V does use it's CallbackInfo
[00:31:42] [main/DEBUG] (FabricLoader/Mixin) Mixing SimpleRegistryAccessor from fabric-registry-sync-v0.mixins.json into net.minecraft.registry.SimpleRegistry
[00:31:42] [main/DEBUG] (FabricLoader/Mixin) Mixing SimpleRegistryMixin from fabric-registry-sync-v0.mixins.json into net.minecraft.registry.SimpleRegistry
[00:31:42] [main/DEBUG] (FabricLoader/Mixin) Renaming synthetic method lambda$init$4([Lnet/fabricmc/fabric/api/event/registry/RegistryIdRemapCallback;)Lnet/fabricmc/fabric/api/event/registry/RegistryIdRemapCallback; to md040614$fabric-registry-sync-v0$lambda$init$4$0 in fabric-registry-sync-v0.mixins.json:SimpleRegistryMixin from mod fabric-registry-sync-v0
[00:31:42] [main/DEBUG] (FabricLoader/Mixin) Renaming synthetic method lambda$init$3([Lnet/fabricmc/fabric/api/event/registry/RegistryIdRemapCallback;Lnet/fabricmc/fabric/api/event/registry/RegistryIdRemapCallback$RemapState;)V to md040614$fabric-registry-sync-v0$lambda$init$3$1 in fabric-registry-sync-v0.mixins.json:SimpleRegistryMixin from mod fabric-registry-sync-v0
[00:31:42] [main/DEBUG] (FabricLoader/Mixin) Renaming synthetic method lambda$init$2(ILnet/minecraft/util/Identifier;Ljava/lang/Object;)V to md040614$fabric-registry-sync-v0$lambda$init$2$2 in fabric-registry-sync-v0.mixins.json:SimpleRegistryMixin from mod fabric-registry-sync-v0
[00:31:42] [main/DEBUG] (FabricLoader/Mixin) Renaming synthetic method lambda$init$1([Lnet/fabricmc/fabric/api/event/registry/RegistryEntryAddedCallback;)Lnet/fabricmc/fabric/api/event/registry/RegistryEntryAddedCallback; to md040614$fabric-registry-sync-v0$lambda$init$1$3 in fabric-registry-sync-v0.mixins.json:SimpleRegistryMixin from mod fabric-registry-sync-v0
[00:31:42] [main/DEBUG] (FabricLoader/Mixin) Renaming synthetic method lambda$init$0([Lnet/fabricmc/fabric/api/event/registry/RegistryEntryAddedCallback;ILnet/minecraft/util/Identifier;Ljava/lang/Object;)V to md040614$fabric-registry-sync-v0$lambda$init$0$4 in fabric-registry-sync-v0.mixins.json:SimpleRegistryMixin from mod fabric-registry-sync-v0
[00:31:42] [main/DEBUG] (FabricLoader/Mixin) Mixing SimpleRegistryMixin from fabric-tag-api-v1.mixins.json into net.minecraft.registry.SimpleRegistry
[00:31:42] [main/DEBUG] (FabricLoader/Mixin) fabric-registry-sync-v0.mixins.json:SimpleRegistryMixin from mod fabric-registry-sync-v0->@Inject::init(Lnet/minecraft/registry/RegistryKey;Lcom/mojang/serialization/Lifecycle;ZLorg/spongepowered/asm/mixin/injection/callback/CallbackInfo;)V doesn't use it's CallbackInfo
[00:31:42] [main/DEBUG] (FabricLoader/Mixin) fabric-registry-sync-v0.mixins.json:SimpleRegistryMixin from mod fabric-registry-sync-v0->@Inject::init(Lnet/minecraft/registry/RegistryKey;Lcom/mojang/serialization/Lifecycle;ZLorg/spongepowered/asm/mixin/injection/callback/CallbackInfo;)V has 0 override(s) in child classes
[00:31:42] [main/DEBUG] (FabricLoader/Mixin) fabric-registry-sync-v0.mixins.json:SimpleRegistryMixin from mod fabric-registry-sync-v0->@Inject::init(Lnet/minecraft/registry/RegistryKey;Lcom/mojang/serialization/Lifecycle;ZLorg/spongepowered/asm/mixin/injection/callback/CallbackInfo;)V won't be passed a CallbackInfo as a result
[00:31:42] [main/DEBUG] (FabricLoader/Mixin) fabric-registry-sync-v0.mixins.json:SimpleRegistryMixin from mod fabric-registry-sync-v0->@Inject::set(Lnet/minecraft/registry/RegistryKey;Ljava/lang/Object;Lnet/minecraft/registry/entry/RegistryEntryInfo;Lorg/spongepowered/asm/mixin/injection/callback/CallbackInfoReturnable;)V does use it's CallbackInfoReturnable
[00:31:42] [main/DEBUG] (FabricLoader/Mixin) Mixing RegistryKeysMixin from fabric-registry-sync-v0.mixins.json into net.minecraft.registry.RegistryKeys
[00:31:42] [main/DEBUG] (FabricLoader/Mixin) Mixing ArgumentTypesAccessor from fabric-command-api-v2.mixins.json into net.minecraft.command.argument.ArgumentTypes
[00:31:42] [main/DEBUG] (FabricLoader/Mixin) Renaming @Accessor method fabric_getClassMap()Ljava/util/Map; to fabric_getClassMap$fabric-command-api-v2_$md$040614$0 in fabric-command-api-v2.mixins.json:ArgumentTypesAccessor from mod fabric-command-api-v2
[00:31:42] [main/DEBUG] (FabricLoader/Mixin) Mixing ItemGroupsMixin from fabric-item-group-api-v1.mixins.json into net.minecraft.item.ItemGroups
[00:31:42] [main/DEBUG] (FabricLoader/Mixin) Renaming synthetic method lambda$paginateGroups$0(Lnet/minecraft/registry/entry/RegistryEntry$Reference;Lnet/minecraft/registry/entry/RegistryEntry$Reference;)I to md040614$fabric-item-group-api-v1$lambda$paginateGroups$0$0 in fabric-item-group-api-v1.mixins.json:ItemGroupsMixin from mod fabric-item-group-api-v1
[00:31:42] [main/DEBUG] (FabricLoader/Mixin) fabric-item-group-api-v1.mixins.json:ItemGroupsMixin from mod fabric-item-group-api-v1->@Inject::deferDuplicateCheck(Lorg/spongepowered/asm/mixin/injection/callback/CallbackInfo;)V does use it's CallbackInfo
[00:31:42] [main/DEBUG] (FabricLoader/Mixin) fabric-item-group-api-v1.mixins.json:ItemGroupsMixin from mod fabric-item-group-api-v1->@Inject::paginateGroups(Lorg/spongepowered/asm/mixin/injection/callback/CallbackInfo;)V doesn't use it's CallbackInfo
[00:31:42] [main/DEBUG] (FabricLoader/Mixin) Mixing ItemGroupAccessor from fabric-item-group-api-v1.mixins.json into net.minecraft.item.ItemGroup
[00:31:42] [main/DEBUG] (FabricLoader/Mixin) Mixing ItemGroupMixin from fabric-item-group-api-v1.mixins.json into net.minecraft.item.ItemGroup
[00:31:42] [main/DEBUG] (FabricLoader/Mixin) Renaming synthetic method lambda$getStacks$0(Lnet/minecraft/item/ItemGroup;)Ljava/lang/IllegalStateException; to md040614$fabric-item-group-api-v1$lambda$getStacks$0$0 in fabric-item-group-api-v1.mixins.json:ItemGroupMixin from mod fabric-item-group-api-v1
[00:31:42] [main/DEBUG] (FabricLoader/Mixin) fabric-item-group-api-v1.mixins.json:ItemGroupMixin from mod fabric-item-group-api-v1->@Inject::getStacks(Lnet/minecraft/item/ItemGroup$DisplayContext;Lorg/spongepowered/asm/mixin/injection/callback/CallbackInfo;)V doesn't use it's CallbackInfo
[00:31:42] [main/DEBUG] (FabricLoader/Mixin) fabric-item-group-api-v1.mixins.json:ItemGroupMixin from mod fabric-item-group-api-v1->@Inject::getStacks(Lnet/minecraft/item/ItemGroup$DisplayContext;Lorg/spongepowered/asm/mixin/injection/callback/CallbackInfo;)V has 0 override(s) in child classes
[00:31:42] [main/DEBUG] (FabricLoader/Mixin) fabric-item-group-api-v1.mixins.json:ItemGroupMixin from mod fabric-item-group-api-v1->@Inject::getStacks(Lnet/minecraft/item/ItemGroup$DisplayContext;Lorg/spongepowered/asm/mixin/injection/callback/CallbackInfo;)V won't be passed a CallbackInfo as a result
[00:31:42] [main/DEBUG] (FabricLoader/Mixin) Mixing FireBlockMixin from fabric-content-registries-v0.mixins.json into net.minecraft.block.FireBlock
[00:31:42] [main/DEBUG] (FabricLoader/Mixin) fabric-content-registries-v0.mixins.json:FireBlockMixin from mod fabric-content-registries-v0->@Inject::afterConstruct(Lnet/minecraft/block/AbstractBlock$Settings;Lorg/spongepowered/asm/mixin/injection/callback/CallbackInfo;)V doesn't use it's CallbackInfo
[00:31:42] [main/DEBUG] (FabricLoader/Mixin) fabric-content-registries-v0.mixins.json:FireBlockMixin from mod fabric-content-registries-v0->@Inject::afterConstruct(Lnet/minecraft/block/AbstractBlock$Settings;Lorg/spongepowered/asm/mixin/injection/callback/CallbackInfo;)V has 0 override(s) in child classes
[00:31:42] [main/DEBUG] (FabricLoader/Mixin) fabric-content-registries-v0.mixins.json:FireBlockMixin from mod fabric-content-registries-v0->@Inject::afterConstruct(Lnet/minecraft/block/AbstractBlock$Settings;Lorg/spongepowered/asm/mixin/injection/callback/CallbackInfo;)V won't be passed a CallbackInfo as a result
[00:31:42] [main/DEBUG] (FabricLoader/Mixin) fabric-content-registries-v0.mixins.json:FireBlockMixin from mod fabric-content-registries-v0->@Inject::getFabricBurnChance(Lnet/minecraft/block/BlockState;Lorg/spongepowered/asm/mixin/injection/callback/CallbackInfoReturnable;)V does use it's CallbackInfoReturnable
[00:31:42] [main/DEBUG] (FabricLoader/Mixin) fabric-content-registries-v0.mixins.json:FireBlockMixin from mod fabric-content-registries-v0->@Inject::getFabricSpreadChance(Lnet/minecraft/block/BlockState;Lorg/spongepowered/asm/mixin/injection/callback/CallbackInfoReturnable;)V does use it's CallbackInfoReturnable
[00:31:42] [main/DEBUG] (FabricLoader/Mixin) Mixing BlockMixin from fabric-block-api-v1.mixins.json into net.minecraft.block.Block
[00:31:42] [main/DEBUG] (FabricLoader/Mixin) Mixing AbstractBlockAccessor from fabric-content-registries-v0.mixins.json into net.minecraft.block.AbstractBlock
[00:31:42] [main/DEBUG] (FabricLoader/Mixin) Mixing BlockViewMixin from fabric-block-view-api-v2.mixins.json into net.minecraft.world.BlockView
[00:31:42] [main/DEBUG] (FabricLoader/Mixin) Mixing EntityMixin from fabric-particles-v1.mixins.json into net.minecraft.entity.Entity
[00:31:42] [main/DEBUG] (FabricLoader/Mixin) Mixing AttachmentTargetsMixin from fabric-data-attachment-api-v1.mixins.json into net.minecraft.entity.Entity
[00:31:42] [main/DEBUG] (FabricLoader/Mixin) Renaming synthetic method lambda$fabric_readAttachmentsFromNbt$3(Lnet/minecraft/storage/ReadView;Lnet/fabricmc/fabric/api/attachment/v1/AttachmentType;Ljava/lang/Object;)V to md040614$fabric-data-attachment-api-v1$lambda$fabric_readAttachmentsFromNbt$3$0 in fabric-data-attachment-api-v1.mixins.json:AttachmentTargetsMixin from mod fabric-data-attachment-api-v1
[00:31:42] [main/DEBUG] (FabricLoader/Mixin) Renaming synthetic method lambda$onAttachedSet$2(Lnet/fabricmc/fabric/api/attachment/v1/AttachmentType;)Lnet/fabricmc/fabric/api/event/Event; to md040614$fabric-data-attachment-api-v1$lambda$onAttachedSet$2$1 in fabric-data-attachment-api-v1.mixins.json:AttachmentTargetsMixin from mod fabric-data-attachment-api-v1
[00:31:42] [main/DEBUG] (FabricLoader/Mixin) Renaming synthetic method lambda$onAttachedSet$1([Lnet/fabricmc/fabric/api/attachment/v1/AttachmentTarget$OnAttachedSet;)Lnet/fabricmc/fabric/api/attachment/v1/AttachmentTarget$OnAttachedSet; to md040614$fabric-data-attachment-api-v1$lambda$onAttachedSet$1$2 in fabric-data-attachment-api-v1.mixins.json:AttachmentTargetsMixin from mod fabric-data-attachment-api-v1
[00:31:42] [main/DEBUG] (FabricLoader/Mixin) Renaming synthetic method lambda$onAttachedSet$0([Lnet/fabricmc/fabric/api/attachment/v1/AttachmentTarget$OnAttachedSet;Ljava/lang/Object;Ljava/lang/Object;)V to md040614$fabric-data-attachment-api-v1$lambda$onAttachedSet$0$3 in fabric-data-attachment-api-v1.mixins.json:AttachmentTargetsMixin from mod fabric-data-attachment-api-v1
[00:31:42] [main/DEBUG] (FabricLoader/Mixin) Mixing EntityMixin from fabric-data-attachment-api-v1.mixins.json into net.minecraft.entity.Entity
[00:31:42] [main/DEBUG] (FabricLoader/Mixin) Renaming synthetic method lambda$fabric_syncChange$0(Lnet/fabricmc/fabric/api/attachment/v1/AttachmentSyncPredicate;Lnet/fabricmc/fabric/impl/attachment/sync/AttachmentChange;Lnet/minecraft/server/network/ServerPlayerEntity;)V to md040614$fabric-data-attachment-api-v1$lambda$fabric_syncChange$0$4 in fabric-data-attachment-api-v1.mixins.json:EntityMixin from mod fabric-data-attachment-api-v1
[00:31:42] [main/DEBUG] (FabricLoader/Mixin) Mixing EntityMixin from fabric-entity-events-v1.mixins.json into net.minecraft.entity.Entity
[00:31:42] [main/DEBUG] (FabricLoader/Mixin) Mixing EntityAccess from jade.mixins.json into net.minecraft.entity.Entity
[00:31:42] [Datafixer Bootstrap/INFO] (com.mojang.datafixers.DataFixerBuilder) 278 Datafixer optimizations took 466 milliseconds
[00:31:42] [main/DEBUG] (FabricLoader/Mixin) fabric-data-attachment-api-v1.mixins.json:EntityMixin from mod fabric-data-attachment-api-v1->@Inject::readEntityAttachments(Lnet/minecraft/storage/ReadView;Lorg/spongepowered/asm/mixin/injection/callback/CallbackInfo;)V doesn't use it's CallbackInfo
[00:31:42] [main/DEBUG] (FabricLoader/Mixin) fabric-data-attachment-api-v1.mixins.json:EntityMixin from mod fabric-data-attachment-api-v1->@Inject::readEntityAttachments(Lnet/minecraft/storage/ReadView;Lorg/spongepowered/asm/mixin/injection/callback/CallbackInfo;)V has 0 override(s) in child classes
[00:31:42] [main/DEBUG] (FabricLoader/Mixin) fabric-data-attachment-api-v1.mixins.json:EntityMixin from mod fabric-data-attachment-api-v1->@Inject::readEntityAttachments(Lnet/minecraft/storage/ReadView;Lorg/spongepowered/asm/mixin/injection/callback/CallbackInfo;)V won't be passed a CallbackInfo as a result
[00:31:42] [main/DEBUG] (FabricLoader/Mixin) fabric-data-attachment-api-v1.mixins.json:EntityMixin from mod fabric-data-attachment-api-v1->@Inject::writeEntityAttachments(Lnet/minecraft/storage/WriteView;Lorg/spongepowered/asm/mixin/injection/callback/CallbackInfo;)V doesn't use it's CallbackInfo
[00:31:42] [main/DEBUG] (FabricLoader/Mixin) fabric-data-attachment-api-v1.mixins.json:EntityMixin from mod fabric-data-attachment-api-v1->@Inject::writeEntityAttachments(Lnet/minecraft/storage/WriteView;Lorg/spongepowered/asm/mixin/injection/callback/CallbackInfo;)V has 0 override(s) in child classes
[00:31:42] [main/DEBUG] (FabricLoader/Mixin) fabric-data-attachment-api-v1.mixins.json:EntityMixin from mod fabric-data-attachment-api-v1->@Inject::writeEntityAttachments(Lnet/minecraft/storage/WriteView;Lorg/spongepowered/asm/mixin/injection/callback/CallbackInfo;)V won't be passed a CallbackInfo as a result
[00:31:42] [main/DEBUG] (FabricLoader/Mixin) Mixing PlayerEntityMixin from accidental-sweep.mixins.json into net.minecraft.entity.player.PlayerEntity
[00:31:42] [main/DEBUG] (FabricLoader/Mixin) Renaming synthetic method lambda$b$0(Lnet/minecraft/entity/player/PlayerEntity;Lnet/minecraft/world/World;Lnet/minecraft/util/Hand;Lnet/minecraft/entity/Entity;Lnet/minecraft/util/hit/EntityHitResult;)Lnet/minecraft/util/ActionResult; to md040614$accidental-sweep$lambda$b$0$0 in accidental-sweep.mixins.json:PlayerEntityMixin from mod accidental-sweep
[00:31:42] [main/DEBUG] (FabricLoader/Mixin) Mixing PlayerEntityMixin from fabric-entity-events-v1.mixins.json into net.minecraft.entity.player.PlayerEntity
[00:31:42] [main/DEBUG] (FabricLoader/Mixin) accidental-sweep.mixins.json:PlayerEntityMixin from mod accidental-sweep->@Inject::a(Lnet/minecraft/entity/Entity;Lorg/spongepowered/asm/mixin/injection/callback/CallbackInfo;)V doesn't use it's CallbackInfo
[00:31:42] [main/DEBUG] (FabricLoader/Mixin) accidental-sweep.mixins.json:PlayerEntityMixin from mod accidental-sweep->@Inject::a(Lnet/minecraft/entity/Entity;Lorg/spongepowered/asm/mixin/injection/callback/CallbackInfo;)V has 0 override(s) in child classes
[00:31:42] [main/DEBUG] (FabricLoader/Mixin) accidental-sweep.mixins.json:PlayerEntityMixin from mod accidental-sweep->@Inject::a(Lnet/minecraft/entity/Entity;Lorg/spongepowered/asm/mixin/injection/callback/CallbackInfo;)V won't be passed a CallbackInfo as a result
[00:31:42] [main/DEBUG] (FabricLoader/Mixin) accidental-sweep.mixins.json:PlayerEntityMixin from mod accidental-sweep->@Inject::b(Lnet/minecraft/entity/Entity;Lorg/spongepowered/asm/mixin/injection/callback/CallbackInfo;)V doesn't use it's CallbackInfo
[00:31:42] [main/DEBUG] (FabricLoader/Mixin) accidental-sweep.mixins.json:PlayerEntityMixin from mod accidental-sweep->@Inject::b(Lnet/minecraft/entity/Entity;Lorg/spongepowered/asm/mixin/injection/callback/CallbackInfo;)V has 0 override(s) in child classes
[00:31:42] [main/DEBUG] (FabricLoader/Mixin) accidental-sweep.mixins.json:PlayerEntityMixin from mod accidental-sweep->@Inject::b(Lnet/minecraft/entity/Entity;Lorg/spongepowered/asm/mixin/injection/callback/CallbackInfo;)V won't be passed a CallbackInfo as a result
[00:31:42] [main/DEBUG] (FabricLoader/Mixin) accidental-sweep.mixins.json:PlayerEntityMixin from mod accidental-sweep->@Inject::b(Lnet/minecraft/entity/Entity;Lorg/spongepowered/asm/mixin/injection/callback/CallbackInfo;)V doesn't use it's CallbackInfo
[00:31:42] [main/DEBUG] (FabricLoader/Mixin) accidental-sweep.mixins.json:PlayerEntityMixin from mod accidental-sweep->@Inject::b(Lnet/minecraft/entity/Entity;Lorg/spongepowered/asm/mixin/injection/callback/CallbackInfo;)V has 0 override(s) in child classes
[00:31:42] [main/DEBUG] (FabricLoader/Mixin) accidental-sweep.mixins.json:PlayerEntityMixin from mod accidental-sweep->@Inject::b(Lnet/minecraft/entity/Entity;Lorg/spongepowered/asm/mixin/injection/callback/CallbackInfo;)V won't be passed a CallbackInfo as a result
[00:31:42] [main/DEBUG] (FabricLoader/Mixin) fabric-entity-events-v1.mixins.json:PlayerEntityMixin from mod fabric-entity-events-v1->@Inject::onTrySleep(Lnet/minecraft/util/math/BlockPos;Lorg/spongepowered/asm/mixin/injection/callback/CallbackInfoReturnable;)V does use it's CallbackInfoReturnable
[00:31:42] [main/DEBUG] (FabricLoader/Mixin) fabric-entity-events-v1.mixins.json:PlayerEntityMixin from mod fabric-entity-events-v1->@Inject::onIsSleepingLongEnough(Lorg/spongepowered/asm/mixin/injection/callback/CallbackInfoReturnable;)V does use it's CallbackInfoReturnable
[00:31:42] [main/DEBUG] (FabricLoader/Mixin) Mixing LivingEntityMixin from fabric-particles-v1.mixins.json into net.minecraft.entity.LivingEntity
[00:31:42] [main/DEBUG] (FabricLoader/Mixin) Mixing LivingEntityMixin from fabric-block-api-v1.mixins.json into net.minecraft.entity.LivingEntity
[00:31:42] [main/DEBUG] (FabricLoader/Mixin) Mixing LivingEntityMixin from fabric-item-api-v1.mixins.json into net.minecraft.entity.LivingEntity
[00:31:42] [main/DEBUG] (FabricLoader/Mixin) Mixing LivingEntityMixin from fabric-entity-events-v1.mixins.json into net.minecraft.entity.LivingEntity
[00:31:42] [main/DEBUG] (FabricLoader/Mixin) Mixing elytra.LivingEntityMixin from fabric-entity-events-v1.mixins.json into net.minecraft.entity.LivingEntity
[00:31:42] [main/DEBUG] (FabricLoader/Mixin) Mixing LivingEntityMixin from fabric-lifecycle-events-v1.mixins.json into net.minecraft.entity.LivingEntity
[00:31:42] [main/DEBUG] (FabricLoader/Mixin) Mixing LivingEntityMixin from jade.mixins.json into net.minecraft.entity.LivingEntity
[00:31:42] [main/DEBUG] (FabricLoader/Mixin) fabric-block-api-v1.mixins.json:LivingEntityMixin from mod fabric-block-api-v1->@Inject::allowTaggedBlocksForTrapdoorClimbing(Lnet/minecraft/util/math/BlockPos;Lnet/minecraft/block/BlockState;Lorg/spongepowered/asm/mixin/injection/callback/CallbackInfoReturnable;)V does use it's CallbackInfoReturnable
[00:31:42] [main/DEBUG] (FabricLoader/Mixin) fabric-item-api-v1.mixins.json:LivingEntityMixin from mod fabric-item-api-v1->@Inject::onGetPreferredEquipmentSlot(Lnet/minecraft/item/ItemStack;Lorg/spongepowered/asm/mixin/injection/callback/CallbackInfoReturnable;)V does use it's CallbackInfoReturnable
[00:31:42] [main/DEBUG] (FabricLoader/Mixin) fabric-entity-events-v1.mixins.json:LivingEntityMixin from mod fabric-entity-events-v1->@Inject::notifyDeath(Lnet/minecraft/entity/damage/DamageSource;Lorg/spongepowered/asm/mixin/injection/callback/CallbackInfo;)V doesn't use it's CallbackInfo
[00:31:42] [main/DEBUG] (FabricLoader/Mixin) fabric-entity-events-v1.mixins.json:LivingEntityMixin from mod fabric-entity-events-v1->@Inject::notifyDeath(Lnet/minecraft/entity/damage/DamageSource;Lorg/spongepowered/asm/mixin/injection/callback/CallbackInfo;)V has 0 override(s) in child classes
[00:31:42] [main/DEBUG] (FabricLoader/Mixin) fabric-entity-events-v1.mixins.json:LivingEntityMixin from mod fabric-entity-events-v1->@Inject::notifyDeath(Lnet/minecraft/entity/damage/DamageSource;Lorg/spongepowered/asm/mixin/injection/callback/CallbackInfo;)V won't be passed a CallbackInfo as a result
[00:31:42] [main/DEBUG] (FabricLoader/Mixin) fabric-entity-events-v1.mixins.json:LivingEntityMixin from mod fabric-entity-events-v1->@Inject::beforeDamage(Lnet/minecraft/server/world/ServerWorld;Lnet/minecraft/entity/damage/DamageSource;FLorg/spongepowered/asm/mixin/injection/callback/CallbackInfoReturnable;)V does use it's CallbackInfoReturnable
[00:31:42] [main/DEBUG] (FabricLoader/Mixin) fabric-entity-events-v1.mixins.json:LivingEntityMixin from mod fabric-entity-events-v1->@Inject::afterDamage(Lnet/minecraft/server/world/ServerWorld;Lnet/minecraft/entity/damage/DamageSource;FLorg/spongepowered/asm/mixin/injection/callback/CallbackInfoReturnable;)V doesn't use it's CallbackInfoReturnable
[00:31:42] [main/DEBUG] (FabricLoader/Mixin) fabric-entity-events-v1.mixins.json:LivingEntityMixin from mod fabric-entity-events-v1->@Inject::afterDamage(Lnet/minecraft/server/world/ServerWorld;Lnet/minecraft/entity/damage/DamageSource;FLorg/spongepowered/asm/mixin/injection/callback/CallbackInfoReturnable;)V has 0 override(s) in child classes
[00:31:42] [main/DEBUG] (FabricLoader/Mixin) fabric-entity-events-v1.mixins.json:LivingEntityMixin from mod fabric-entity-events-v1->@Inject::afterDamage(Lnet/minecraft/server/world/ServerWorld;Lnet/minecraft/entity/damage/DamageSource;FLorg/spongepowered/asm/mixin/injection/callback/CallbackInfoReturnable;)V won't be passed a CallbackInfoReturnable as a result
[00:31:42] [main/DEBUG] (FabricLoader/Mixin) fabric-entity-events-v1.mixins.json:LivingEntityMixin from mod fabric-entity-events-v1->@Inject::onSleep(Lnet/minecraft/util/math/BlockPos;Lorg/spongepowered/asm/mixin/injection/callback/CallbackInfo;)V doesn't use it's CallbackInfo
[00:31:42] [main/DEBUG] (FabricLoader/Mixin) fabric-entity-events-v1.mixins.json:LivingEntityMixin from mod fabric-entity-events-v1->@Inject::onSleep(Lnet/minecraft/util/math/BlockPos;Lorg/spongepowered/asm/mixin/injection/callback/CallbackInfo;)V has 0 override(s) in child classes
[00:31:42] [main/DEBUG] (FabricLoader/Mixin) fabric-entity-events-v1.mixins.json:LivingEntityMixin from mod fabric-entity-events-v1->@Inject::onSleep(Lnet/minecraft/util/math/BlockPos;Lorg/spongepowered/asm/mixin/injection/callback/CallbackInfo;)V won't be passed a CallbackInfo as a result
[00:31:42] [main/DEBUG] (FabricLoader/Mixin) fabric-entity-events-v1.mixins.json:LivingEntityMixin from mod fabric-entity-events-v1->@Inject::onWakeUp(Lorg/spongepowered/asm/mixin/injection/callback/CallbackInfo;)V doesn't use it's CallbackInfo
[00:31:42] [main/DEBUG] (FabricLoader/Mixin) fabric-entity-events-v1.mixins.json:LivingEntityMixin from mod fabric-entity-events-v1->@Inject::onWakeUp(Lorg/spongepowered/asm/mixin/injection/callback/CallbackInfo;)V has 0 override(s) in child classes
[00:31:42] [main/DEBUG] (FabricLoader/Mixin) fabric-entity-events-v1.mixins.json:LivingEntityMixin from mod fabric-entity-events-v1->@Inject::onWakeUp(Lorg/spongepowered/asm/mixin/injection/callback/CallbackInfo;)V won't be passed a CallbackInfo as a result
[00:31:42] [main/DEBUG] (FabricLoader/Mixin) fabric-entity-events-v1.mixins.json:LivingEntityMixin from mod fabric-entity-events-v1->@Inject::onIsSleepingInBed(Lnet/minecraft/util/math/BlockPos;Lorg/spongepowered/asm/mixin/injection/callback/CallbackInfoReturnable;)V does use it's CallbackInfoReturnable
[00:31:42] [main/DEBUG] (FabricLoader/Mixin) fabric-entity-events-v1.mixins.json:elytra.LivingEntityMixin from mod fabric-entity-events-v1->@Inject::injectElytraTick(Lorg/spongepowered/asm/mixin/injection/callback/CallbackInfo;)V does use it's CallbackInfo
[00:31:42] [main/DEBUG] (FabricLoader/Mixin) fabric-entity-events-v1.mixins.json:elytra.LivingEntityMixin from mod fabric-entity-events-v1->@Inject::injectElytraCheck(Lorg/spongepowered/asm/mixin/injection/callback/CallbackInfoReturnable;)V does use it's CallbackInfoReturnable
[00:31:42] [main/DEBUG] (FabricLoader/Mixin) fabric-lifecycle-events-v1.mixins.json:LivingEntityMixin from mod fabric-lifecycle-events-v1->@Inject::getEquipmentChanges(Lorg/spongepowered/asm/mixin/injection/callback/CallbackInfoReturnable;)V doesn't use it's CallbackInfoReturnable
[00:31:42] [main/DEBUG] (FabricLoader/Mixin) fabric-lifecycle-events-v1.mixins.json:LivingEntityMixin from mod fabric-lifecycle-events-v1->@Inject::getEquipmentChanges(Lorg/spongepowered/asm/mixin/injection/callback/CallbackInfoReturnable;)V has 0 override(s) in child classes
[00:31:42] [main/DEBUG] (FabricLoader/Mixin) fabric-lifecycle-events-v1.mixins.json:LivingEntityMixin from mod fabric-lifecycle-events-v1->@Inject::getEquipmentChanges(Lorg/spongepowered/asm/mixin/injection/callback/CallbackInfoReturnable;)V won't be passed a CallbackInfoReturnable as a result
[00:31:42] [main/DEBUG] (FabricLoader/Mixin) jade.mixins.json:LivingEntityMixin from mod jade->@Inject::jade$addEffect(Lnet/minecraft/entity/effect/StatusEffectInstance;Lnet/minecraft/entity/Entity;Lorg/spongepowered/asm/mixin/injection/callback/CallbackInfoReturnable;)V doesn't use it's CallbackInfoReturnable
[00:31:42] [main/DEBUG] (FabricLoader/Mixin) jade.mixins.json:LivingEntityMixin from mod jade->@Inject::jade$addEffect(Lnet/minecraft/entity/effect/StatusEffectInstance;Lnet/minecraft/entity/Entity;Lorg/spongepowered/asm/mixin/injection/callback/CallbackInfoReturnable;)V has 0 override(s) in child classes
[00:31:42] [main/DEBUG] (FabricLoader/Mixin) jade.mixins.json:LivingEntityMixin from mod jade->@Inject::jade$addEffect(Lnet/minecraft/entity/effect/StatusEffectInstance;Lnet/minecraft/entity/Entity;Lorg/spongepowered/asm/mixin/injection/callback/CallbackInfoReturnable;)V won't be passed a CallbackInfoReturnable as a result
[00:31:42] [main/DEBUG] (FabricLoader/Mixin) Mixing WorldViewMixin from fabric-block-view-api-v2.mixins.json into net.minecraft.world.WorldView
[00:31:42] [main/DEBUG] (FabricLoader/Mixin) Mixing AttachmentTargetsMixin from fabric-data-attachment-api-v1.mixins.json into net.minecraft.world.World
[00:31:42] [main/DEBUG] (FabricLoader/Mixin) Mixing WorldMixin from fabric-data-attachment-api-v1.mixins.json into net.minecraft.world.World
[00:31:42] [main/DEBUG] (FabricLoader/Mixin) Mixing WorldMixin from fabric-lifecycle-events-v1.mixins.json into net.minecraft.world.World
[00:31:42] [main/DEBUG] (FabricLoader/Mixin) Mixing ServerWorldMixin from fabric-data-attachment-api-v1.mixins.json into net.minecraft.server.world.ServerWorld
[00:31:42] [main/DEBUG] (FabricLoader/Mixin) Renaming synthetic method lambda$fabric_syncChange$1(Lnet/fabricmc/fabric/api/attachment/v1/AttachmentType;Lnet/fabricmc/fabric/impl/attachment/sync/AttachmentChange;Lnet/minecraft/server/network/ServerPlayerEntity;)V to md040614$fabric-data-attachment-api-v1$lambda$fabric_syncChange$1$0 in fabric-data-attachment-api-v1.mixins.json:ServerWorldMixin from mod fabric-data-attachment-api-v1
[00:31:42] [main/DEBUG] (FabricLoader/Mixin) Renaming synthetic method lambda$createAttachmentsPersistentState$0(Lnet/minecraft/server/world/ServerWorld;)Lnet/fabricmc/fabric/impl/attachment/AttachmentPersistentState; to md040614$fabric-data-attachment-api-v1$lambda$createAttachmentsPersistentState$0$1 in fabric-data-attachment-api-v1.mixins.json:ServerWorldMixin from mod fabric-data-attachment-api-v1
[00:31:42] [main/DEBUG] (FabricLoader/Mixin) Mixing ServerWorldMixin from fabric-api-lookup-api-v1.mixins.json into net.minecraft.server.world.ServerWorld
[00:31:42] [main/DEBUG] (FabricLoader/Mixin) Renaming synthetic method lambda$fabric_invalidateCache$5(Ljava/util/Map$Entry;)Z to md040614$fabric-api-lookup-api-v1$lambda$fabric_invalidateCache$5$2 in fabric-api-lookup-api-v1.mixins.json:ServerWorldMixin from mod fabric-api-lookup-api-v1
[00:31:42] [main/DEBUG] (FabricLoader/Mixin) Renaming synthetic method lambda$fabric_invalidateCache$4(Ljava/lang/ref/WeakReference;)Z to md040614$fabric-api-lookup-api-v1$lambda$fabric_invalidateCache$4$3 in fabric-api-lookup-api-v1.mixins.json:ServerWorldMixin from mod fabric-api-lookup-api-v1
[00:31:42] [main/DEBUG] (FabricLoader/Mixin) Renaming synthetic method lambda$fabric_invalidateCache$3(Ljava/lang/ref/WeakReference;)V to md040614$fabric-api-lookup-api-v1$lambda$fabric_invalidateCache$3$4 in fabric-api-lookup-api-v1.mixins.json:ServerWorldMixin from mod fabric-api-lookup-api-v1
[00:31:42] [main/DEBUG] (FabricLoader/Mixin) Renaming synthetic method lambda$fabric_invalidateCache$2(Ljava/lang/ref/WeakReference;)Z to md040614$fabric-api-lookup-api-v1$lambda$fabric_invalidateCache$2$5 in fabric-api-lookup-api-v1.mixins.json:ServerWorldMixin from mod fabric-api-lookup-api-v1
[00:31:42] [main/DEBUG] (FabricLoader/Mixin) Renaming synthetic method lambda$fabric_registerCache$1(Ljava/lang/ref/WeakReference;)Z to md040614$fabric-api-lookup-api-v1$lambda$fabric_registerCache$1$6 in fabric-api-lookup-api-v1.mixins.json:ServerWorldMixin from mod fabric-api-lookup-api-v1
[00:31:42] [main/DEBUG] (FabricLoader/Mixin) Renaming synthetic method lambda$fabric_registerCache$0(Lnet/minecraft/util/math/BlockPos;)Ljava/util/List; to md040614$fabric-api-lookup-api-v1$lambda$fabric_registerCache$0$7 in fabric-api-lookup-api-v1.mixins.json:ServerWorldMixin from mod fabric-api-lookup-api-v1
[00:31:42] [main/DEBUG] (FabricLoader/Mixin) Mixing ServerWorldMixin from fabric-lifecycle-events-v1.mixins.json into net.minecraft.server.world.ServerWorld
[00:31:42] [main/DEBUG] (FabricLoader/Mixin) fabric-data-attachment-api-v1.mixins.json:ServerWorldMixin from mod fabric-data-attachment-api-v1->@Inject::createAttachmentsPersistentState(Lorg/spongepowered/asm/mixin/injection/callback/CallbackInfo;)V doesn't use it's CallbackInfo
[00:31:42] [main/DEBUG] (FabricLoader/Mixin) fabric-data-attachment-api-v1.mixins.json:ServerWorldMixin from mod fabric-data-attachment-api-v1->@Inject::createAttachmentsPersistentState(Lorg/spongepowered/asm/mixin/injection/callback/CallbackInfo;)V has 0 override(s) in child classes
[00:31:42] [main/DEBUG] (FabricLoader/Mixin) fabric-data-attachment-api-v1.mixins.json:ServerWorldMixin from mod fabric-data-attachment-api-v1->@Inject::createAttachmentsPersistentState(Lorg/spongepowered/asm/mixin/injection/callback/CallbackInfo;)V won't be passed a CallbackInfo as a result
[00:31:42] [main/DEBUG] (FabricLoader/Mixin) fabric-lifecycle-events-v1.mixins.json:ServerWorldMixin from mod fabric-lifecycle-events-v1->@Inject::startWorldTick(Ljava/util/function/BooleanSupplier;Lorg/spongepowered/asm/mixin/injection/callback/CallbackInfo;)V doesn't use it's CallbackInfo
[00:31:42] [main/DEBUG] (FabricLoader/Mixin) fabric-lifecycle-events-v1.mixins.json:ServerWorldMixin from mod fabric-lifecycle-events-v1->@Inject::startWorldTick(Ljava/util/function/BooleanSupplier;Lorg/spongepowered/asm/mixin/injection/callback/CallbackInfo;)V has 0 override(s) in child classes
[00:31:42] [main/DEBUG] (FabricLoader/Mixin) fabric-lifecycle-events-v1.mixins.json:ServerWorldMixin from mod fabric-lifecycle-events-v1->@Inject::startWorldTick(Ljava/util/function/BooleanSupplier;Lorg/spongepowered/asm/mixin/injection/callback/CallbackInfo;)V won't be passed a CallbackInfo as a result
[00:31:42] [main/DEBUG] (FabricLoader/Mixin) fabric-lifecycle-events-v1.mixins.json:ServerWorldMixin from mod fabric-lifecycle-events-v1->@Inject::endWorldTick(Ljava/util/function/BooleanSupplier;Lorg/spongepowered/asm/mixin/injection/callback/CallbackInfo;)V doesn't use it's CallbackInfo
[00:31:42] [main/DEBUG] (FabricLoader/Mixin) fabric-lifecycle-events-v1.mixins.json:ServerWorldMixin from mod fabric-lifecycle-events-v1->@Inject::endWorldTick(Ljava/util/function/BooleanSupplier;Lorg/spongepowered/asm/mixin/injection/callback/CallbackInfo;)V has 0 override(s) in child classes
[00:31:42] [main/DEBUG] (FabricLoader/Mixin) fabric-lifecycle-events-v1.mixins.json:ServerWorldMixin from mod fabric-lifecycle-events-v1->@Inject::endWorldTick(Ljava/util/function/BooleanSupplier;Lorg/spongepowered/asm/mixin/injection/callback/CallbackInfo;)V won't be passed a CallbackInfo as a result
[00:31:42] [main/DEBUG] (FabricLoader/Mixin) Mixing BlockStateMixin from fabric-block-api-v1.mixins.json into net.minecraft.block.BlockState
[00:31:42] [main/DEBUG] (FabricLoader/Mixin) Mixing AbstractBlockAbstractBlockStateMixin from fabric-content-registries-v0.mixins.json into net.minecraft.block.AbstractBlock$AbstractBlockState
[00:31:42] [main/DEBUG] (FabricLoader/Mixin) Mixing features.render.immediate.DirectionMixin from sodium-common.mixins.json into net.minecraft.util.math.Direction
[00:31:42] [main/DEBUG] (FabricLoader/Mixin) sodium-common.mixins.json:features.render.immediate.DirectionMixin from mod sodium: Class version 65 required is higher than the class version supported by the current version of Mixin (JAVA_17 supports class version 61)
[00:31:42] [main/DEBUG] (FabricLoader/Mixin) Mixing IdListMixin from fabric-registry-sync-v0.mixins.json into net.minecraft.util.collection.IdList
[00:31:42] [main/DEBUG] (FabricLoader/Mixin) Renaming synthetic method lambda$fabric_remapIds$0(Lit/unimi/dsi/fastutil/ints/Int2IntMap;Ljava/lang/Object;Ljava/lang/Integer;)Ljava/lang/Integer; to md040614$fabric-registry-sync-v0$lambda$fabric_remapIds$0$0 in fabric-registry-sync-v0.mixins.json:IdListMixin from mod fabric-registry-sync-v0
[00:31:42] [main/DEBUG] (FabricLoader/Mixin) Mixing RegistryByteBufMixin from fabric-networking-api-v1.mixins.json into net.minecraft.network.RegistryByteBuf
[00:31:42] [main/DEBUG] (FabricLoader/Mixin) Mixing BlocksMixin from fabric-registry-sync-v0.mixins.json into net.minecraft.block.Blocks
[00:31:42] [main/DEBUG] (FabricLoader/Mixin) Renaming synthetic method lambda$initShapeCache$0(ILnet/minecraft/util/Identifier;Lnet/minecraft/block/Block;)V to md040614$fabric-registry-sync-v0$lambda$initShapeCache$0$0 in fabric-registry-sync-v0.mixins.json:BlocksMixin from mod fabric-registry-sync-v0
[00:31:42] [main/DEBUG] (FabricLoader/Mixin) fabric-registry-sync-v0.mixins.json:BlocksMixin from mod fabric-registry-sync-v0->@Inject::initShapeCache(Lorg/spongepowered/asm/mixin/injection/callback/CallbackInfo;)V doesn't use it's CallbackInfo
[00:31:42] [main/DEBUG] (FabricLoader/Mixin) Mixing OxidizableMixin from fabric-content-registries-v0.mixins.json into net.minecraft.block.Oxidizable
[00:31:42] [main/DEBUG] (FabricLoader/Mixin) fabric-content-registries-v0.mixins.json:OxidizableMixin from mod fabric-content-registries-v0->@Inject::createOxidationLevelIncreasesMap(Lorg/spongepowered/asm/mixin/injection/callback/CallbackInfoReturnable;)V does use it's CallbackInfoReturnable
[00:31:42] [main/DEBUG] (FabricLoader/Mixin) Mixing features.options.render_layers.LeavesBlockMixin from sodium-common.mixins.json into net.minecraft.block.LeavesBlock
[00:31:42] [main/DEBUG] (FabricLoader/Mixin) sodium-common.mixins.json:features.options.render_layers.LeavesBlockMixin from mod sodium: Class version 65 required is higher than the class version supported by the current version of Mixin (JAVA_17 supports class version 61)
[00:31:42] [main/DEBUG] (FabricLoader/Mixin) Mixing EntityTypeMixin from fabric-object-builder-v1.mixins.json into net.minecraft.entity.EntityType
[00:31:42] [main/DEBUG] (FabricLoader/Mixin) fabric-object-builder-v1.mixins.json:EntityTypeMixin from mod fabric-object-builder-api-v1->@Inject::onAlwaysUpdateVelocity(Lorg/spongepowered/asm/mixin/injection/callback/CallbackInfoReturnable;)V does use it's CallbackInfoReturnable
[00:31:42] [main/DEBUG] (FabricLoader/Mixin) fabric-object-builder-v1.mixins.json:EntityTypeMixin from mod fabric-object-builder-api-v1->@Inject::onCanPotentiallyExecuteCommands(Lorg/spongepowered/asm/mixin/injection/callback/CallbackInfoReturnable;)V does use it's CallbackInfoReturnable
[00:31:42] [main/DEBUG] (FabricLoader/Mixin) Mixing FluidMixin from fabric-transfer-api-v1.mixins.json into net.minecraft.fluid.Fluid
[00:31:42] [main/DEBUG] (FabricLoader/Mixin) fabric-transfer-api-v1.mixins.json:FluidMixin from mod fabric-transfer-api-v1->@Inject::hookGetBucketFillSound(Lorg/spongepowered/asm/mixin/injection/callback/CallbackInfoReturnable;)V does use it's CallbackInfoReturnable
[00:31:42] [main/DEBUG] (FabricLoader/Mixin) Mixing ComponentMapBuilderMixin from fabric-item-api-v1.mixins.json into net.minecraft.component.ComponentMap$Builder
[00:31:42] [main/DEBUG] (FabricLoader/Mixin) Mixing AttachmentTargetsMixin from fabric-data-attachment-api-v1.mixins.json into net.minecraft.block.entity.BlockEntity
[00:31:42] [main/DEBUG] (FabricLoader/Mixin) Mixing BlockEntityMixin from fabric-data-attachment-api-v1.mixins.json into net.minecraft.block.entity.BlockEntity
[00:31:42] [main/DEBUG] (FabricLoader/Mixin) Renaming synthetic method lambda$fabric_syncChange$0(Lnet/fabricmc/fabric/api/attachment/v1/AttachmentType;Lnet/fabricmc/fabric/impl/attachment/sync/AttachmentChange;Lnet/minecraft/server/network/ServerPlayerEntity;)V to md040614$fabric-data-attachment-api-v1$lambda$fabric_syncChange$0$0 in fabric-data-attachment-api-v1.mixins.json:BlockEntityMixin from mod fabric-data-attachment-api-v1
[00:31:42] [main/DEBUG] (FabricLoader/Mixin) Mixing BlockEntityMixin from fabric-block-view-api-v2.mixins.json into net.minecraft.block.entity.BlockEntity
[00:31:42] [main/DEBUG] (FabricLoader/Mixin) fabric-data-attachment-api-v1.mixins.json:BlockEntityMixin from mod fabric-data-attachment-api-v1->@Inject::readBlockEntityAttachments(Lnet/minecraft/storage/ReadView;Lorg/spongepowered/asm/mixin/injection/callback/CallbackInfo;)V doesn't use it's CallbackInfo
[00:31:42] [main/DEBUG] (FabricLoader/Mixin) fabric-data-attachment-api-v1.mixins.json:BlockEntityMixin from mod fabric-data-attachment-api-v1->@Inject::readBlockEntityAttachments(Lnet/minecraft/storage/ReadView;Lorg/spongepowered/asm/mixin/injection/callback/CallbackInfo;)V has 0 override(s) in child classes
[00:31:42] [main/DEBUG] (FabricLoader/Mixin) fabric-data-attachment-api-v1.mixins.json:BlockEntityMixin from mod fabric-data-attachment-api-v1->@Inject::readBlockEntityAttachments(Lnet/minecraft/storage/ReadView;Lorg/spongepowered/asm/mixin/injection/callback/CallbackInfo;)V won't be passed a CallbackInfo as a result
[00:31:42] [main/DEBUG] (FabricLoader/Mixin) fabric-data-attachment-api-v1.mixins.json:BlockEntityMixin from mod fabric-data-attachment-api-v1->@Inject::writeBlockEntityAttachments(Lnet/minecraft/storage/WriteView;Lorg/spongepowered/asm/mixin/injection/callback/CallbackInfo;)V doesn't use it's CallbackInfo
[00:31:42] [main/DEBUG] (FabricLoader/Mixin) fabric-data-attachment-api-v1.mixins.json:BlockEntityMixin from mod fabric-data-attachment-api-v1->@Inject::writeBlockEntityAttachments(Lnet/minecraft/storage/WriteView;Lorg/spongepowered/asm/mixin/injection/callback/CallbackInfo;)V has 0 override(s) in child classes
[00:31:42] [main/DEBUG] (FabricLoader/Mixin) fabric-data-attachment-api-v1.mixins.json:BlockEntityMixin from mod fabric-data-attachment-api-v1->@Inject::writeBlockEntityAttachments(Lnet/minecraft/storage/WriteView;Lorg/spongepowered/asm/mixin/injection/callback/CallbackInfo;)V won't be passed a CallbackInfo as a result
[00:31:42] [main/DEBUG] (FabricLoader/Mixin) Mixing BlockStateParticleEffectMixin from fabric-particles-v1.mixins.json into net.minecraft.particle.BlockStateParticleEffect
[00:31:42] [main/DEBUG] (FabricLoader/Mixin) Mixing NamedScreenHandlerFactoryMixin from fabric-screen-handler-api-v1.mixins.json into net.minecraft.screen.NamedScreenHandlerFactory
[00:31:42] [main/DEBUG] (FabricLoader/Mixin) Mixing LockableContainerBlockEntityMixin from fabric-transfer-api-v1.mixins.json into net.minecraft.block.entity.LockableContainerBlockEntity
[00:31:43] [main/DEBUG] (FabricLoader/Mixin) Mixing DetectorRailBlockMixin from fabric-object-builder-v1.mixins.json into net.minecraft.block.DetectorRailBlock
[00:31:43] [main/DEBUG] (FabricLoader/Mixin) Renaming synthetic method lambda$getCustomComparatorOutput$0(Lnet/minecraft/entity/Entity;)Z to md040614$fabric-object-builder-api-v1$lambda$getCustomComparatorOutput$0$0 in fabric-object-builder-v1.mixins.json:DetectorRailBlockMixin from mod fabric-object-builder-api-v1
[00:31:43] [main/DEBUG] (FabricLoader/Mixin) fabric-object-builder-v1.mixins.json:DetectorRailBlockMixin from mod fabric-object-builder-api-v1->@Inject::getCustomComparatorOutput(Lnet/minecraft/block/BlockState;Lnet/minecraft/world/World;Lnet/minecraft/util/math/BlockPos;Lnet/minecraft/util/math/Direction;Lorg/spongepowered/asm/mixin/injection/callback/CallbackInfoReturnable;)V does use it's CallbackInfoReturnable
[00:31:43] [main/DEBUG] (FabricLoader/Mixin) Mixing MobEffectInstanceMixin from jade.mixins.json into net.minecraft.entity.effect.StatusEffectInstance
[00:31:43] [main/DEBUG] (FabricLoader/Mixin) jade.mixins.json:MobEffectInstanceMixin from mod jade->@Inject::jade$onEffectAdded(Lnet/minecraft/entity/LivingEntity;Lorg/spongepowered/asm/mixin/injection/callback/CallbackInfo;)V doesn't use it's CallbackInfo
[00:31:43] [main/DEBUG] (FabricLoader/Mixin) jade.mixins.json:MobEffectInstanceMixin from mod jade->@Inject::jade$onEffectAdded(Lnet/minecraft/entity/LivingEntity;Lorg/spongepowered/asm/mixin/injection/callback/CallbackInfo;)V has 0 override(s) in child classes
[00:31:43] [main/DEBUG] (FabricLoader/Mixin) jade.mixins.json:MobEffectInstanceMixin from mod jade->@Inject::jade$onEffectAdded(Lnet/minecraft/entity/LivingEntity;Lorg/spongepowered/asm/mixin/injection/callback/CallbackInfo;)V won't be passed a CallbackInfo as a result
[00:31:43] [main/DEBUG] (FabricLoader/Mixin) Mixing MobEntityMixin from fabric-entity-events-v1.mixins.json into net.minecraft.entity.mob.MobEntity
[00:31:43] [main/DEBUG] (FabricLoader/Mixin) Mixing ChiseledBookshelfBlockEntityMixin from fabric-transfer-api-v1.mixins.json into net.minecraft.block.entity.ChiseledBookshelfBlockEntity
[00:31:43] [main/DEBUG] (FabricLoader/Mixin) fabric-transfer-api-v1.mixins.json:ChiseledBookshelfBlockEntityMixin from mod fabric-transfer-api-v1->@Inject::setStackBypass(ILnet/minecraft/item/ItemStack;Lorg/spongepowered/asm/mixin/injection/callback/CallbackInfo;)V does use it's CallbackInfo
[00:31:43] [main/DEBUG] (FabricLoader/Mixin) Mixing ListInventoryMixin from fabric-transfer-api-v1.mixins.json into net.minecraft.inventory.ListInventory
[00:31:43] [main/DEBUG] (FabricLoader/Mixin) Mixing ShelfBlockEntityMixin from fabric-transfer-api-v1.mixins.json into net.minecraft.block.entity.ShelfBlockEntity
[00:31:43] [main/DEBUG] (FabricLoader/Mixin) Mixing BlockEntityTypeAccessor from fabric-api-lookup-api-v1.mixins.json into net.minecraft.block.entity.BlockEntityType
[00:31:43] [main/DEBUG] (FabricLoader/Mixin) Mixing core.render.BlockEntityTypeMixin from sodium-common.mixins.json into net.minecraft.block.entity.BlockEntityType
[00:31:43] [main/DEBUG] (FabricLoader/Mixin) sodium-common.mixins.json:core.render.BlockEntityTypeMixin from mod sodium: Class version 65 required is higher than the class version supported by the current version of Mixin (JAVA_17 supports class version 61)
[00:31:43] [main/DEBUG] (FabricLoader/Mixin) Mixing BlockEntityTypeMixin from fabric-object-builder-v1.mixins.json into net.minecraft.block.entity.BlockEntityType
[00:31:43] [main/DEBUG] (FabricLoader/Mixin) fabric-object-builder-v1.mixins.json:BlockEntityTypeMixin from mod fabric-object-builder-api-v1->@Inject::mutableBlocks(Lnet/minecraft/block/entity/BlockEntityType$BlockEntityFactory;Ljava/util/Set;Lorg/spongepowered/asm/mixin/injection/callback/CallbackInfo;)V doesn't use it's CallbackInfo
[00:31:43] [main/DEBUG] (FabricLoader/Mixin) fabric-object-builder-v1.mixins.json:BlockEntityTypeMixin from mod fabric-object-builder-api-v1->@Inject::mutableBlocks(Lnet/minecraft/block/entity/BlockEntityType$BlockEntityFactory;Ljava/util/Set;Lorg/spongepowered/asm/mixin/injection/callback/CallbackInfo;)V has 0 override(s) in child classes
[00:31:43] [main/DEBUG] (FabricLoader/Mixin) fabric-object-builder-v1.mixins.json:BlockEntityTypeMixin from mod fabric-object-builder-api-v1->@Inject::mutableBlocks(Lnet/minecraft/block/entity/BlockEntityType$BlockEntityFactory;Ljava/util/Set;Lorg/spongepowered/asm/mixin/injection/callback/CallbackInfo;)V won't be passed a CallbackInfo as a result
[00:31:43] [main/DEBUG] (FabricLoader/Mixin) Mixing AbstractFurnaceBlockEntityMixin from fabric-transfer-api-v1.mixins.json into net.minecraft.block.entity.AbstractFurnaceBlockEntity
[00:31:43] [main/DEBUG] (FabricLoader/Mixin) Mixing AbstractFurnaceBlockEntityMixin from fabric-item-api-v1.mixins.json into net.minecraft.block.entity.AbstractFurnaceBlockEntity
[00:31:43] [main/DEBUG] (FabricLoader/Mixin) fabric-transfer-api-v1.mixins.json:AbstractFurnaceBlockEntityMixin from mod fabric-transfer-api-v1->@Inject::setStackSuppressUpdate(ILnet/minecraft/item/ItemStack;Lorg/spongepowered/asm/mixin/injection/callback/CallbackInfo;)V does use it's CallbackInfo
[00:31:43] [main/DEBUG] (FabricLoader/Mixin) fabric-item-api-v1.mixins.json:AbstractFurnaceBlockEntityMixin from mod fabric-item-api-v1->@Inject::getStackRemainder(Lnet/minecraft/server/world/ServerWorld;Lnet/minecraft/util/math/BlockPos;Lnet/minecraft/block/BlockState;Lnet/minecraft/block/entity/AbstractFurnaceBlockEntity;Lorg/spongepowered/asm/mixin/injection/callback/CallbackInfo;)V doesn't use it's CallbackInfo
[00:31:43] [main/DEBUG] (FabricLoader/Mixin) Mixing WoodTypeMixin from fabric-object-builder-v1.client.mixins.json into net.minecraft.block.WoodType
[00:31:43] [main/DEBUG] (FabricLoader/Mixin) fabric-object-builder-v1.client.mixins.json:WoodTypeMixin from mod fabric-object-builder-api-v1->@Inject::onReturnRegister(Lnet/minecraft/block/WoodType;Lorg/spongepowered/asm/mixin/injection/callback/CallbackInfoReturnable;)V doesn't use it's CallbackInfoReturnable
[00:31:43] [main/DEBUG] (FabricLoader/Mixin) Mixing JukeboxBlockEntityMixin from fabric-transfer-api-v1.mixins.json into net.minecraft.block.entity.JukeboxBlockEntity
[00:31:43] [main/DEBUG] (FabricLoader/Mixin) fabric-transfer-api-v1.mixins.json:JukeboxBlockEntityMixin from mod fabric-transfer-api-v1->@Inject::setStackBypass(Lnet/minecraft/item/ItemStack;Lorg/spongepowered/asm/mixin/injection/callback/CallbackInfo;)V does use it's CallbackInfo
[00:31:43] [main/DEBUG] (FabricLoader/Mixin) Mixing BrewingStandBlockEntityMixin from fabric-item-api-v1.mixins.json into net.minecraft.block.entity.BrewingStandBlockEntity
[00:31:43] [main/DEBUG] (FabricLoader/Mixin) fabric-item-api-v1.mixins.json:BrewingStandBlockEntityMixin from mod fabric-item-api-v1->@Inject::captureItemStack(Lnet/minecraft/world/World;Lnet/minecraft/util/math/BlockPos;Lnet/minecraft/util/collection/DefaultedList;Lorg/spongepowered/asm/mixin/injection/callback/CallbackInfo;)V doesn't use it's CallbackInfo
[00:31:43] [main/DEBUG] (FabricLoader/Mixin) Mixing ItemStackMixin from fabric-item-api-v1.mixins.json into net.minecraft.item.ItemStack
[00:31:43] [main/DEBUG] (FabricLoader/Mixin) Renaming synthetic method lambda$hookDamage$0(Lorg/apache/commons/lang3/mutable/MutableBoolean;Ljava/util/function/Consumer;)V to md040614$fabric-item-api-v1$lambda$hookDamage$0$0 in fabric-item-api-v1.mixins.json:ItemStackMixin from mod fabric-item-api-v1
[00:31:43] [main/DEBUG] (FabricLoader/Mixin) Mixing ItemStackMixin from fabric-item-api-v1.client.mixins.json into net.minecraft.item.ItemStack
[00:31:43] [main/DEBUG] (FabricLoader/Mixin) fabric-item-api-v1.mixins.json:ItemStackMixin from mod fabric-item-api-v1->@Inject::preAttributeModifiers(Lnet/minecraft/item/Item$TooltipContext;Lnet/minecraft/component/type/TooltipDisplayComponent;Lnet/minecraft/entity/player/PlayerEntity;Lnet/minecraft/item/tooltip/TooltipType;Ljava/util/function/Consumer;Lorg/spongepowered/asm/mixin/injection/callback/CallbackInfo;)V doesn't use it's CallbackInfo
[00:31:43] [main/DEBUG] (FabricLoader/Mixin) fabric-item-api-v1.mixins.json:ItemStackMixin from mod fabric-item-api-v1->@Inject::postTooltipsAdvanced(Lnet/minecraft/item/Item$TooltipContext;Lnet/minecraft/component/type/TooltipDisplayComponent;Lnet/minecraft/entity/player/PlayerEntity;Lnet/minecraft/item/tooltip/TooltipType;Ljava/util/function/Consumer;Lorg/spongepowered/asm/mixin/injection/callback/CallbackInfo;)V doesn't use it's CallbackInfo
[00:31:43] [main/DEBUG] (FabricLoader/Mixin) fabric-item-api-v1.client.mixins.json:ItemStackMixin from mod fabric-item-api-v1->@Inject::getTooltip(Lnet/minecraft/item/Item$TooltipContext;Lnet/minecraft/entity/player/PlayerEntity;Lnet/minecraft/item/tooltip/TooltipType;Lorg/spongepowered/asm/mixin/injection/callback/CallbackInfoReturnable;)V does use it's CallbackInfoReturnable
[00:31:43] [main/DEBUG] (FabricLoader/Mixin) Mixing features.world.biome.BiomeMixin from sodium-fabric.mixins.json into net.minecraft.world.biome.Biome
[00:31:43] [main/DEBUG] (FabricLoader/Mixin) sodium-fabric.mixins.json:features.world.biome.BiomeMixin from mod sodium: Class version 65 required is higher than the class version supported by the current version of Mixin (JAVA_17 supports class version 61)
[00:31:43] [main/DEBUG] (FabricLoader/Mixin) sodium-fabric.mixins.json:features.world.biome.BiomeMixin from mod sodium->@Inject::onInit(Lorg/spongepowered/asm/mixin/injection/callback/CallbackInfo;)V doesn't use it's CallbackInfo
[00:31:43] [main/DEBUG] (FabricLoader/Mixin) Mixing AnvilScreenHandlerMixin from fabric-item-api-v1.mixins.json into net.minecraft.screen.AnvilScreenHandler
[00:31:43] [main/DEBUG] (FabricLoader/Mixin) Mixing HopperBlockEntityMixin from fabric-transfer-api-v1.mixins.json into net.minecraft.block.entity.HopperBlockEntity
[00:31:43] [main/DEBUG] (FabricLoader/Mixin) Renaming synthetic method lambda$hookExtract$1(Lnet/fabricmc/fabric/api/transfer/v1/item/ItemVariant;)Z to md040614$fabric-transfer-api-v1$lambda$hookExtract$1$0 in fabric-transfer-api-v1.mixins.json:HopperBlockEntityMixin from mod fabric-transfer-api-v1
[00:31:43] [main/DEBUG] (FabricLoader/Mixin) Renaming synthetic method lambda$hookInsert$0(Lnet/fabricmc/fabric/api/transfer/v1/item/ItemVariant;)Z to md040614$fabric-transfer-api-v1$lambda$hookInsert$0$1 in fabric-transfer-api-v1.mixins.json:HopperBlockEntityMixin from mod fabric-transfer-api-v1
[00:31:43] [main/DEBUG] (FabricLoader/Mixin) fabric-transfer-api-v1.mixins.json:HopperBlockEntityMixin from mod fabric-transfer-api-v1->@Inject::hookInsert(Lnet/minecraft/world/World;Lnet/minecraft/util/math/BlockPos;Lnet/minecraft/block/entity/HopperBlockEntity;Lorg/spongepowered/asm/mixin/injection/callback/CallbackInfoReturnable;)V does use it's CallbackInfoReturnable
[00:31:43] [main/DEBUG] (FabricLoader/Mixin) fabric-transfer-api-v1.mixins.json:HopperBlockEntityMixin from mod fabric-transfer-api-v1->@Inject::hookExtract(Lnet/minecraft/world/World;Lnet/minecraft/block/entity/Hopper;Lorg/spongepowered/asm/mixin/injection/callback/CallbackInfoReturnable;)V does use it's CallbackInfoReturnable
[00:31:43] [main/DEBUG] (FabricLoader/Mixin) Mixing DropperBlockMixin from fabric-transfer-api-v1.mixins.json into net.minecraft.block.DropperBlock
[00:31:43] [main/DEBUG] (FabricLoader/Mixin) Renaming synthetic method lambda$hookDispense$0(Lnet/fabricmc/fabric/api/transfer/v1/item/ItemVariant;)Z to md040614$fabric-transfer-api-v1$lambda$hookDispense$0$0 in fabric-transfer-api-v1.mixins.json:DropperBlockMixin from mod fabric-transfer-api-v1
[00:31:43] [main/DEBUG] (FabricLoader/Mixin) fabric-transfer-api-v1.mixins.json:DropperBlockMixin from mod fabric-transfer-api-v1->@Inject::hookDispense(Lnet/minecraft/server/world/ServerWorld;Lnet/minecraft/block/BlockState;Lnet/minecraft/util/math/BlockPos;Lorg/spongepowered/asm/mixin/injection/callback/CallbackInfo;)V does use it's CallbackInfo
[00:31:43] [main/DEBUG] (FabricLoader/Mixin) Mixing BannerBlockEntityMixin from fabric-data-attachment-api-v1.mixins.json into net.minecraft.block.entity.BannerBlockEntity
[00:31:43] [main/DEBUG] (FabricLoader/Mixin) Mixing CrafterBlockMixin from fabric-transfer-api-v1.mixins.json into net.minecraft.block.CrafterBlock
[00:31:43] [main/DEBUG] (FabricLoader/Mixin) fabric-transfer-api-v1.mixins.json:CrafterBlockMixin from mod fabric-transfer-api-v1->@Inject::transferOrSpawnStack(Lnet/minecraft/server/world/ServerWorld;Lnet/minecraft/util/math/BlockPos;Lnet/minecraft/block/entity/CrafterBlockEntity;Lnet/minecraft/item/ItemStack;Lnet/minecraft/block/BlockState;Lnet/minecraft/recipe/RecipeEntry;Lorg/spongepowered/asm/mixin/injection/callback/CallbackInfo;)V doesn't use it's CallbackInfo
[00:31:43] [main/DEBUG] (FabricLoader/Mixin) fabric-transfer-api-v1.mixins.json:CrafterBlockMixin from mod fabric-transfer-api-v1->@Inject::transferOrSpawnStack(Lnet/minecraft/server/world/ServerWorld;Lnet/minecraft/util/math/BlockPos;Lnet/minecraft/block/entity/CrafterBlockEntity;Lnet/minecraft/item/ItemStack;Lnet/minecraft/block/BlockState;Lnet/minecraft/recipe/RecipeEntry;Lorg/spongepowered/asm/mixin/injection/callback/CallbackInfo;)V has 0 override(s) in child classes
[00:31:43] [main/DEBUG] (FabricLoader/Mixin) fabric-transfer-api-v1.mixins.json:CrafterBlockMixin from mod fabric-transfer-api-v1->@Inject::transferOrSpawnStack(Lnet/minecraft/server/world/ServerWorld;Lnet/minecraft/util/math/BlockPos;Lnet/minecraft/block/entity/CrafterBlockEntity;Lnet/minecraft/item/ItemStack;Lnet/minecraft/block/BlockState;Lnet/minecraft/recipe/RecipeEntry;Lorg/spongepowered/asm/mixin/injection/callback/CallbackInfo;)V won't be passed a CallbackInfo as a result
[00:31:43] [main/DEBUG] (FabricLoader/Mixin) fabric-transfer-api-v1.mixins.json:CrafterBlockMixin from mod fabric-transfer-api-v1->@Inject::transferOrSpawnStack(Lnet/minecraft/server/world/ServerWorld;Lnet/minecraft/util/math/BlockPos;Lnet/minecraft/block/entity/CrafterBlockEntity;Lnet/minecraft/item/ItemStack;Lnet/minecraft/block/BlockState;Lnet/minecraft/recipe/RecipeEntry;Lorg/spongepowered/asm/mixin/injection/callback/CallbackInfo;)V doesn't use it's CallbackInfo
[00:31:43] [main/DEBUG] (FabricLoader/Mixin) fabric-transfer-api-v1.mixins.json:CrafterBlockMixin from mod fabric-transfer-api-v1->@Inject::transferOrSpawnStack(Lnet/minecraft/server/world/ServerWorld;Lnet/minecraft/util/math/BlockPos;Lnet/minecraft/block/entity/CrafterBlockEntity;Lnet/minecraft/item/ItemStack;Lnet/minecraft/block/BlockState;Lnet/minecraft/recipe/RecipeEntry;Lorg/spongepowered/asm/mixin/injection/callback/CallbackInfo;)V has 0 override(s) in child classes
[00:31:43] [main/DEBUG] (FabricLoader/Mixin) fabric-transfer-api-v1.mixins.json:CrafterBlockMixin from mod fabric-transfer-api-v1->@Inject::transferOrSpawnStack(Lnet/minecraft/server/world/ServerWorld;Lnet/minecraft/util/math/BlockPos;Lnet/minecraft/block/entity/CrafterBlockEntity;Lnet/minecraft/item/ItemStack;Lnet/minecraft/block/BlockState;Lnet/minecraft/recipe/RecipeEntry;Lorg/spongepowered/asm/mixin/injection/callback/CallbackInfo;)V won't be passed a CallbackInfo as a result
[00:31:43] [main/DEBUG] (FabricLoader/Mixin) fabric-transfer-api-v1.mixins.json:CrafterBlockMixin from mod fabric-transfer-api-v1->@Inject::transferOrSpawnStack(Lnet/minecraft/server/world/ServerWorld;Lnet/minecraft/util/math/BlockPos;Lnet/minecraft/block/entity/CrafterBlockEntity;Lnet/minecraft/item/ItemStack;Lnet/minecraft/block/BlockState;Lnet/minecraft/recipe/RecipeEntry;Lorg/spongepowered/asm/mixin/injection/callback/CallbackInfo;)V doesn't use it's CallbackInfo
[00:31:43] [main/DEBUG] (FabricLoader/Mixin) fabric-transfer-api-v1.mixins.json:CrafterBlockMixin from mod fabric-transfer-api-v1->@Inject::transferOrSpawnStack(Lnet/minecraft/server/world/ServerWorld;Lnet/minecraft/util/math/BlockPos;Lnet/minecraft/block/entity/CrafterBlockEntity;Lnet/minecraft/item/ItemStack;Lnet/minecraft/block/BlockState;Lnet/minecraft/recipe/RecipeEntry;Lorg/spongepowered/asm/mixin/injection/callback/CallbackInfo;)V has 0 override(s) in child classes
[00:31:43] [main/DEBUG] (FabricLoader/Mixin) fabric-transfer-api-v1.mixins.json:CrafterBlockMixin from mod fabric-transfer-api-v1->@Inject::transferOrSpawnStack(Lnet/minecraft/server/world/ServerWorld;Lnet/minecraft/util/math/BlockPos;Lnet/minecraft/block/entity/CrafterBlockEntity;Lnet/minecraft/item/ItemStack;Lnet/minecraft/block/BlockState;Lnet/minecraft/recipe/RecipeEntry;Lorg/spongepowered/asm/mixin/injection/callback/CallbackInfo;)V won't be passed a CallbackInfo as a result
[00:31:43] [main/DEBUG] (FabricLoader/Mixin) fabric-transfer-api-v1.mixins.json:CrafterBlockMixin from mod fabric-transfer-api-v1->@Inject::transferOrSpawnStack(Lnet/minecraft/server/world/ServerWorld;Lnet/minecraft/util/math/BlockPos;Lnet/minecraft/block/entity/CrafterBlockEntity;Lnet/minecraft/item/ItemStack;Lnet/minecraft/block/BlockState;Lnet/minecraft/recipe/RecipeEntry;Lorg/spongepowered/asm/mixin/injection/callback/CallbackInfo;)V doesn't use it's CallbackInfo
[00:31:43] [main/DEBUG] (FabricLoader/Mixin) fabric-transfer-api-v1.mixins.json:CrafterBlockMixin from mod fabric-transfer-api-v1->@Inject::transferOrSpawnStack(Lnet/minecraft/server/world/ServerWorld;Lnet/minecraft/util/math/BlockPos;Lnet/minecraft/block/entity/CrafterBlockEntity;Lnet/minecraft/item/ItemStack;Lnet/minecraft/block/BlockState;Lnet/minecraft/recipe/RecipeEntry;Lorg/spongepowered/asm/mixin/injection/callback/CallbackInfo;)V has 0 override(s) in child classes
[00:31:43] [main/DEBUG] (FabricLoader/Mixin) fabric-transfer-api-v1.mixins.json:CrafterBlockMixin from mod fabric-transfer-api-v1->@Inject::transferOrSpawnStack(Lnet/minecraft/server/world/ServerWorld;Lnet/minecraft/util/math/BlockPos;Lnet/minecraft/block/entity/CrafterBlockEntity;Lnet/minecraft/item/ItemStack;Lnet/minecraft/block/BlockState;Lnet/minecraft/recipe/RecipeEntry;Lorg/spongepowered/asm/mixin/injection/callback/CallbackInfo;)V won't be passed a CallbackInfo as a result
[00:31:44] [main/DEBUG] (FabricLoader/Mixin) Mixing ItemMixin from fabric-transfer-api-v1.mixins.json into net.minecraft.item.Item
[00:31:44] [main/DEBUG] (FabricLoader/Mixin) Mixing ItemAccessor from fabric-item-api-v1.mixins.json into net.minecraft.item.Item
[00:31:44] [main/DEBUG] (FabricLoader/Mixin) Mixing ItemMixin from fabric-item-api-v1.mixins.json into net.minecraft.item.Item
[00:31:44] [main/DEBUG] (FabricLoader/Mixin) fabric-item-api-v1.mixins.json:ItemMixin from mod fabric-item-api-v1->@Inject::onConstruct(Lnet/minecraft/item/Item$Settings;Lorg/spongepowered/asm/mixin/injection/callback/CallbackInfo;)V doesn't use it's CallbackInfo
[00:31:44] [main/DEBUG] (FabricLoader/Mixin) fabric-item-api-v1.mixins.json:ItemMixin from mod fabric-item-api-v1->@Inject::onConstruct(Lnet/minecraft/item/Item$Settings;Lorg/spongepowered/asm/mixin/injection/callback/CallbackInfo;)V has 0 override(s) in child classes
[00:31:44] [main/DEBUG] (FabricLoader/Mixin) fabric-item-api-v1.mixins.json:ItemMixin from mod fabric-item-api-v1->@Inject::onConstruct(Lnet/minecraft/item/Item$Settings;Lorg/spongepowered/asm/mixin/injection/callback/CallbackInfo;)V won't be passed a CallbackInfo as a result
[00:31:44] [main/DEBUG] (FabricLoader/Mixin) Mixing BucketItemAccessor from fabric-transfer-api-v1.mixins.json into net.minecraft.item.BucketItem
[00:31:44] [main/DEBUG] (FabricLoader/Mixin) Mixing BucketItemMixin from fabric-transfer-api-v1.mixins.json into net.minecraft.item.BucketItem
[00:31:44] [main/DEBUG] (FabricLoader/Mixin) Mixing HoeItemAccessor from fabric-content-registries-v0.mixins.json into net.minecraft.item.HoeItem
[00:31:44] [main/DEBUG] (FabricLoader/Mixin) Renaming @Accessor method getTillingActions()Ljava/util/Map; to getTillingActions$fabric-content-registries-v0_$md$040614$0 in fabric-content-registries-v0.mixins.json:HoeItemAccessor from mod fabric-content-registries-v0
[00:31:44] [main/DEBUG] (FabricLoader/Mixin) Mixing AxeItemAccessor from fabric-content-registries-v0.mixins.json into net.minecraft.item.AxeItem
[00:31:44] [main/DEBUG] (FabricLoader/Mixin) Renaming @Accessor method getStrippedBlocks()Ljava/util/Map; to getStrippedBlocks$fabric-content-registries-v0_$md$040614$0 in fabric-content-registries-v0.mixins.json:AxeItemAccessor from mod fabric-content-registries-v0
[00:31:44] [main/DEBUG] (FabricLoader/Mixin) Renaming @Accessor method setStrippedBlocks(Ljava/util/Map;)V to setStrippedBlocks$fabric-content-registries-v0_$md$040614$1 in fabric-content-registries-v0.mixins.json:AxeItemAccessor from mod fabric-content-registries-v0
[00:31:44] [main/DEBUG] (FabricLoader/Mixin) Mixing AxeItemMixin from fabric-content-registries-v0.mixins.json into net.minecraft.item.AxeItem
[00:31:44] [main/DEBUG] (FabricLoader/Mixin) Renaming synthetic method lambda$handleCustomStrippingBehavior$0(Lnet/fabricmc/fabric/api/registry/StrippableBlockRegistry$StrippingTransformer;Lnet/minecraft/block/BlockState;Lnet/minecraft/block/Block;)Lnet/minecraft/block/BlockState; to md040614$fabric-content-registries-v0$lambda$handleCustomStrippingBehavior$0$2 in fabric-content-registries-v0.mixins.json:AxeItemMixin from mod fabric-content-registries-v0
[00:31:44] [main/DEBUG] (FabricLoader/Mixin) Mixing ShovelItemAccessor from fabric-content-registries-v0.mixins.json into net.minecraft.item.ShovelItem
[00:31:44] [main/DEBUG] (FabricLoader/Mixin) Renaming @Accessor method getPathStates()Ljava/util/Map; to getPathStates$fabric-content-registries-v0_$md$040614$0 in fabric-content-registries-v0.mixins.json:ShovelItemAccessor from mod fabric-content-registries-v0
[00:31:44] [main/DEBUG] (FabricLoader/Mixin) Mixing ItemSettingsMixin from fabric-item-api-v1.mixins.json into net.minecraft.item.Item$Settings
[00:31:44] [main/DEBUG] (FabricLoader/Mixin) Mixing TagKeyMixin from fabric-convention-tags-api-v2.mixins.json into net.minecraft.registry.tag.TagKey
[00:31:44] [main/DEBUG] (FabricLoader/Mixin) Mixing WriteViewMixin from fabric-serialization-api-v1.mixins.json into net.minecraft.storage.WriteView
[00:31:44] [main/DEBUG] (FabricLoader/Mixin) Mixing BundleContentsComponentAccessor from fabric-transfer-api-v1.mixins.json into net.minecraft.component.type.BundleContentsComponent
[00:31:44] [main/DEBUG] (FabricLoader/Mixin) Renaming @Invoker method getOccupancy(Lnet/minecraft/item/ItemStack;)Lorg/apache/commons/lang3/math/Fraction; to getOccupancy$fabric-transfer-api-v1_$md$040614$0 in fabric-transfer-api-v1.mixins.json:BundleContentsComponentAccessor from mod fabric-transfer-api-v1
[00:31:44] [main/DEBUG] (FabricLoader/Mixin) Mixing EntityTypeBuilderMixin from fabric-object-builder-v1.mixins.json into net.minecraft.entity.EntityType$Builder
[00:31:44] [main/DEBUG] (FabricLoader/Mixin) fabric-object-builder-v1.mixins.json:EntityTypeBuilderMixin from mod fabric-object-builder-api-v1->@Inject::applyChildBuilders(Lnet/minecraft/registry/RegistryKey;Lorg/spongepowered/asm/mixin/injection/callback/CallbackInfoReturnable;)V does use it's CallbackInfoReturnable
[00:31:44] [main/DEBUG] (FabricLoader/Mixin) Mixing ServerPlayerEntityMixin from fabric-particles-v1.mixins.json into net.minecraft.server.network.ServerPlayerEntity
[00:31:44] [main/DEBUG] (FabricLoader/Mixin) Mixing ServerPlayerEntityMixin from fabric-screen-handler-api-v1.mixins.json into net.minecraft.server.network.ServerPlayerEntity
[00:31:44] [main/DEBUG] (FabricLoader/Mixin) Mixing ServerPlayerEntityMixin from fabric-entity-events-v1.mixins.json into net.minecraft.server.network.ServerPlayerEntity
[00:31:44] [main/DEBUG] (FabricLoader/Mixin) Mixing ServerPlayerEntityMixin from fabric-events-interaction-v0.mixins.json into net.minecraft.server.network.ServerPlayerEntity
[00:31:44] [main/DEBUG] (FabricLoader/Mixin) Mixing ServerPlayerMixin from jade.mixins.json into net.minecraft.server.network.ServerPlayerEntity
[00:31:44] [main/DEBUG] (FabricLoader/Mixin) fabric-screen-handler-api-v1.mixins.json:ServerPlayerEntityMixin from mod fabric-screen-handler-api-v1->@Inject::fabric_storeOpenedScreenHandler(Lnet/minecraft/screen/NamedScreenHandlerFactory;Lorg/spongepowered/asm/mixin/injection/callback/CallbackInfoReturnable;)V doesn't use it's CallbackInfoReturnable
[00:31:44] [main/DEBUG] (FabricLoader/Mixin) fabric-screen-handler-api-v1.mixins.json:ServerPlayerEntityMixin from mod fabric-screen-handler-api-v1->@Inject::fabric_storeOpenedScreenHandler(Lnet/minecraft/screen/NamedScreenHandlerFactory;Lorg/spongepowered/asm/mixin/injection/callback/CallbackInfoReturnable;)V has 0 override(s) in child classes
[00:31:44] [main/DEBUG] (FabricLoader/Mixin) fabric-screen-handler-api-v1.mixins.json:ServerPlayerEntityMixin from mod fabric-screen-handler-api-v1->@Inject::fabric_storeOpenedScreenHandler(Lnet/minecraft/screen/NamedScreenHandlerFactory;Lorg/spongepowered/asm/mixin/injection/callback/CallbackInfoReturnable;)V won't be passed a CallbackInfoReturnable as a result
[00:31:44] [main/DEBUG] (FabricLoader/Mixin) fabric-entity-events-v1.mixins.json:ServerPlayerEntityMixin from mod fabric-entity-events-v1->@Inject::callOnKillForPlayer(Lnet/minecraft/entity/damage/DamageSource;Lorg/spongepowered/asm/mixin/injection/callback/CallbackInfo;)V doesn't use it's CallbackInfo
[00:31:44] [main/DEBUG] (FabricLoader/Mixin) fabric-entity-events-v1.mixins.json:ServerPlayerEntityMixin from mod fabric-entity-events-v1->@Inject::callOnKillForPlayer(Lnet/minecraft/entity/damage/DamageSource;Lorg/spongepowered/asm/mixin/injection/callback/CallbackInfo;)V has 0 override(s) in child classes
[00:31:44] [main/DEBUG] (FabricLoader/Mixin) fabric-entity-events-v1.mixins.json:ServerPlayerEntityMixin from mod fabric-entity-events-v1->@Inject::callOnKillForPlayer(Lnet/minecraft/entity/damage/DamageSource;Lorg/spongepowered/asm/mixin/injection/callback/CallbackInfo;)V won't be passed a CallbackInfo as a result
[00:31:44] [main/DEBUG] (FabricLoader/Mixin) fabric-entity-events-v1.mixins.json:ServerPlayerEntityMixin from mod fabric-entity-events-v1->@Inject::notifyDeath(Lnet/minecraft/entity/damage/DamageSource;Lorg/spongepowered/asm/mixin/injection/callback/CallbackInfo;)V doesn't use it's CallbackInfo
[00:31:44] [main/DEBUG] (FabricLoader/Mixin) fabric-entity-events-v1.mixins.json:ServerPlayerEntityMixin from mod fabric-entity-events-v1->@Inject::notifyDeath(Lnet/minecraft/entity/damage/DamageSource;Lorg/spongepowered/asm/mixin/injection/callback/CallbackInfo;)V has 0 override(s) in child classes
[00:31:44] [main/DEBUG] (FabricLoader/Mixin) fabric-entity-events-v1.mixins.json:ServerPlayerEntityMixin from mod fabric-entity-events-v1->@Inject::notifyDeath(Lnet/minecraft/entity/damage/DamageSource;Lorg/spongepowered/asm/mixin/injection/callback/CallbackInfo;)V won't be passed a CallbackInfo as a result
[00:31:44] [main/DEBUG] (FabricLoader/Mixin) fabric-entity-events-v1.mixins.json:ServerPlayerEntityMixin from mod fabric-entity-events-v1->@Inject::afterWorldChanged(Lnet/minecraft/server/world/ServerWorld;Lorg/spongepowered/asm/mixin/injection/callback/CallbackInfo;)V doesn't use it's CallbackInfo
[00:31:44] [main/DEBUG] (FabricLoader/Mixin) fabric-entity-events-v1.mixins.json:ServerPlayerEntityMixin from mod fabric-entity-events-v1->@Inject::afterWorldChanged(Lnet/minecraft/server/world/ServerWorld;Lorg/spongepowered/asm/mixin/injection/callback/CallbackInfo;)V has 0 override(s) in child classes
[00:31:44] [main/DEBUG] (FabricLoader/Mixin) fabric-entity-events-v1.mixins.json:ServerPlayerEntityMixin from mod fabric-entity-events-v1->@Inject::afterWorldChanged(Lnet/minecraft/server/world/ServerWorld;Lorg/spongepowered/asm/mixin/injection/callback/CallbackInfo;)V won't be passed a CallbackInfo as a result
[00:31:44] [main/DEBUG] (FabricLoader/Mixin) fabric-entity-events-v1.mixins.json:ServerPlayerEntityMixin from mod fabric-entity-events-v1->@Inject::onCopyFrom(Lnet/minecraft/server/network/ServerPlayerEntity;ZLorg/spongepowered/asm/mixin/injection/callback/CallbackInfo;)V doesn't use it's CallbackInfo
[00:31:44] [main/DEBUG] (FabricLoader/Mixin) fabric-entity-events-v1.mixins.json:ServerPlayerEntityMixin from mod fabric-entity-events-v1->@Inject::onCopyFrom(Lnet/minecraft/server/network/ServerPlayerEntity;ZLorg/spongepowered/asm/mixin/injection/callback/CallbackInfo;)V has 0 override(s) in child classes
[00:31:44] [main/DEBUG] (FabricLoader/Mixin) fabric-entity-events-v1.mixins.json:ServerPlayerEntityMixin from mod fabric-entity-events-v1->@Inject::onCopyFrom(Lnet/minecraft/server/network/ServerPlayerEntity;ZLorg/spongepowered/asm/mixin/injection/callback/CallbackInfo;)V won't be passed a CallbackInfo as a result
[00:31:44] [main/DEBUG] (FabricLoader/Mixin) fabric-events-interaction-v0.mixins.json:ServerPlayerEntityMixin from mod fabric-events-interaction-v0->@Inject::onPlayerInteractEntity(Lnet/minecraft/entity/Entity;Lorg/spongepowered/asm/mixin/injection/callback/CallbackInfo;)V does use it's CallbackInfo
[00:31:44] [main/DEBUG] (FabricLoader/Mixin) fabric-events-interaction-v0.mixins.json:ServerPlayerEntityMixin from mod fabric-events-interaction-v0->@Inject::fakePlayerGameMode(Lnet/minecraft/world/GameMode;Lorg/spongepowered/asm/mixin/injection/callback/CallbackInfoReturnable;)V does use it's CallbackInfoReturnable
[00:31:44] [main/DEBUG] (FabricLoader/Mixin) Mixing BreezeEntityMixin from fabric-particles-v1.mixins.json into net.minecraft.entity.mob.BreezeEntity
[00:31:44] [main/DEBUG] (FabricLoader/Mixin) Mixing AbstractHorseAccess from jade.mixins.json into net.minecraft.entity.passive.AbstractHorseEntity
[00:31:44] [main/DEBUG] (FabricLoader/Mixin) Mixing VillagerEntityAccessor from fabric-content-registries-v0.mixins.json into net.minecraft.entity.passive.VillagerEntity
[00:31:44] [main/DEBUG] (FabricLoader/Mixin) Renaming @Accessor method fabric_setItemFoodValues(Ljava/util/Map;)V to fabric_setItemFoodValues$fabric-content-registries-v0_$md$040614$0 in fabric-content-registries-v0.mixins.json:VillagerEntityAccessor from mod fabric-content-registries-v0
[00:31:44] [main/DEBUG] (FabricLoader/Mixin) Mixing VillagerEntityMixin from fabric-content-registries-v0.mixins.json into net.minecraft.entity.passive.VillagerEntity
[00:31:44] [main/DEBUG] (FabricLoader/Mixin) Mixing TrackedDataHandlerRegistryAccessor from fabric-object-builder-v1.mixins.json into net.minecraft.entity.data.TrackedDataHandlerRegistry
[00:31:44] [main/DEBUG] (FabricLoader/Mixin) Renaming @Accessor method fabric_getDataHandlers()Lnet/minecraft/util/collection/Int2ObjectBiMap; to fabric_getDataHandlers$fabric-object-builder-api-v1_$md$040614$0 in fabric-object-builder-v1.mixins.json:TrackedDataHandlerRegistryAccessor from mod fabric-object-builder-api-v1
[00:31:44] [main/DEBUG] (FabricLoader/Mixin) Mixing TrackedDataHandlerRegistryMixin from fabric-object-builder-v1.mixins.json into net.minecraft.entity.data.TrackedDataHandlerRegistry
[00:31:44] [main/DEBUG] (FabricLoader/Mixin) fabric-object-builder-v1.mixins.json:TrackedDataHandlerRegistryMixin from mod fabric-object-builder-api-v1->@Inject::storeVanillaHandlers(Lorg/spongepowered/asm/mixin/injection/callback/CallbackInfo;)V doesn't use it's CallbackInfo
[00:31:44] [main/DEBUG] (FabricLoader/Mixin) fabric-object-builder-v1.mixins.json:TrackedDataHandlerRegistryMixin from mod fabric-object-builder-api-v1->@Inject::onHeadRegister(Lnet/minecraft/entity/data/TrackedDataHandler;Lorg/spongepowered/asm/mixin/injection/callback/CallbackInfo;)V doesn't use it's CallbackInfo
[00:31:44] [main/DEBUG] (FabricLoader/Mixin) Mixing AttachmentTargetsMixin from fabric-data-attachment-api-v1.mixins.json into net.minecraft.world.chunk.Chunk
[00:31:44] [main/DEBUG] (FabricLoader/Mixin) Mixing ChunkMixin from fabric-data-attachment-api-v1.mixins.json into net.minecraft.world.chunk.Chunk
[00:31:44] [main/DEBUG] (FabricLoader/Mixin) Mixing WorldChunkMixin from fabric-data-attachment-api-v1.mixins.json into net.minecraft.world.chunk.WorldChunk
[00:31:44] [main/DEBUG] (FabricLoader/Mixin) Renaming synthetic method lambda$fabric_syncChange$0(Lnet/fabricmc/fabric/api/attachment/v1/AttachmentType;Lnet/fabricmc/fabric/impl/attachment/sync/AttachmentChange;Lnet/minecraft/server/network/ServerPlayerEntity;)V to md040614$fabric-data-attachment-api-v1$lambda$fabric_syncChange$0$0 in fabric-data-attachment-api-v1.mixins.json:WorldChunkMixin from mod fabric-data-attachment-api-v1
[00:31:44] [main/DEBUG] (FabricLoader/Mixin) Mixing WorldChunkMixin from fabric-lifecycle-events-v1.client.mixins.json into net.minecraft.world.chunk.WorldChunk
[00:31:44] [main/DEBUG] (FabricLoader/Mixin) fabric-data-attachment-api-v1.mixins.json:WorldChunkMixin from mod fabric-data-attachment-api-v1->@Inject::transferProtoChunkAttachment(Lnet/minecraft/server/world/ServerWorld;Lnet/minecraft/world/chunk/ProtoChunk;Lnet/minecraft/world/chunk/WorldChunk$EntityLoader;Lorg/spongepowered/asm/mixin/injection/callback/CallbackInfo;)V doesn't use it's CallbackInfo
[00:31:44] [main/DEBUG] (FabricLoader/Mixin) fabric-data-attachment-api-v1.mixins.json:WorldChunkMixin from mod fabric-data-attachment-api-v1->@Inject::transferProtoChunkAttachment(Lnet/minecraft/server/world/ServerWorld;Lnet/minecraft/world/chunk/ProtoChunk;Lnet/minecraft/world/chunk/WorldChunk$EntityLoader;Lorg/spongepowered/asm/mixin/injection/callback/CallbackInfo;)V has 0 override(s) in child classes
[00:31:44] [main/DEBUG] (FabricLoader/Mixin) fabric-data-attachment-api-v1.mixins.json:WorldChunkMixin from mod fabric-data-attachment-api-v1->@Inject::transferProtoChunkAttachment(Lnet/minecraft/server/world/ServerWorld;Lnet/minecraft/world/chunk/ProtoChunk;Lnet/minecraft/world/chunk/WorldChunk$EntityLoader;Lorg/spongepowered/asm/mixin/injection/callback/CallbackInfo;)V won't be passed a CallbackInfo as a result
[00:31:44] [main/DEBUG] (FabricLoader/Mixin) fabric-lifecycle-events-v1.client.mixins.json:WorldChunkMixin from mod fabric-lifecycle-events-v1->@Inject::onRemoveBlockEntity(Lnet/minecraft/block/entity/BlockEntity;Lorg/spongepowered/asm/mixin/injection/callback/CallbackInfo;)V doesn't use it's CallbackInfo
[00:31:44] [main/DEBUG] (FabricLoader/Mixin) fabric-lifecycle-events-v1.client.mixins.json:WorldChunkMixin from mod fabric-lifecycle-events-v1->@Inject::onRemoveBlockEntity(Lnet/minecraft/block/entity/BlockEntity;Lorg/spongepowered/asm/mixin/injection/callback/CallbackInfo;)V has 0 override(s) in child classes
[00:31:44] [main/DEBUG] (FabricLoader/Mixin) fabric-lifecycle-events-v1.client.mixins.json:WorldChunkMixin from mod fabric-lifecycle-events-v1->@Inject::onRemoveBlockEntity(Lnet/minecraft/block/entity/BlockEntity;Lorg/spongepowered/asm/mixin/injection/callback/CallbackInfo;)V won't be passed a CallbackInfo as a result
[00:31:44] [main/DEBUG] (FabricLoader/Mixin) fabric-lifecycle-events-v1.client.mixins.json:WorldChunkMixin from mod fabric-lifecycle-events-v1->@Inject::onRemoveBlockEntity(Lnet/minecraft/util/math/BlockPos;Lorg/spongepowered/asm/mixin/injection/callback/CallbackInfo;)V doesn't use it's CallbackInfo
[00:31:44] [main/DEBUG] (FabricLoader/Mixin) fabric-lifecycle-events-v1.client.mixins.json:WorldChunkMixin from mod fabric-lifecycle-events-v1->@Inject::onRemoveBlockEntity(Lnet/minecraft/util/math/BlockPos;Lorg/spongepowered/asm/mixin/injection/callback/CallbackInfo;)V has 0 override(s) in child classes
[00:31:44] [main/DEBUG] (FabricLoader/Mixin) fabric-lifecycle-events-v1.client.mixins.json:WorldChunkMixin from mod fabric-lifecycle-events-v1->@Inject::onRemoveBlockEntity(Lnet/minecraft/util/math/BlockPos;Lorg/spongepowered/asm/mixin/injection/callback/CallbackInfo;)V won't be passed a CallbackInfo as a result
[00:31:44] [main/DEBUG] (net.fabricmc.fabric.impl.object.builder.FabricTrackedDataRegistryImpl) Stored 37 vanilla handlers
[00:31:44] [main/DEBUG] (FabricLoader/Mixin) Mixing WardenEntityMixin from fabric-particles-v1.mixins.json into net.minecraft.entity.mob.WardenEntity
[00:31:44] [main/DEBUG] (FabricLoader/Mixin) Mixing ContainerComponentAccessor from fabric-transfer-api-v1.mixins.json into net.minecraft.component.type.ContainerComponent
[00:31:45] [main/DEBUG] (FabricLoader/Mixin) Mixing LootTableAccessor from fabric-loot-api-v3.mixins.json into net.minecraft.loot.LootTable
[00:31:45] [main/DEBUG] (FabricLoader/Mixin) Mixing LootTableMixin from fabric-loot-api-v3.mixins.json into net.minecraft.loot.LootTable
[00:31:45] [main/DEBUG] (FabricLoader/Mixin) Mixing EnchantRandomlyLootFunctionMixin from fabric-item-api-v1.mixins.json into net.minecraft.loot.function.EnchantRandomlyLootFunction
[00:31:45] [main/DEBUG] (FabricLoader/Mixin) Mixing HoneycombItemMixin from fabric-content-registries-v0.mixins.json into net.minecraft.item.HoneycombItem
[00:31:45] [main/DEBUG] (FabricLoader/Mixin) fabric-content-registries-v0.mixins.json:HoneycombItemMixin from mod fabric-content-registries-v0->@Inject::createUnwaxedToWaxedMap(Lorg/spongepowered/asm/mixin/injection/callback/CallbackInfoReturnable;)V does use it's CallbackInfoReturnable
[00:31:45] [main/DEBUG] (FabricLoader/Mixin) Mixing BrushItemMixin from fabric-particles-v1.mixins.json into net.minecraft.item.BrushItem
[00:31:45] [main/DEBUG] (FabricLoader/Mixin) Mixing EntitySelectorOptionsAccessor from fabric-command-api-v2.mixins.json into net.minecraft.command.EntitySelectorOptions
[00:31:45] [main/DEBUG] (FabricLoader/Mixin) Renaming @Invoker method callPutOption(Ljava/lang/String;Lnet/minecraft/command/EntitySelectorOptions$SelectorHandler;Ljava/util/function/Predicate;Lnet/minecraft/text/Text;)V to callPutOption$fabric-command-api-v2_$md$040614$0 in fabric-command-api-v2.mixins.json:EntitySelectorOptionsAccessor from mod fabric-command-api-v2
[00:31:45] [main/DEBUG] (FabricLoader/Mixin) Mixing EntitySelectorReaderMixin from fabric-command-api-v2.mixins.json into net.minecraft.command.EntitySelectorReader
[00:31:45] [main/DEBUG] (FabricLoader/Mixin) Generating mapped inner class net/minecraft/block/entity/ChiseledBookshelfBlockEntity$Anonymous$2b614f178b5244ba92477506e98bf350 (originally net/fabricmc/fabric/mixin/transfer/ChiseledBookshelfBlockEntityMixin$1)
[00:31:45] [main/DEBUG] (FabricLoader/Mixin) Mixing SimpleInventoryMixin from fabric-transfer-api-v1.mixins.json into net.minecraft.inventory.SimpleInventory
[00:31:45] [main/DEBUG] (FabricLoader/Mixin) Mixing CraftingRecipeMixin from fabric-item-api-v1.mixins.json into net.minecraft.recipe.CraftingRecipe
[00:31:45] [main/DEBUG] (FabricLoader/Mixin) Mixing ingredient.IngredientMixin from fabric-recipe-api-v1.mixins.json into net.minecraft.recipe.Ingredient
[00:31:45] [main/DEBUG] (FabricLoader/Mixin) Renaming synthetic method lambda$injectCodec$2(Lnet/minecraft/recipe/Ingredient;)Lcom/mojang/datafixers/util/Either; to md040614$fabric-recipe-api-v1$lambda$injectCodec$2$0 in fabric-recipe-api-v1.mixins.json:ingredient.IngredientMixin from mod fabric-recipe-api-v1
[00:31:45] [main/DEBUG] (FabricLoader/Mixin) Renaming synthetic method lambda$injectCodec$1(Lcom/mojang/datafixers/util/Either;)Lnet/minecraft/recipe/Ingredient; to md040614$fabric-recipe-api-v1$lambda$injectCodec$1$1 in fabric-recipe-api-v1.mixins.json:ingredient.IngredientMixin from mod fabric-recipe-api-v1
[00:31:45] [main/DEBUG] (FabricLoader/Mixin) Renaming synthetic method lambda$injectCodec$0(Lnet/minecraft/recipe/Ingredient;)Lnet/minecraft/recipe/Ingredient; to md040614$fabric-recipe-api-v1$lambda$injectCodec$0$2 in fabric-recipe-api-v1.mixins.json:ingredient.IngredientMixin from mod fabric-recipe-api-v1
[00:31:45] [main/DEBUG] (FabricLoader/Mixin) fabric-recipe-api-v1.mixins.json:ingredient.IngredientMixin from mod fabric-recipe-api-v1->@Inject::injectCodec(Lorg/spongepowered/asm/mixin/injection/callback/CallbackInfo;)V doesn't use it's CallbackInfo
[00:31:45] [main/DEBUG] (FabricLoader/Mixin) fabric-recipe-api-v1.mixins.json:ingredient.IngredientMixin from mod fabric-recipe-api-v1->@Inject::onGetEntries(Lnet/minecraft/recipe/Ingredient;Lorg/spongepowered/asm/mixin/injection/callback/CallbackInfoReturnable;)V does use it's CallbackInfoReturnable
[00:31:45] [main/DEBUG] (FabricLoader/Mixin) fabric-recipe-api-v1.mixins.json:ingredient.IngredientMixin from mod fabric-recipe-api-v1->@Inject::onGetEntries(Lnet/minecraft/recipe/Ingredient;Lorg/spongepowered/asm/mixin/injection/callback/CallbackInfoReturnable;)V does use it's CallbackInfoReturnable
[00:31:45] [main/DEBUG] (FabricLoader/Mixin) fabric-recipe-api-v1.mixins.json:ingredient.IngredientMixin from mod fabric-recipe-api-v1->@Inject::onGetEntries(Lnet/minecraft/recipe/Ingredient;Lorg/spongepowered/asm/mixin/injection/callback/CallbackInfoReturnable;)V does use it's CallbackInfoReturnable
[00:31:45] [main/DEBUG] (FabricLoader/Mixin) fabric-recipe-api-v1.mixins.json:ingredient.IngredientMixin from mod fabric-recipe-api-v1->@Inject::onHeadEquals(Ljava/lang/Object;Lorg/spongepowered/asm/mixin/injection/callback/CallbackInfoReturnable;)V does use it's CallbackInfoReturnable
[00:31:45] [main/DEBUG] (FabricLoader/Mixin) Mixing ingredient.ShapelessRecipeMixin from fabric-recipe-api-v1.mixins.json into net.minecraft.recipe.ShapelessRecipe
[00:31:45] [main/DEBUG] (FabricLoader/Mixin) fabric-recipe-api-v1.mixins.json:ingredient.ShapelessRecipeMixin from mod fabric-recipe-api-v1->@Inject::cacheRequiresTesting(Ljava/lang/String;Lnet/minecraft/recipe/book/CraftingRecipeCategory;Lnet/minecraft/item/ItemStack;Ljava/util/List;Lorg/spongepowered/asm/mixin/injection/callback/CallbackInfo;)V doesn't use it's CallbackInfo
[00:31:45] [main/DEBUG] (FabricLoader/Mixin) fabric-recipe-api-v1.mixins.json:ingredient.ShapelessRecipeMixin from mod fabric-recipe-api-v1->@Inject::cacheRequiresTesting(Ljava/lang/String;Lnet/minecraft/recipe/book/CraftingRecipeCategory;Lnet/minecraft/item/ItemStack;Ljava/util/List;Lorg/spongepowered/asm/mixin/injection/callback/CallbackInfo;)V has 0 override(s) in child classes
[00:31:45] [main/DEBUG] (FabricLoader/Mixin) fabric-recipe-api-v1.mixins.json:ingredient.ShapelessRecipeMixin from mod fabric-recipe-api-v1->@Inject::cacheRequiresTesting(Ljava/lang/String;Lnet/minecraft/recipe/book/CraftingRecipeCategory;Lnet/minecraft/item/ItemStack;Ljava/util/List;Lorg/spongepowered/asm/mixin/injection/callback/CallbackInfo;)V won't be passed a CallbackInfo as a result
[00:31:45] [main/DEBUG] (FabricLoader/Mixin) fabric-recipe-api-v1.mixins.json:ingredient.ShapelessRecipeMixin from mod fabric-recipe-api-v1->@Inject::customIngredientMatch(Lnet/minecraft/recipe/input/CraftingRecipeInput;Lnet/minecraft/world/World;Lorg/spongepowered/asm/mixin/injection/callback/CallbackInfoReturnable;)V does use it's CallbackInfoReturnable
[00:31:45] [main/DEBUG] (FabricLoader/Mixin) Mixing ChunkGeneratingMixin from fabric-lifecycle-events-v1.mixins.json into net.minecraft.world.chunk.ChunkGenerating
[00:31:45] [main/DEBUG] (FabricLoader/Mixin) fabric-lifecycle-events-v1.mixins.json:ChunkGeneratingMixin from mod fabric-lifecycle-events-v1->@Inject::onChunkLoad(Lnet/minecraft/world/chunk/Chunk;Lnet/minecraft/world/chunk/ChunkGenerationContext;Lnet/minecraft/world/chunk/AbstractChunkHolder;Lorg/spongepowered/asm/mixin/injection/callback/CallbackInfoReturnable;)V does use it's CallbackInfoReturnable
[00:31:45] [main/DEBUG] (FabricLoader/Mixin) Mixing StructureTemplateManagerMixin from fabric-gametest-api-v1.mixins.json into net.minecraft.structure.StructureTemplateManager
[00:31:45] [main/DEBUG] (FabricLoader/Mixin) Renaming @Unique method streamTemplatesFromResource()Ljava/util/stream/Stream; to md040614$fabric-gametest-api-v1$streamTemplatesFromResource$0 in fabric-gametest-api-v1.mixins.json:StructureTemplateManagerMixin from mod fabric-gametest-api-v1
[00:31:45] [main/DEBUG] (FabricLoader/Mixin) fabric-gametest-api-v1.mixins.json:StructureTemplateManagerMixin from mod fabric-gametest-api-v1->@Inject::addFabricTemplateProvider(Lnet/minecraft/resource/ResourceManager;Lnet/minecraft/world/level/storage/LevelStorage$Session;Lcom/mojang/datafixers/DataFixer;Lnet/minecraft/registry/RegistryEntryLookup;Lorg/spongepowered/asm/mixin/injection/callback/CallbackInfo;)V doesn't use it's CallbackInfo
[00:31:45] [main/DEBUG] (FabricLoader/Mixin) fabric-gametest-api-v1.mixins.json:StructureTemplateManagerMixin from mod fabric-gametest-api-v1->@Inject::addFabricTemplateProvider(Lnet/minecraft/resource/ResourceManager;Lnet/minecraft/world/level/storage/LevelStorage$Session;Lcom/mojang/datafixers/DataFixer;Lnet/minecraft/registry/RegistryEntryLookup;Lorg/spongepowered/asm/mixin/injection/callback/CallbackInfo;)V has 0 override(s) in child classes
[00:31:45] [main/DEBUG] (FabricLoader/Mixin) fabric-gametest-api-v1.mixins.json:StructureTemplateManagerMixin from mod fabric-gametest-api-v1->@Inject::addFabricTemplateProvider(Lnet/minecraft/resource/ResourceManager;Lnet/minecraft/world/level/storage/LevelStorage$Session;Lcom/mojang/datafixers/DataFixer;Lnet/minecraft/registry/RegistryEntryLookup;Lorg/spongepowered/asm/mixin/injection/callback/CallbackInfo;)V won't be passed a CallbackInfo as a result
[00:31:45] [main/DEBUG] (FabricLoader/Mixin) Mixing BiomeSourceMixin from fabric-biome-api-v1.mixins.json into net.minecraft.world.biome.source.BiomeSource
[00:31:45] [main/DEBUG] (FabricLoader/Mixin) Mixing MultiNoiseBiomeSourceMixin from fabric-biome-api-v1.mixins.json into net.minecraft.world.biome.source.MultiNoiseBiomeSource
[00:31:45] [main/DEBUG] (FabricLoader/Mixin) Mixing NetherBiomePresetMixin from fabric-biome-api-v1.mixins.json into net.minecraft.world.biome.source.MultiNoiseBiomeSourceParameterList$Preset$1
[00:31:45] [main/DEBUG] (FabricLoader/Mixin) fabric-biome-api-v1.mixins.json:NetherBiomePresetMixin from mod fabric-biome-api-v1->@Inject::apply(Ljava/util/function/Function;Lorg/spongepowered/asm/mixin/injection/callback/CallbackInfoReturnable;)V does use it's CallbackInfoReturnable
[00:31:45] [main/DEBUG] (FabricLoader/Mixin) Mixing RegistryOpsAccessor from fabric-resource-conditions-api-v1.mixins.json into net.minecraft.registry.RegistryOps
[00:31:45] [main/DEBUG] (FabricLoader/Mixin) Mixing TheEndBiomeSourceMixin from fabric-biome-api-v1.mixins.json into net.minecraft.world.biome.source.TheEndBiomeSource
[00:31:45] [main/DEBUG] (FabricLoader/Mixin) Renaming synthetic method lambda$init$1(Lnet/minecraft/registry/RegistryEntryLookup;)Lnet/fabricmc/fabric/impl/biome/TheEndBiomeData$Overrides; to md040614$fabric-biome-api-v1$lambda$init$1$0 in fabric-biome-api-v1.mixins.json:TheEndBiomeSourceMixin from mod fabric-biome-api-v1
[00:31:45] [main/DEBUG] (FabricLoader/Mixin) Renaming synthetic method lambda$modifyCodec$0(Lcom/mojang/serialization/codecs/RecordCodecBuilder$Instance;)Lcom/mojang/datafixers/kinds/App; to md040614$fabric-biome-api-v1$lambda$modifyCodec$0$1 in fabric-biome-api-v1.mixins.json:TheEndBiomeSourceMixin from mod fabric-biome-api-v1
[00:31:45] [main/DEBUG] (FabricLoader/Mixin) fabric-biome-api-v1.mixins.json:TheEndBiomeSourceMixin from mod fabric-biome-api-v1->@Inject::modifyCodec(Lorg/spongepowered/asm/mixin/injection/callback/CallbackInfo;)V doesn't use it's CallbackInfo
[00:31:45] [main/DEBUG] (FabricLoader/Mixin) fabric-biome-api-v1.mixins.json:TheEndBiomeSourceMixin from mod fabric-biome-api-v1->@Inject::rememberLookup(Lnet/minecraft/registry/RegistryEntryLookup;Lorg/spongepowered/asm/mixin/injection/callback/CallbackInfoReturnable;)V doesn't use it's CallbackInfoReturnable
[00:31:45] [main/DEBUG] (FabricLoader/Mixin) fabric-biome-api-v1.mixins.json:TheEndBiomeSourceMixin from mod fabric-biome-api-v1->@Inject::clearLookup(Lnet/minecraft/registry/RegistryEntryLookup;Lorg/spongepowered/asm/mixin/injection/callback/CallbackInfoReturnable;)V doesn't use it's CallbackInfoReturnable
[00:31:45] [main/DEBUG] (FabricLoader/Mixin) fabric-biome-api-v1.mixins.json:TheEndBiomeSourceMixin from mod fabric-biome-api-v1->@Inject::init(Lnet/minecraft/registry/entry/RegistryEntry;Lnet/minecraft/registry/entry/RegistryEntry;Lnet/minecraft/registry/entry/RegistryEntry;Lnet/minecraft/registry/entry/RegistryEntry;Lnet/minecraft/registry/entry/RegistryEntry;Lorg/spongepowered/asm/mixin/injection/callback/CallbackInfo;)V doesn't use it's CallbackInfo
[00:31:45] [main/DEBUG] (FabricLoader/Mixin) fabric-biome-api-v1.mixins.json:TheEndBiomeSourceMixin from mod fabric-biome-api-v1->@Inject::init(Lnet/minecraft/registry/entry/RegistryEntry;Lnet/minecraft/registry/entry/RegistryEntry;Lnet/minecraft/registry/entry/RegistryEntry;Lnet/minecraft/registry/entry/RegistryEntry;Lnet/minecraft/registry/entry/RegistryEntry;Lorg/spongepowered/asm/mixin/injection/callback/CallbackInfo;)V has 0 override(s) in child classes
[00:31:45] [main/DEBUG] (FabricLoader/Mixin) fabric-biome-api-v1.mixins.json:TheEndBiomeSourceMixin from mod fabric-biome-api-v1->@Inject::init(Lnet/minecraft/registry/entry/RegistryEntry;Lnet/minecraft/registry/entry/RegistryEntry;Lnet/minecraft/registry/entry/RegistryEntry;Lnet/minecraft/registry/entry/RegistryEntry;Lnet/minecraft/registry/entry/RegistryEntry;Lorg/spongepowered/asm/mixin/injection/callback/CallbackInfo;)V won't be passed a CallbackInfo as a result
[00:31:45] [main/DEBUG] (FabricLoader/Mixin) fabric-biome-api-v1.mixins.json:TheEndBiomeSourceMixin from mod fabric-biome-api-v1->@Inject::getWeightedEndBiome(IIILnet/minecraft/world/biome/source/util/MultiNoiseUtil$MultiNoiseSampler;Lorg/spongepowered/asm/mixin/injection/callback/CallbackInfoReturnable;)V does use it's CallbackInfoReturnable
[00:31:45] [main/DEBUG] (FabricLoader/Mixin) fabric-biome-api-v1.mixins.json:TheEndBiomeSourceMixin from mod fabric-biome-api-v1->@Inject::getWeightedEndBiome(IIILnet/minecraft/world/biome/source/util/MultiNoiseUtil$MultiNoiseSampler;Lorg/spongepowered/asm/mixin/injection/callback/CallbackInfoReturnable;)V does use it's CallbackInfoReturnable
[00:31:45] [main/DEBUG] (FabricLoader/Mixin) fabric-biome-api-v1.mixins.json:TheEndBiomeSourceMixin from mod fabric-biome-api-v1->@Inject::getWeightedEndBiome(IIILnet/minecraft/world/biome/source/util/MultiNoiseUtil$MultiNoiseSampler;Lorg/spongepowered/asm/mixin/injection/callback/CallbackInfoReturnable;)V does use it's CallbackInfoReturnable
[00:31:45] [main/DEBUG] (FabricLoader/Mixin) fabric-biome-api-v1.mixins.json:TheEndBiomeSourceMixin from mod fabric-biome-api-v1->@Inject::getWeightedEndBiome(IIILnet/minecraft/world/biome/source/util/MultiNoiseUtil$MultiNoiseSampler;Lorg/spongepowered/asm/mixin/injection/callback/CallbackInfoReturnable;)V does use it's CallbackInfoReturnable
[00:31:45] [main/DEBUG] (FabricLoader/Mixin) fabric-biome-api-v1.mixins.json:TheEndBiomeSourceMixin from mod fabric-biome-api-v1->@Inject::getWeightedEndBiome(IIILnet/minecraft/world/biome/source/util/MultiNoiseUtil$MultiNoiseSampler;Lorg/spongepowered/asm/mixin/injection/callback/CallbackInfoReturnable;)V does use it's CallbackInfoReturnable
[00:31:45] [main/DEBUG] (FabricLoader/Mixin) Mixing DebugChunkGeneratorAccessor from fabric-registry-sync-v0.mixins.json into net.minecraft.world.gen.chunk.DebugChunkGenerator
[00:31:45] [main/DEBUG] (FabricLoader/Mixin) Renaming @Accessor method setBLOCK_STATES(Ljava/util/List;)V to setBLOCK_STATES$fabric-registry-sync-v0_$md$040614$0 in fabric-registry-sync-v0.mixins.json:DebugChunkGeneratorAccessor from mod fabric-registry-sync-v0
[00:31:45] [main/DEBUG] (FabricLoader/Mixin) Renaming @Accessor method setX_SIDE_LENGTH(I)V to setX_SIDE_LENGTH$fabric-registry-sync-v0_$md$040614$1 in fabric-registry-sync-v0.mixins.json:DebugChunkGeneratorAccessor from mod fabric-registry-sync-v0
[00:31:45] [main/DEBUG] (FabricLoader/Mixin) Renaming @Accessor method setZ_SIDE_LENGTH(I)V to setZ_SIDE_LENGTH$fabric-registry-sync-v0_$md$040614$2 in fabric-registry-sync-v0.mixins.json:DebugChunkGeneratorAccessor from mod fabric-registry-sync-v0
[00:31:46] [main/DEBUG] (FabricLoader/Mixin) Mixing GameRuleRpcDispatcherTypedRuleMixin from fabric-game-rule-api-v1.mixins.json into net.minecraft.server.dedicated.management.dispatch.GameRuleRpcDispatcher$TypedRule
[00:31:46] [main/DEBUG] (FabricLoader/Mixin) Renaming synthetic method lambda$static$3(Lnet/minecraft/server/dedicated/management/dispatch/GameRuleRpcDispatcher$TypedRule;)Lcom/mojang/datafixers/util/Either; to md040614$fabric-game-rule-api-v1$lambda$static$3$0 in fabric-game-rule-api-v1.mixins.json:GameRuleRpcDispatcherTypedRuleMixin from mod fabric-game-rule-api-v1
[00:31:46] [main/DEBUG] (FabricLoader/Mixin) Renaming synthetic method lambda$static$2(Lcom/mojang/datafixers/util/Either;)Lnet/minecraft/server/dedicated/management/dispatch/GameRuleRpcDispatcher$TypedRule; to md040614$fabric-game-rule-api-v1$lambda$static$2$1 in fabric-game-rule-api-v1.mixins.json:GameRuleRpcDispatcherTypedRuleMixin from mod fabric-game-rule-api-v1
[00:31:46] [main/DEBUG] (FabricLoader/Mixin) Renaming synthetic method lambda$static$1(Lcom/mojang/serialization/codecs/RecordCodecBuilder$Instance;)Lcom/mojang/datafixers/kinds/App; to md040614$fabric-game-rule-api-v1$lambda$static$1$2 in fabric-game-rule-api-v1.mixins.json:GameRuleRpcDispatcherTypedRuleMixin from mod fabric-game-rule-api-v1
[00:31:46] [main/DEBUG] (FabricLoader/Mixin) Renaming synthetic method lambda$static$0(Lnet/minecraft/server/dedicated/management/dispatch/GameRuleRpcDispatcher$TypedRule;)Lnet/fabricmc/fabric/impl/gamerule/rpc/FabricGameRuleType; to md040614$fabric-game-rule-api-v1$lambda$static$0$3 in fabric-game-rule-api-v1.mixins.json:GameRuleRpcDispatcherTypedRuleMixin from mod fabric-game-rule-api-v1
[00:31:46] [main/DEBUG] (FabricLoader/Mixin) Mixing GameRulesBooleanRuleAccessor from fabric-game-rule-api-v1.mixins.json into net.minecraft.world.GameRules$BooleanRule
[00:31:46] [main/DEBUG] (FabricLoader/Mixin) Renaming @Invoker method invokeCreate(ZLjava/util/function/BiConsumer;)Lnet/minecraft/world/GameRules$Type; to invokeCreate$fabric-game-rule-api-v1_$md$040614$0 in fabric-game-rule-api-v1.mixins.json:GameRulesBooleanRuleAccessor from mod fabric-game-rule-api-v1
[00:31:46] [main/DEBUG] (FabricLoader/Mixin) Mixing GameRulesAccessor from fabric-game-rule-api-v1.mixins.json into net.minecraft.world.GameRules
[00:31:46] [main/DEBUG] (FabricLoader/Mixin) Renaming @Invoker method callRegister(Ljava/lang/String;Lnet/minecraft/world/GameRules$Category;Lnet/minecraft/world/GameRules$Type;)Lnet/minecraft/world/GameRules$Key; to callRegister$fabric-game-rule-api-v1_$md$040614$0 in fabric-game-rule-api-v1.mixins.json:GameRulesAccessor from mod fabric-game-rule-api-v1
[00:31:46] [main/DEBUG] (FabricLoader/Mixin) Renaming @Accessor method getRuleTypes()Ljava/util/Map; to getRuleTypes$fabric-game-rule-api-v1_$md$040614$1 in fabric-game-rule-api-v1.mixins.json:GameRulesAccessor from mod fabric-game-rule-api-v1
[00:31:46] [main/DEBUG] (FabricLoader/Mixin) Mixing GameRulesKeyMixin from fabric-game-rule-api-v1.mixins.json into net.minecraft.world.GameRules$Key
[00:31:46] [main/DEBUG] (FabricLoader/Mixin) Mixing MinecraftServerMixin from fabric-resource-loader-v1.mixins.json into net.minecraft.server.MinecraftServer
[00:31:46] [main/DEBUG] (FabricLoader/Mixin) Mixing MinecraftServerMixin from fabric-resource-loader-v0.mixins.json into net.minecraft.server.MinecraftServer
[00:31:46] [main/DEBUG] (FabricLoader/Mixin) Renaming synthetic method lambda$init$0(Lnet/minecraft/resource/ResourcePack;)Ljava/util/stream/Stream; to md040614$fabric-resource-loader-v0$lambda$init$0$0 in fabric-resource-loader-v0.mixins.json:MinecraftServerMixin from mod fabric-resource-loader-v0
[00:31:46] [main/DEBUG] (FabricLoader/Mixin) Mixing modification.MinecraftServerMixin from fabric-biome-api-v1.mixins.json into net.minecraft.server.MinecraftServer
[00:31:46] [main/DEBUG] (FabricLoader/Mixin) Mixing MinecraftServerMixin from fabric-message-api-v1.mixins.json into net.minecraft.server.MinecraftServer
[00:31:46] [main/DEBUG] (FabricLoader/Mixin) Renaming synthetic method lambda$onGetChatDecorator$0(Lnet/minecraft/server/network/ServerPlayerEntity;Lnet/minecraft/text/Text;)Lnet/minecraft/text/Text; to md040614$fabric-message-api-v1$lambda$onGetChatDecorator$0$1 in fabric-message-api-v1.mixins.json:MinecraftServerMixin from mod fabric-message-api-v1
[00:31:46] [main/DEBUG] (FabricLoader/Mixin) Mixing MinecraftServerMixin from fabric-lifecycle-events-v1.mixins.json into net.minecraft.server.MinecraftServer
[00:31:46] [main/DEBUG] (FabricLoader/Mixin) Renaming synthetic method lambda$endResourceReload$0(Ljava/lang/Void;Ljava/lang/Throwable;)Ljava/lang/Void; to md040614$fabric-lifecycle-events-v1$lambda$endResourceReload$0$2 in fabric-lifecycle-events-v1.mixins.json:MinecraftServerMixin from mod fabric-lifecycle-events-v1
[00:31:46] [main/DEBUG] (FabricLoader/Mixin) fabric-resource-loader-v0.mixins.json:MinecraftServerMixin from mod fabric-resource-loader-v0->@Inject::init(Ljava/lang/Thread;Lnet/minecraft/world/level/storage/LevelStorage$Session;Lnet/minecraft/resource/ResourcePackManager;Lnet/minecraft/server/SaveLoader;Ljava/net/Proxy;Lcom/mojang/datafixers/DataFixer;Lnet/minecraft/util/ApiServices;Lnet/minecraft/world/chunk/ChunkLoadProgress;Lorg/spongepowered/asm/mixin/injection/callback/CallbackInfo;)V doesn't use it's CallbackInfo
[00:31:46] [main/DEBUG] (FabricLoader/Mixin) fabric-resource-loader-v0.mixins.json:MinecraftServerMixin from mod fabric-resource-loader-v0->@Inject::init(Ljava/lang/Thread;Lnet/minecraft/world/level/storage/LevelStorage$Session;Lnet/minecraft/resource/ResourcePackManager;Lnet/minecraft/server/SaveLoader;Ljava/net/Proxy;Lcom/mojang/datafixers/DataFixer;Lnet/minecraft/util/ApiServices;Lnet/minecraft/world/chunk/ChunkLoadProgress;Lorg/spongepowered/asm/mixin/injection/callback/CallbackInfo;)V has 0 override(s) in child classes
[00:31:46] [main/DEBUG] (FabricLoader/Mixin) fabric-resource-loader-v0.mixins.json:MinecraftServerMixin from mod fabric-resource-loader-v0->@Inject::init(Ljava/lang/Thread;Lnet/minecraft/world/level/storage/LevelStorage$Session;Lnet/minecraft/resource/ResourcePackManager;Lnet/minecraft/server/SaveLoader;Ljava/net/Proxy;Lcom/mojang/datafixers/DataFixer;Lnet/minecraft/util/ApiServices;Lnet/minecraft/world/chunk/ChunkLoadProgress;Lorg/spongepowered/asm/mixin/injection/callback/CallbackInfo;)V won't be passed a CallbackInfo as a result
[00:31:46] [main/DEBUG] (FabricLoader/Mixin) fabric-biome-api-v1.mixins.json:modification.MinecraftServerMixin from mod fabric-biome-api-v1->@Inject::finalizeWorldGen(Lorg/spongepowered/asm/mixin/injection/callback/CallbackInfo;)V doesn't use it's CallbackInfo
[00:31:46] [main/DEBUG] (FabricLoader/Mixin) fabric-biome-api-v1.mixins.json:modification.MinecraftServerMixin from mod fabric-biome-api-v1->@Inject::finalizeWorldGen(Lorg/spongepowered/asm/mixin/injection/callback/CallbackInfo;)V has 0 override(s) in child classes
[00:31:46] [main/DEBUG] (FabricLoader/Mixin) fabric-biome-api-v1.mixins.json:modification.MinecraftServerMixin from mod fabric-biome-api-v1->@Inject::finalizeWorldGen(Lorg/spongepowered/asm/mixin/injection/callback/CallbackInfo;)V won't be passed a CallbackInfo as a result
[00:31:46] [main/DEBUG] (FabricLoader/Mixin) fabric-message-api-v1.mixins.json:MinecraftServerMixin from mod fabric-message-api-v1->@Inject::onGetChatDecorator(Lorg/spongepowered/asm/mixin/injection/callback/CallbackInfoReturnable;)V does use it's CallbackInfoReturnable
[00:31:46] [main/DEBUG] (FabricLoader/Mixin) fabric-lifecycle-events-v1.mixins.json:MinecraftServerMixin from mod fabric-lifecycle-events-v1->@Inject::beforeSetupServer(Lorg/spongepowered/asm/mixin/injection/callback/CallbackInfo;)V doesn't use it's CallbackInfo
[00:31:46] [main/DEBUG] (FabricLoader/Mixin) fabric-lifecycle-events-v1.mixins.json:MinecraftServerMixin from mod fabric-lifecycle-events-v1->@Inject::beforeSetupServer(Lorg/spongepowered/asm/mixin/injection/callback/CallbackInfo;)V has 0 override(s) in child classes
[00:31:46] [main/DEBUG] (FabricLoader/Mixin) fabric-lifecycle-events-v1.mixins.json:MinecraftServerMixin from mod fabric-lifecycle-events-v1->@Inject::beforeSetupServer(Lorg/spongepowered/asm/mixin/injection/callback/CallbackInfo;)V won't be passed a CallbackInfo as a result
[00:31:46] [main/DEBUG] (FabricLoader/Mixin) fabric-lifecycle-events-v1.mixins.json:MinecraftServerMixin from mod fabric-lifecycle-events-v1->@Inject::afterSetupServer(Lorg/spongepowered/asm/mixin/injection/callback/CallbackInfo;)V doesn't use it's CallbackInfo
[00:31:46] [main/DEBUG] (FabricLoader/Mixin) fabric-lifecycle-events-v1.mixins.json:MinecraftServerMixin from mod fabric-lifecycle-events-v1->@Inject::afterSetupServer(Lorg/spongepowered/asm/mixin/injection/callback/CallbackInfo;)V has 0 override(s) in child classes
[00:31:46] [main/DEBUG] (FabricLoader/Mixin) fabric-lifecycle-events-v1.mixins.json:MinecraftServerMixin from mod fabric-lifecycle-events-v1->@Inject::afterSetupServer(Lorg/spongepowered/asm/mixin/injection/callback/CallbackInfo;)V won't be passed a CallbackInfo as a result
[00:31:46] [main/DEBUG] (FabricLoader/Mixin) fabric-lifecycle-events-v1.mixins.json:MinecraftServerMixin from mod fabric-lifecycle-events-v1->@Inject::beforeShutdownServer(Lorg/spongepowered/asm/mixin/injection/callback/CallbackInfo;)V doesn't use it's CallbackInfo
[00:31:46] [main/DEBUG] (FabricLoader/Mixin) fabric-lifecycle-events-v1.mixins.json:MinecraftServerMixin from mod fabric-lifecycle-events-v1->@Inject::beforeShutdownServer(Lorg/spongepowered/asm/mixin/injection/callback/CallbackInfo;)V has 0 override(s) in child classes
[00:31:46] [main/DEBUG] (FabricLoader/Mixin) fabric-lifecycle-events-v1.mixins.json:MinecraftServerMixin from mod fabric-lifecycle-events-v1->@Inject::beforeShutdownServer(Lorg/spongepowered/asm/mixin/injection/callback/CallbackInfo;)V won't be passed a CallbackInfo as a result
[00:31:46] [main/DEBUG] (FabricLoader/Mixin) fabric-lifecycle-events-v1.mixins.json:MinecraftServerMixin from mod fabric-lifecycle-events-v1->@Inject::afterShutdownServer(Lorg/spongepowered/asm/mixin/injection/callback/CallbackInfo;)V doesn't use it's CallbackInfo
[00:31:46] [main/DEBUG] (FabricLoader/Mixin) fabric-lifecycle-events-v1.mixins.json:MinecraftServerMixin from mod fabric-lifecycle-events-v1->@Inject::afterShutdownServer(Lorg/spongepowered/asm/mixin/injection/callback/CallbackInfo;)V has 0 override(s) in child classes
[00:31:46] [main/DEBUG] (FabricLoader/Mixin) fabric-lifecycle-events-v1.mixins.json:MinecraftServerMixin from mod fabric-lifecycle-events-v1->@Inject::afterShutdownServer(Lorg/spongepowered/asm/mixin/injection/callback/CallbackInfo;)V won't be passed a CallbackInfo as a result
[00:31:46] [main/DEBUG] (FabricLoader/Mixin) fabric-lifecycle-events-v1.mixins.json:MinecraftServerMixin from mod fabric-lifecycle-events-v1->@Inject::onStartTick(Ljava/util/function/BooleanSupplier;Lorg/spongepowered/asm/mixin/injection/callback/CallbackInfo;)V doesn't use it's CallbackInfo
[00:31:46] [main/DEBUG] (FabricLoader/Mixin) fabric-lifecycle-events-v1.mixins.json:MinecraftServerMixin from mod fabric-lifecycle-events-v1->@Inject::onStartTick(Ljava/util/function/BooleanSupplier;Lorg/spongepowered/asm/mixin/injection/callback/CallbackInfo;)V has 0 override(s) in child classes
[00:31:46] [main/DEBUG] (FabricLoader/Mixin) fabric-lifecycle-events-v1.mixins.json:MinecraftServerMixin from mod fabric-lifecycle-events-v1->@Inject::onStartTick(Ljava/util/function/BooleanSupplier;Lorg/spongepowered/asm/mixin/injection/callback/CallbackInfo;)V won't be passed a CallbackInfo as a result
[00:31:46] [main/DEBUG] (FabricLoader/Mixin) fabric-lifecycle-events-v1.mixins.json:MinecraftServerMixin from mod fabric-lifecycle-events-v1->@Inject::onEndTick(Ljava/util/function/BooleanSupplier;Lorg/spongepowered/asm/mixin/injection/callback/CallbackInfo;)V doesn't use it's CallbackInfo
[00:31:46] [main/DEBUG] (FabricLoader/Mixin) fabric-lifecycle-events-v1.mixins.json:MinecraftServerMixin from mod fabric-lifecycle-events-v1->@Inject::onEndTick(Ljava/util/function/BooleanSupplier;Lorg/spongepowered/asm/mixin/injection/callback/CallbackInfo;)V has 0 override(s) in child classes
[00:31:46] [main/DEBUG] (FabricLoader/Mixin) fabric-lifecycle-events-v1.mixins.json:MinecraftServerMixin from mod fabric-lifecycle-events-v1->@Inject::onEndTick(Ljava/util/function/BooleanSupplier;Lorg/spongepowered/asm/mixin/injection/callback/CallbackInfo;)V won't be passed a CallbackInfo as a result
[00:31:46] [main/DEBUG] (FabricLoader/Mixin) fabric-lifecycle-events-v1.mixins.json:MinecraftServerMixin from mod fabric-lifecycle-events-v1->@Inject::onUnloadWorldAtShutdown(Lorg/spongepowered/asm/mixin/injection/callback/CallbackInfo;)V doesn't use it's CallbackInfo
[00:31:46] [main/DEBUG] (FabricLoader/Mixin) fabric-lifecycle-events-v1.mixins.json:MinecraftServerMixin from mod fabric-lifecycle-events-v1->@Inject::onUnloadWorldAtShutdown(Lorg/spongepowered/asm/mixin/injection/callback/CallbackInfo;)V has 0 override(s) in child classes
[00:31:46] [main/DEBUG] (FabricLoader/Mixin) fabric-lifecycle-events-v1.mixins.json:MinecraftServerMixin from mod fabric-lifecycle-events-v1->@Inject::onUnloadWorldAtShutdown(Lorg/spongepowered/asm/mixin/injection/callback/CallbackInfo;)V won't be passed a CallbackInfo as a result
[00:31:46] [main/DEBUG] (FabricLoader/Mixin) fabric-lifecycle-events-v1.mixins.json:MinecraftServerMixin from mod fabric-lifecycle-events-v1->@Inject::startResourceReload(Ljava/util/Collection;Lorg/spongepowered/asm/mixin/injection/callback/CallbackInfoReturnable;)V doesn't use it's CallbackInfoReturnable
[00:31:46] [main/DEBUG] (FabricLoader/Mixin) fabric-lifecycle-events-v1.mixins.json:MinecraftServerMixin from mod fabric-lifecycle-events-v1->@Inject::startResourceReload(Ljava/util/Collection;Lorg/spongepowered/asm/mixin/injection/callback/CallbackInfoReturnable;)V has 0 override(s) in child classes
[00:31:46] [main/DEBUG] (FabricLoader/Mixin) fabric-lifecycle-events-v1.mixins.json:MinecraftServerMixin from mod fabric-lifecycle-events-v1->@Inject::startResourceReload(Ljava/util/Collection;Lorg/spongepowered/asm/mixin/injection/callback/CallbackInfoReturnable;)V won't be passed a CallbackInfoReturnable as a result
[00:31:46] [main/DEBUG] (FabricLoader/Mixin) fabric-lifecycle-events-v1.mixins.json:MinecraftServerMixin from mod fabric-lifecycle-events-v1->@Inject::endResourceReload(Ljava/util/Collection;Lorg/spongepowered/asm/mixin/injection/callback/CallbackInfoReturnable;)V does use it's CallbackInfoReturnable
[00:31:46] [main/DEBUG] (FabricLoader/Mixin) fabric-lifecycle-events-v1.mixins.json:MinecraftServerMixin from mod fabric-lifecycle-events-v1->@Inject::startSave(ZZZLorg/spongepowered/asm/mixin/injection/callback/CallbackInfoReturnable;)V doesn't use it's CallbackInfoReturnable
[00:31:46] [main/DEBUG] (FabricLoader/Mixin) fabric-lifecycle-events-v1.mixins.json:MinecraftServerMixin from mod fabric-lifecycle-events-v1->@Inject::startSave(ZZZLorg/spongepowered/asm/mixin/injection/callback/CallbackInfoReturnable;)V has 0 override(s) in child classes
[00:31:46] [main/DEBUG] (FabricLoader/Mixin) fabric-lifecycle-events-v1.mixins.json:MinecraftServerMixin from mod fabric-lifecycle-events-v1->@Inject::startSave(ZZZLorg/spongepowered/asm/mixin/injection/callback/CallbackInfoReturnable;)V won't be passed a CallbackInfoReturnable as a result
[00:31:46] [main/DEBUG] (FabricLoader/Mixin) fabric-lifecycle-events-v1.mixins.json:MinecraftServerMixin from mod fabric-lifecycle-events-v1->@Inject::endSave(ZZZLorg/spongepowered/asm/mixin/injection/callback/CallbackInfoReturnable;)V doesn't use it's CallbackInfoReturnable
[00:31:46] [main/DEBUG] (FabricLoader/Mixin) fabric-lifecycle-events-v1.mixins.json:MinecraftServerMixin from mod fabric-lifecycle-events-v1->@Inject::endSave(ZZZLorg/spongepowered/asm/mixin/injection/callback/CallbackInfoReturnable;)V has 0 override(s) in child classes
[00:31:46] [main/DEBUG] (FabricLoader/Mixin) fabric-lifecycle-events-v1.mixins.json:MinecraftServerMixin from mod fabric-lifecycle-events-v1->@Inject::endSave(ZZZLorg/spongepowered/asm/mixin/injection/callback/CallbackInfoReturnable;)V won't be passed a CallbackInfoReturnable as a result
[00:31:46] [main/DEBUG] (FabricLoader/Mixin) Mixing client.item.BasicItemModelUnbakedMixin from fabric-renderer-api-v1.mixins.json into net.minecraft.client.render.item.model.BasicItemModel$Unbaked
[00:31:46] [main/DEBUG] (FabricLoader/Mixin) Mixing client.item.BasicItemModelMixin from fabric-renderer-api-v1.mixins.json into net.minecraft.client.render.item.model.BasicItemModel
[00:31:46] [main/DEBUG] (FabricLoader/Mixin) Renaming synthetic method lambda$fabric_setMesh$0(Lnet/fabricmc/fabric/api/renderer/v1/model/SpriteFinder;Lnet/fabricmc/fabric/api/renderer/v1/mesh/QuadView;)V to md040614$fabric-renderer-api-v1$lambda$fabric_setMesh$0$0 in fabric-renderer-api-v1.mixins.json:client.item.BasicItemModelMixin from mod fabric-renderer-api-v1
[00:31:46] [main/DEBUG] (FabricLoader/Mixin) fabric-renderer-api-v1.mixins.json:client.item.BasicItemModelMixin from mod fabric-renderer-api-v1->@Inject::onReturnUpdate(Lorg/spongepowered/asm/mixin/injection/callback/CallbackInfo;)V doesn't use it's CallbackInfo
[00:31:46] [main/DEBUG] (FabricLoader/Mixin) fabric-renderer-api-v1.mixins.json:client.item.BasicItemModelMixin from mod fabric-renderer-api-v1->@Inject::onReturnUpdate(Lorg/spongepowered/asm/mixin/injection/callback/CallbackInfo;)V has 0 override(s) in child classes
[00:31:46] [main/DEBUG] (FabricLoader/Mixin) fabric-renderer-api-v1.mixins.json:client.item.BasicItemModelMixin from mod fabric-renderer-api-v1->@Inject::onReturnUpdate(Lorg/spongepowered/asm/mixin/injection/callback/CallbackInfo;)V won't be passed a CallbackInfo as a result
[00:31:46] [main/DEBUG] (FabricLoader/Mixin) Mixing SpecialModelTypesMixin from fabric-rendering-v1.mixins.json into net.minecraft.client.render.item.model.special.SpecialModelTypes
[00:31:46] [main/DEBUG] (FabricLoader/Mixin) fabric-rendering-v1.mixins.json:SpecialModelTypesMixin from mod fabric-rendering-v1->@Inject::onReturnClinit(Lorg/spongepowered/asm/mixin/injection/callback/CallbackInfo;)V doesn't use it's CallbackInfo
[00:31:46] [main/DEBUG] (FabricLoader/Mixin) Mixing TexturedRenderLayersMixin from fabric-object-builder-v1.client.mixins.json into net.minecraft.client.render.TexturedRenderLayers
[00:31:46] [main/DEBUG] (FabricLoader/Mixin) fabric-object-builder-v1.client.mixins.json:TexturedRenderLayersMixin from mod fabric-object-builder-api-v1->@Inject::onReturnClinit(Lorg/spongepowered/asm/mixin/injection/callback/CallbackInfo;)V doesn't use it's CallbackInfo
[00:31:46] [main/DEBUG] (FabricLoader/Mixin) Mixing core.render.TextureAtlasMixin from sodium-common.mixins.json into net.minecraft.client.texture.SpriteAtlasTexture
[00:31:46] [main/DEBUG] (FabricLoader/Mixin) sodium-common.mixins.json:core.render.TextureAtlasMixin from mod sodium: Class version 65 required is higher than the class version supported by the current version of Mixin (JAVA_17 supports class version 61)
[00:31:46] [main/DEBUG] (FabricLoader/Mixin) Mixing core.render.texture.TextureAtlasAccessor from sodium-common.mixins.json into net.minecraft.client.texture.SpriteAtlasTexture
[00:31:46] [main/DEBUG] (FabricLoader/Mixin) sodium-common.mixins.json:core.render.texture.TextureAtlasAccessor from mod sodium: Class version 65 required is higher than the class version supported by the current version of Mixin (JAVA_17 supports class version 61)
[00:31:46] [main/DEBUG] (FabricLoader/Mixin) Mixing features.textures.animations.tracking.TextureAtlasMixin from sodium-common.mixins.json into net.minecraft.client.texture.SpriteAtlasTexture
[00:31:46] [main/DEBUG] (FabricLoader/Mixin) sodium-common.mixins.json:features.textures.animations.tracking.TextureAtlasMixin from mod sodium: Class version 65 required is higher than the class version supported by the current version of Mixin (JAVA_17 supports class version 61)
[00:31:46] [main/DEBUG] (FabricLoader/Mixin) Mixing client.sprite.SpriteAtlasTextureMixin from fabric-renderer-api-v1.mixins.json into net.minecraft.client.texture.SpriteAtlasTexture
[00:31:46] [main/DEBUG] (FabricLoader/Mixin) sodium-common.mixins.json:core.render.TextureAtlasMixin from mod sodium->@Inject::sodium$deleteSpriteFinder(Lnet/minecraft/client/texture/SpriteLoader$StitchResult;Lorg/spongepowered/asm/mixin/injection/callback/CallbackInfo;)V doesn't use it's CallbackInfo
[00:31:46] [main/DEBUG] (FabricLoader/Mixin) sodium-common.mixins.json:core.render.TextureAtlasMixin from mod sodium->@Inject::sodium$deleteSpriteFinder(Lnet/minecraft/client/texture/SpriteLoader$StitchResult;Lorg/spongepowered/asm/mixin/injection/callback/CallbackInfo;)V has 0 override(s) in child classes
[00:31:46] [main/DEBUG] (FabricLoader/Mixin) sodium-common.mixins.json:core.render.TextureAtlasMixin from mod sodium->@Inject::sodium$deleteSpriteFinder(Lnet/minecraft/client/texture/SpriteLoader$StitchResult;Lorg/spongepowered/asm/mixin/injection/callback/CallbackInfo;)V won't be passed a CallbackInfo as a result
[00:31:46] [main/DEBUG] (FabricLoader/Mixin) sodium-common.mixins.json:features.textures.animations.tracking.TextureAtlasMixin from mod sodium->@Inject::preReturnSprite(Lorg/spongepowered/asm/mixin/injection/callback/CallbackInfoReturnable;)V does use it's CallbackInfoReturnable
[00:31:46] [main/DEBUG] (FabricLoader/Mixin) fabric-renderer-api-v1.mixins.json:client.sprite.SpriteAtlasTextureMixin from mod fabric-renderer-api-v1->@Inject::uploadHook(Lnet/minecraft/client/texture/SpriteLoader$StitchResult;Lorg/spongepowered/asm/mixin/injection/callback/CallbackInfo;)V doesn't use it's CallbackInfo
[00:31:46] [main/DEBUG] (FabricLoader/Mixin) fabric-renderer-api-v1.mixins.json:client.sprite.SpriteAtlasTextureMixin from mod fabric-renderer-api-v1->@Inject::uploadHook(Lnet/minecraft/client/texture/SpriteLoader$StitchResult;Lorg/spongepowered/asm/mixin/injection/callback/CallbackInfo;)V has 0 override(s) in child classes
[00:31:46] [main/DEBUG] (FabricLoader/Mixin) fabric-renderer-api-v1.mixins.json:client.sprite.SpriteAtlasTextureMixin from mod fabric-renderer-api-v1->@Inject::uploadHook(Lnet/minecraft/client/texture/SpriteLoader$StitchResult;Lorg/spongepowered/asm/mixin/injection/callback/CallbackInfo;)V won't be passed a CallbackInfo as a result
[00:31:46] [main/DEBUG] (FabricLoader/Mixin) Mixing workarounds.context_creation.RenderSystemMixin from sodium-common.mixins.json into com.mojang.blaze3d.systems.RenderSystem
[00:31:46] [main/DEBUG] (FabricLoader/Mixin) sodium-common.mixins.json:workarounds.context_creation.RenderSystemMixin from mod sodium: Class version 65 required is higher than the class version supported by the current version of Mixin (JAVA_17 supports class version 61)
[00:31:46] [main/DEBUG] (FabricLoader/Mixin) Renaming synthetic method lambda$preSwapBuffers$1(Lnet/minecraft/client/util/Window;)J to md040614$sodium$lambda$preSwapBuffers$1$0 in sodium-common.mixins.json:workarounds.context_creation.RenderSystemMixin from mod sodium
[00:31:46] [main/DEBUG] (FabricLoader/Mixin) Renaming synthetic method lambda$postContextReady$0(J)J to md040614$sodium$lambda$postContextReady$0$1 in sodium-common.mixins.json:workarounds.context_creation.RenderSystemMixin from mod sodium
[00:31:46] [main/DEBUG] (FabricLoader/Mixin) Mixing workarounds.event_loop.RenderSystemMixin from sodium-common.mixins.json into com.mojang.blaze3d.systems.RenderSystem
[00:31:46] [main/DEBUG] (FabricLoader/Mixin) sodium-common.mixins.json:workarounds.event_loop.RenderSystemMixin from mod sodium: Class version 65 required is higher than the class version supported by the current version of Mixin (JAVA_17 supports class version 61)
[00:31:46] [main/DEBUG] (FabricLoader/Mixin) sodium-common.mixins.json:workarounds.context_creation.RenderSystemMixin from mod sodium->@Inject::postContextReady(JIZLjava/util/function/BiFunction;ZLorg/spongepowered/asm/mixin/injection/callback/CallbackInfo;)V doesn't use it's CallbackInfo
[00:31:46] [main/DEBUG] (FabricLoader/Mixin) sodium-common.mixins.json:workarounds.context_creation.RenderSystemMixin from mod sodium->@Inject::preSwapBuffers(Lnet/minecraft/client/util/Window;Lnet/minecraft/client/util/tracy/TracyFrameCapturer;Lorg/spongepowered/asm/mixin/injection/callback/CallbackInfo;)V doesn't use it's CallbackInfo
[00:31:46] [main/DEBUG] (FabricLoader/Mixin) Mixing RenderPipelineSnippetMixin from fabric-rendering-v1.mixins.json into com.mojang.blaze3d.pipeline.RenderPipeline$Snippet
[00:31:46] [main/DEBUG] (FabricLoader/Mixin) Mixing RenderPipelineMixin from fabric-rendering-v1.mixins.json into com.mojang.blaze3d.pipeline.RenderPipeline
[00:31:46] [main/DEBUG] (FabricLoader/Mixin) Mixing RenderPipelineBuilderMixin from fabric-rendering-v1.mixins.json into com.mojang.blaze3d.pipeline.RenderPipeline$Builder
[00:31:46] [main/DEBUG] (FabricLoader/Mixin) Renaming synthetic method lambda$copyUsePipelineDrawModeForGuiToSnippet$1(Lcom/llamalad7/mixinextras/injector/wrapoperation/Operation;Ljava/util/Optional;Ljava/util/Optional;Ljava/util/Optional;Ljava/util/Optional;Ljava/util/Optional;Ljava/util/Optional;Ljava/util/Optional;Ljava/util/Optional;Ljava/util/Optional;Ljava/util/Optional;Ljava/util/Optional;Ljava/util/Optional;Ljava/util/Optional;Ljava/util/Optional;Ljava/util/Optional;)Lcom/mojang/blaze3d/pipeline/RenderPipeline$Snippet; to md040614$fabric-rendering-v1$lambda$copyUsePipelineDrawModeForGuiToSnippet$1$0 in fabric-rendering-v1.mixins.json:RenderPipelineBuilderMixin from mod fabric-rendering-v1
[00:31:46] [main/DEBUG] (FabricLoader/Mixin) Renaming synthetic method lambda$copyUsePipelineDrawModeForGuiFromSnippet$0(Ljava/lang/Boolean;)V to md040614$fabric-rendering-v1$lambda$copyUsePipelineDrawModeForGuiFromSnippet$0$1 in fabric-rendering-v1.mixins.json:RenderPipelineBuilderMixin from mod fabric-rendering-v1
[00:31:46] [main/DEBUG] (FabricLoader/Mixin) fabric-rendering-v1.mixins.json:RenderPipelineBuilderMixin from mod fabric-rendering-v1->@Inject::copyUsePipelineDrawModeForGuiFromSnippet(Lcom/mojang/blaze3d/pipeline/RenderPipeline$Snippet;Lorg/spongepowered/asm/mixin/injection/callback/CallbackInfo;)V doesn't use it's CallbackInfo
[00:31:46] [main/DEBUG] (FabricLoader/Mixin) fabric-rendering-v1.mixins.json:RenderPipelineBuilderMixin from mod fabric-rendering-v1->@Inject::copyUsePipelineDrawModeForGuiFromSnippet(Lcom/mojang/blaze3d/pipeline/RenderPipeline$Snippet;Lorg/spongepowered/asm/mixin/injection/callback/CallbackInfo;)V has 0 override(s) in child classes
[00:31:46] [main/DEBUG] (FabricLoader/Mixin) fabric-rendering-v1.mixins.json:RenderPipelineBuilderMixin from mod fabric-rendering-v1->@Inject::copyUsePipelineDrawModeForGuiFromSnippet(Lcom/mojang/blaze3d/pipeline/RenderPipeline$Snippet;Lorg/spongepowered/asm/mixin/injection/callback/CallbackInfo;)V won't be passed a CallbackInfo as a result
[00:31:46] [main/DEBUG] (FabricLoader/Mixin) Mixing core.render.VertexFormatMixin from sodium-common.mixins.json into com.mojang.blaze3d.vertex.VertexFormat
[00:31:46] [main/DEBUG] (FabricLoader/Mixin) sodium-common.mixins.json:core.render.VertexFormatMixin from mod sodium: Class version 65 required is higher than the class version supported by the current version of Mixin (JAVA_17 supports class version 61)
[00:31:46] [main/DEBUG] (FabricLoader/Mixin) sodium-common.mixins.json:core.render.VertexFormatMixin from mod sodium->@Inject::afterInit(Ljava/util/List;Ljava/util/List;Lit/unimi/dsi/fastutil/ints/IntList;ILorg/spongepowered/asm/mixin/injection/callback/CallbackInfo;)V doesn't use it's CallbackInfo
[00:31:46] [main/DEBUG] (FabricLoader/Mixin) sodium-common.mixins.json:core.render.VertexFormatMixin from mod sodium->@Inject::afterInit(Ljava/util/List;Ljava/util/List;Lit/unimi/dsi/fastutil/ints/IntList;ILorg/spongepowered/asm/mixin/injection/callback/CallbackInfo;)V has 0 override(s) in child classes
[00:31:46] [main/DEBUG] (FabricLoader/Mixin) sodium-common.mixins.json:core.render.VertexFormatMixin from mod sodium->@Inject::afterInit(Ljava/util/List;Ljava/util/List;Lit/unimi/dsi/fastutil/ints/IntList;ILorg/spongepowered/asm/mixin/injection/callback/CallbackInfo;)V won't be passed a CallbackInfo as a result
[00:31:46] [main/DEBUG] (FabricLoader/Mixin) Mixing features.render.frapi.ItemRendererAccessor from sodium-common.mixins.json into net.minecraft.client.render.item.ItemRenderer
[00:31:46] [main/DEBUG] (FabricLoader/Mixin) sodium-common.mixins.json:features.render.frapi.ItemRendererAccessor from mod sodium: Class version 65 required is higher than the class version supported by the current version of Mixin (JAVA_17 supports class version 61)
[00:31:46] [main/DEBUG] (FabricLoader/Mixin) Renaming @Invoker method sodium$getSpecialFoilBuffer(Lnet/minecraft/client/render/VertexConsumerProvider;Lnet/minecraft/client/render/RenderLayer;Lnet/minecraft/client/util/math/MatrixStack$Entry;)Lnet/minecraft/client/render/VertexConsumer; to getSpecialFoilBuffer$sodium_$md$040614$0 in sodium-common.mixins.json:features.render.frapi.ItemRendererAccessor from mod sodium
[00:31:46] [main/DEBUG] (FabricLoader/Mixin) Mixing features.render.model.item.ItemRendererMixin from sodium-common.mixins.json into net.minecraft.client.render.item.ItemRenderer
[00:31:46] [main/DEBUG] (FabricLoader/Mixin) sodium-common.mixins.json:features.render.model.item.ItemRendererMixin from mod sodium: Class version 65 required is higher than the class version supported by the current version of Mixin (JAVA_17 supports class version 61)
[00:31:46] [main/DEBUG] (FabricLoader/Mixin) Renaming synthetic method lambda$static$0()Lnet/minecraft/util/math/random/Random; to md040614$sodium$lambda$static$0$1 in sodium-common.mixins.json:features.render.model.item.ItemRendererMixin from mod sodium
[00:31:46] [main/DEBUG] (FabricLoader/Mixin) Mixing features.render.immediate.matrix_stack.VertexConsumerMixin from sodium-common.mixins.json into net.minecraft.client.render.VertexConsumer
[00:31:46] [main/DEBUG] (FabricLoader/Mixin) sodium-common.mixins.json:features.render.immediate.matrix_stack.VertexConsumerMixin from mod sodium: Class version 65 required is higher than the class version supported by the current version of Mixin (JAVA_17 supports class version 61)
[00:31:46] [main/DEBUG] (FabricLoader/Mixin) Mixing RenderStateMixin from fabric-rendering-v1.mixins.json into net.minecraft.client.render.block.entity.state.BlockEntityRenderState
[00:31:46] [main/DEBUG] (FabricLoader/Mixin) Mixing ModelMixin from fabric-rendering-v1.mixins.json into net.minecraft.client.model.Model
[00:31:46] [main/DEBUG] (FabricLoader/Mixin) Renaming synthetic method lambda$copyTransforms$0(Ljava/lang/String;Lnet/minecraft/client/model/ModelPart;)V to md040614$fabric-rendering-v1$lambda$copyTransforms$0$0 in fabric-rendering-v1.mixins.json:ModelMixin from mod fabric-rendering-v1
[00:31:46] [main/DEBUG] (FabricLoader/Mixin) fabric-rendering-v1.mixins.json:ModelMixin from mod fabric-rendering-v1->@Inject::fillChildPartMap(Lnet/minecraft/client/model/ModelPart;Ljava/util/function/Function;Lorg/spongepowered/asm/mixin/injection/callback/CallbackInfo;)V doesn't use it's CallbackInfo
[00:31:46] [main/DEBUG] (FabricLoader/Mixin) fabric-rendering-v1.mixins.json:ModelMixin from mod fabric-rendering-v1->@Inject::fillChildPartMap(Lnet/minecraft/client/model/ModelPart;Ljava/util/function/Function;Lorg/spongepowered/asm/mixin/injection/callback/CallbackInfo;)V has 0 override(s) in child classes
[00:31:46] [main/DEBUG] (FabricLoader/Mixin) fabric-rendering-v1.mixins.json:ModelMixin from mod fabric-rendering-v1->@Inject::fillChildPartMap(Lnet/minecraft/client/model/ModelPart;Ljava/util/function/Function;Lorg/spongepowered/asm/mixin/injection/callback/CallbackInfo;)V won't be passed a CallbackInfo as a result
[00:31:46] [main/DEBUG] (FabricLoader/Mixin) Mixing key_extension.KeyMappingMixin from jade.mixins.json into net.minecraft.client.option.KeyBinding
[00:31:46] [main/DEBUG] (FabricLoader/Mixin) Renaming synthetic method lambda$keyEx$resetMapping$0(Lnet/minecraft/client/option/KeyBinding;)Z to md040614$jade$lambda$keyEx$resetMapping$0$0 in jade.mixins.json:key_extension.KeyMappingMixin from mod jade
[00:31:46] [main/DEBUG] (FabricLoader/Mixin) Mixing KeyBindingAccessor from fabric-key-binding-api-v1.mixins.json into net.minecraft.client.option.KeyBinding
[00:31:46] [main/DEBUG] (FabricLoader/Mixin) Mixing KeyBindingAccessor from fabric-events-interaction-v0.client.mixins.json into net.minecraft.client.option.KeyBinding
[00:31:46] [main/DEBUG] (FabricLoader/Mixin) jade.mixins.json:key_extension.KeyMappingMixin from mod jade->@Inject::keyEx$checkDirty(Lorg/spongepowered/asm/mixin/injection/callback/CallbackInfo;)V doesn't use it's CallbackInfo
[00:31:46] [main/DEBUG] (FabricLoader/Mixin) jade.mixins.json:key_extension.KeyMappingMixin from mod jade->@Inject::keyEx$checkDirty(Lorg/spongepowered/asm/mixin/injection/callback/CallbackInfo;)V doesn't use it's CallbackInfo
[00:31:46] [main/DEBUG] (FabricLoader/Mixin) jade.mixins.json:key_extension.KeyMappingMixin from mod jade->@Inject::keyEx$resetMapping(Lorg/spongepowered/asm/mixin/injection/callback/CallbackInfo;)V doesn't use it's CallbackInfo
[00:31:46] [main/DEBUG] (FabricLoader/Mixin) Mixing AtlasSourceManagerAccessor from fabric-rendering-v1.mixins.json into net.minecraft.client.texture.atlas.AtlasSourceManager
[00:31:46] [main/DEBUG] (FabricLoader/Mixin) Renaming @Accessor method getAtlasSourceCodecs()Lnet/minecraft/util/dynamic/Codecs$IdMapper; to getAtlasSourceCodecs$fabric-rendering-v1_$md$040614$0 in fabric-rendering-v1.mixins.json:AtlasSourceManagerAccessor from mod fabric-rendering-v1
[00:31:46] [main/DEBUG] (FabricLoader/Mixin) Mixing ScreenAccessor from fabric-screen-api-v1.mixins.json into net.minecraft.client.gui.screen.Screen
[00:31:46] [main/DEBUG] (FabricLoader/Mixin) Mixing ScreenMixin from fabric-screen-api-v1.mixins.json into net.minecraft.client.gui.screen.Screen
[00:31:46] [main/DEBUG] (FabricLoader/Mixin) fabric-screen-api-v1.mixins.json:ScreenMixin from mod fabric-screen-api-v1->@Inject::renderWithTooltip(Lnet/minecraft/client/gui/DrawContext;IIFLorg/spongepowered/asm/mixin/injection/callback/CallbackInfo;)V doesn't use it's CallbackInfo
[00:31:46] [main/DEBUG] (FabricLoader/Mixin) fabric-screen-api-v1.mixins.json:ScreenMixin from mod fabric-screen-api-v1->@Inject::beforeInitScreen(Lnet/minecraft/client/MinecraftClient;IILorg/spongepowered/asm/mixin/injection/callback/CallbackInfo;)V doesn't use it's CallbackInfo
[00:31:46] [main/DEBUG] (FabricLoader/Mixin) fabric-screen-api-v1.mixins.json:ScreenMixin from mod fabric-screen-api-v1->@Inject::beforeInitScreen(Lnet/minecraft/client/MinecraftClient;IILorg/spongepowered/asm/mixin/injection/callback/CallbackInfo;)V has 0 override(s) in child classes
[00:31:46] [main/DEBUG] (FabricLoader/Mixin) fabric-screen-api-v1.mixins.json:ScreenMixin from mod fabric-screen-api-v1->@Inject::beforeInitScreen(Lnet/minecraft/client/MinecraftClient;IILorg/spongepowered/asm/mixin/injection/callback/CallbackInfo;)V won't be passed a CallbackInfo as a result
[00:31:46] [main/DEBUG] (FabricLoader/Mixin) fabric-screen-api-v1.mixins.json:ScreenMixin from mod fabric-screen-api-v1->@Inject::afterInitScreen(Lnet/minecraft/client/MinecraftClient;IILorg/spongepowered/asm/mixin/injection/callback/CallbackInfo;)V doesn't use it's CallbackInfo
[00:31:46] [main/DEBUG] (FabricLoader/Mixin) fabric-screen-api-v1.mixins.json:ScreenMixin from mod fabric-screen-api-v1->@Inject::afterInitScreen(Lnet/minecraft/client/MinecraftClient;IILorg/spongepowered/asm/mixin/injection/callback/CallbackInfo;)V has 0 override(s) in child classes
[00:31:46] [main/DEBUG] (FabricLoader/Mixin) fabric-screen-api-v1.mixins.json:ScreenMixin from mod fabric-screen-api-v1->@Inject::afterInitScreen(Lnet/minecraft/client/MinecraftClient;IILorg/spongepowered/asm/mixin/injection/callback/CallbackInfo;)V won't be passed a CallbackInfo as a result
[00:31:46] [main/DEBUG] (FabricLoader/Mixin) fabric-screen-api-v1.mixins.json:ScreenMixin from mod fabric-screen-api-v1->@Inject::beforeResizeScreen(Lnet/minecraft/client/MinecraftClient;IILorg/spongepowered/asm/mixin/injection/callback/CallbackInfo;)V doesn't use it's CallbackInfo
[00:31:46] [main/DEBUG] (FabricLoader/Mixin) fabric-screen-api-v1.mixins.json:ScreenMixin from mod fabric-screen-api-v1->@Inject::beforeResizeScreen(Lnet/minecraft/client/MinecraftClient;IILorg/spongepowered/asm/mixin/injection/callback/CallbackInfo;)V has 0 override(s) in child classes
[00:31:46] [main/DEBUG] (FabricLoader/Mixin) fabric-screen-api-v1.mixins.json:ScreenMixin from mod fabric-screen-api-v1->@Inject::beforeResizeScreen(Lnet/minecraft/client/MinecraftClient;IILorg/spongepowered/asm/mixin/injection/callback/CallbackInfo;)V won't be passed a CallbackInfo as a result
[00:31:46] [main/DEBUG] (FabricLoader/Mixin) fabric-screen-api-v1.mixins.json:ScreenMixin from mod fabric-screen-api-v1->@Inject::afterResizeScreen(Lnet/minecraft/client/MinecraftClient;IILorg/spongepowered/asm/mixin/injection/callback/CallbackInfo;)V doesn't use it's CallbackInfo
[00:31:46] [main/DEBUG] (FabricLoader/Mixin) fabric-screen-api-v1.mixins.json:ScreenMixin from mod fabric-screen-api-v1->@Inject::afterResizeScreen(Lnet/minecraft/client/MinecraftClient;IILorg/spongepowered/asm/mixin/injection/callback/CallbackInfo;)V has 0 override(s) in child classes
[00:31:46] [main/DEBUG] (FabricLoader/Mixin) fabric-screen-api-v1.mixins.json:ScreenMixin from mod fabric-screen-api-v1->@Inject::afterResizeScreen(Lnet/minecraft/client/MinecraftClient;IILorg/spongepowered/asm/mixin/injection/callback/CallbackInfo;)V won't be passed a CallbackInfo as a result
[00:31:46] [main/DEBUG] (FabricLoader/Mixin) Mixing ClientWorldMixin from fabric-rendering-v1.mixins.json into net.minecraft.client.world.ClientWorld
[00:31:46] [main/DEBUG] (FabricLoader/Mixin) Renaming synthetic method lambda$new$1(Lnet/minecraft/world/biome/ColorResolver;)Lnet/minecraft/client/world/BiomeColorCache; to md040614$fabric-rendering-v1$lambda$new$1$0 in fabric-rendering-v1.mixins.json:ClientWorldMixin from mod fabric-rendering-v1
[00:31:46] [main/DEBUG] (FabricLoader/Mixin) Renaming synthetic method lambda$new$0(Lnet/minecraft/world/biome/ColorResolver;Lnet/minecraft/util/math/BlockPos;)I to md040614$fabric-rendering-v1$lambda$new$0$1 in fabric-rendering-v1.mixins.json:ClientWorldMixin from mod fabric-rendering-v1
[00:31:46] [main/DEBUG] (FabricLoader/Mixin) Mixing core.world.biome.ClientLevelMixin from sodium-common.mixins.json into net.minecraft.client.world.ClientWorld
[00:31:46] [main/DEBUG] (FabricLoader/Mixin) sodium-common.mixins.json:core.world.biome.ClientLevelMixin from mod sodium: Class version 65 required is higher than the class version supported by the current version of Mixin (JAVA_17 supports class version 61)
[00:31:46] [main/DEBUG] (FabricLoader/Mixin) Mixing core.world.map.ClientLevelMixin from sodium-common.mixins.json into net.minecraft.client.world.ClientWorld
[00:31:46] [main/DEBUG] (FabricLoader/Mixin) sodium-common.mixins.json:core.world.map.ClientLevelMixin from mod sodium: Class version 65 required is higher than the class version supported by the current version of Mixin (JAVA_17 supports class version 61)
[00:31:46] [main/DEBUG] (FabricLoader/Mixin) Mixing features.render.world.sky.ClientLevelMixin from sodium-common.mixins.json into net.minecraft.client.world.ClientWorld
[00:31:46] [main/DEBUG] (FabricLoader/Mixin) sodium-common.mixins.json:features.render.world.sky.ClientLevelMixin from mod sodium: Class version 65 required is higher than the class version supported by the current version of Mixin (JAVA_17 supports class version 61)
[00:31:46] [main/DEBUG] (FabricLoader/Mixin) Renaming synthetic method lambda$redirectSampleColor$0(Lnet/minecraft/world/World;III)I to md040614$sodium$lambda$redirectSampleColor$0$2 in sodium-common.mixins.json:features.render.world.sky.ClientLevelMixin from mod sodium
[00:31:46] [main/DEBUG] (FabricLoader/Mixin) Mixing ClientWorldMixin from fabric-lifecycle-events-v1.client.mixins.json into net.minecraft.client.world.ClientWorld
[00:31:46] [main/DEBUG] (FabricLoader/Mixin) fabric-rendering-v1.mixins.json:ClientWorldMixin from mod fabric-rendering-v1->@Inject::onResetChunkColor(Lnet/minecraft/util/math/ChunkPos;Lorg/spongepowered/asm/mixin/injection/callback/CallbackInfo;)V doesn't use it's CallbackInfo
[00:31:46] [main/DEBUG] (FabricLoader/Mixin) fabric-rendering-v1.mixins.json:ClientWorldMixin from mod fabric-rendering-v1->@Inject::onResetChunkColor(Lnet/minecraft/util/math/ChunkPos;Lorg/spongepowered/asm/mixin/injection/callback/CallbackInfo;)V has 0 override(s) in child classes
[00:31:46] [main/DEBUG] (FabricLoader/Mixin) fabric-rendering-v1.mixins.json:ClientWorldMixin from mod fabric-rendering-v1->@Inject::onResetChunkColor(Lnet/minecraft/util/math/ChunkPos;Lorg/spongepowered/asm/mixin/injection/callback/CallbackInfo;)V won't be passed a CallbackInfo as a result
[00:31:46] [main/DEBUG] (FabricLoader/Mixin) fabric-rendering-v1.mixins.json:ClientWorldMixin from mod fabric-rendering-v1->@Inject::onReloadColor(Lorg/spongepowered/asm/mixin/injection/callback/CallbackInfo;)V doesn't use it's CallbackInfo
[00:31:46] [main/DEBUG] (FabricLoader/Mixin) fabric-rendering-v1.mixins.json:ClientWorldMixin from mod fabric-rendering-v1->@Inject::onReloadColor(Lorg/spongepowered/asm/mixin/injection/callback/CallbackInfo;)V has 0 override(s) in child classes
[00:31:46] [main/DEBUG] (FabricLoader/Mixin) fabric-rendering-v1.mixins.json:ClientWorldMixin from mod fabric-rendering-v1->@Inject::onReloadColor(Lorg/spongepowered/asm/mixin/injection/callback/CallbackInfo;)V won't be passed a CallbackInfo as a result
[00:31:46] [main/DEBUG] (FabricLoader/Mixin) sodium-common.mixins.json:core.world.biome.ClientLevelMixin from mod sodium->@Inject::captureSeed(Lnet/minecraft/client/network/ClientPlayNetworkHandler;Lnet/minecraft/client/world/ClientWorld$Properties;Lnet/minecraft/registry/RegistryKey;Lnet/minecraft/registry/entry/RegistryEntry;IILnet/minecraft/client/render/WorldRenderer;ZJILorg/spongepowered/asm/mixin/injection/callback/CallbackInfo;)V doesn't use it's CallbackInfo
[00:31:46] [main/DEBUG] (FabricLoader/Mixin) sodium-common.mixins.json:core.world.biome.ClientLevelMixin from mod sodium->@Inject::captureSeed(Lnet/minecraft/client/network/ClientPlayNetworkHandler;Lnet/minecraft/client/world/ClientWorld$Properties;Lnet/minecraft/registry/RegistryKey;Lnet/minecraft/registry/entry/RegistryEntry;IILnet/minecraft/client/render/WorldRenderer;ZJILorg/spongepowered/asm/mixin/injection/callback/CallbackInfo;)V has 0 override(s) in child classes
[00:31:46] [main/DEBUG] (FabricLoader/Mixin) sodium-common.mixins.json:core.world.biome.ClientLevelMixin from mod sodium->@Inject::captureSeed(Lnet/minecraft/client/network/ClientPlayNetworkHandler;Lnet/minecraft/client/world/ClientWorld$Properties;Lnet/minecraft/registry/RegistryKey;Lnet/minecraft/registry/entry/RegistryEntry;IILnet/minecraft/client/render/WorldRenderer;ZJILorg/spongepowered/asm/mixin/injection/callback/CallbackInfo;)V won't be passed a CallbackInfo as a result
[00:31:46] [main/DEBUG] (FabricLoader/Mixin) sodium-common.mixins.json:core.world.map.ClientLevelMixin from mod sodium->@Inject::sodium$trackChunkUnload(Lnet/minecraft/world/chunk/WorldChunk;Lorg/spongepowered/asm/mixin/injection/callback/CallbackInfo;)V doesn't use it's CallbackInfo
[00:31:46] [main/DEBUG] (FabricLoader/Mixin) sodium-common.mixins.json:core.world.map.ClientLevelMixin from mod sodium->@Inject::sodium$trackChunkUnload(Lnet/minecraft/world/chunk/WorldChunk;Lorg/spongepowered/asm/mixin/injection/callback/CallbackInfo;)V has 0 override(s) in child classes
[00:31:46] [main/DEBUG] (FabricLoader/Mixin) sodium-common.mixins.json:core.world.map.ClientLevelMixin from mod sodium->@Inject::sodium$trackChunkUnload(Lnet/minecraft/world/chunk/WorldChunk;Lorg/spongepowered/asm/mixin/injection/callback/CallbackInfo;)V won't be passed a CallbackInfo as a result
[00:31:46] [main/DEBUG] (FabricLoader/Mixin) fabric-lifecycle-events-v1.client.mixins.json:ClientWorldMixin from mod fabric-lifecycle-events-v1->@Inject::tickWorldAfterBlockEntities(Lorg/spongepowered/asm/mixin/injection/callback/CallbackInfo;)V doesn't use it's CallbackInfo
[00:31:46] [main/DEBUG] (FabricLoader/Mixin) fabric-lifecycle-events-v1.client.mixins.json:ClientWorldMixin from mod fabric-lifecycle-events-v1->@Inject::tickWorldAfterBlockEntities(Lorg/spongepowered/asm/mixin/injection/callback/CallbackInfo;)V has 0 override(s) in child classes
[00:31:46] [main/DEBUG] (FabricLoader/Mixin) fabric-lifecycle-events-v1.client.mixins.json:ClientWorldMixin from mod fabric-lifecycle-events-v1->@Inject::tickWorldAfterBlockEntities(Lorg/spongepowered/asm/mixin/injection/callback/CallbackInfo;)V won't be passed a CallbackInfo as a result
[00:31:46] [main/DEBUG] (FabricLoader/Mixin) fabric-lifecycle-events-v1.client.mixins.json:ClientWorldMixin from mod fabric-lifecycle-events-v1->@Inject::startWorldTick(Lorg/spongepowered/asm/mixin/injection/callback/CallbackInfo;)V doesn't use it's CallbackInfo
[00:31:46] [main/DEBUG] (FabricLoader/Mixin) fabric-lifecycle-events-v1.client.mixins.json:ClientWorldMixin from mod fabric-lifecycle-events-v1->@Inject::startWorldTick(Lorg/spongepowered/asm/mixin/injection/callback/CallbackInfo;)V has 0 override(s) in child classes
[00:31:46] [main/DEBUG] (FabricLoader/Mixin) fabric-lifecycle-events-v1.client.mixins.json:ClientWorldMixin from mod fabric-lifecycle-events-v1->@Inject::startWorldTick(Lorg/spongepowered/asm/mixin/injection/callback/CallbackInfo;)V won't be passed a CallbackInfo as a result
[00:31:46] [main/DEBUG] (FabricLoader/Mixin) Mixing AccessorClickableWidget from mixins.modmenu.json into net.minecraft.client.gui.widget.ClickableWidget
[00:31:46] [main/DEBUG] (FabricLoader/Mixin) Mixing DefaultAttributeRegistryAccessor from fabric-object-builder-v1.mixins.json into net.minecraft.entity.attribute.DefaultAttributeRegistry
[00:31:46] [main/DEBUG] (FabricLoader/Mixin) Renaming @Accessor method getRegistry()Ljava/util/Map; to getRegistry$fabric-object-builder-api-v1_$md$040614$0 in fabric-object-builder-v1.mixins.json:DefaultAttributeRegistryAccessor from mod fabric-object-builder-api-v1
[00:31:46] [main/DEBUG] (FabricLoader/Mixin) Mixing DefaultAttributeRegistryMixin from fabric-object-builder-v1.mixins.json into net.minecraft.entity.attribute.DefaultAttributeRegistry
[00:31:46] [main/DEBUG] (FabricLoader/Mixin) fabric-object-builder-v1.mixins.json:DefaultAttributeRegistryMixin from mod fabric-object-builder-api-v1->@Inject::injectAttributes(Lorg/spongepowered/asm/mixin/injection/callback/CallbackInfo;)V doesn't use it's CallbackInfo
[00:31:46] [main/INFO] (net.minecraft.client.main.Main) Completely ignored arguments: [-Dmixin.debug.export=true]
[00:31:46] [Render thread/DEBUG] (FabricLoader/Mixin) Mixing features.render.immediate.buffer_builder.sorting.VertexSortingMixin from sodium-common.mixins.json into com.mojang.blaze3d.systems.VertexSorter
[00:31:46] [Render thread/DEBUG] (FabricLoader/Mixin) sodium-common.mixins.json:features.render.immediate.buffer_builder.sorting.VertexSortingMixin from mod sodium: Class version 65 required is higher than the class version supported by the current version of Mixin (JAVA_17 supports class version 61)
[00:31:46] [Render thread/DEBUG] (FabricLoader/Mixin) Mixing accessor.MinecraftClientAccessor from fabric-networking-api-v1.client.mixins.json into net.minecraft.client.MinecraftClient
[00:31:46] [Render thread/DEBUG] (FabricLoader/Mixin) Mixing core.MinecraftMixin from sodium-common.mixins.json into net.minecraft.client.MinecraftClient
[00:31:46] [Render thread/DEBUG] (FabricLoader/Mixin) sodium-common.mixins.json:core.MinecraftMixin from mod sodium: Class version 65 required is higher than the class version supported by the current version of Mixin (JAVA_17 supports class version 61)
[00:31:46] [Render thread/DEBUG] (FabricLoader/Mixin) Mixing MinecraftClientMixin from fabric-screen-api-v1.mixins.json into net.minecraft.client.MinecraftClient
[00:31:46] [Render thread/DEBUG] (FabricLoader/Mixin) Renaming @Unique field LOGGERLorg/slf4j/Logger; to fd040614$fabric-screen-api-v1$LOGGER$0 in fabric-screen-api-v1.mixins.json:MinecraftClientMixin from mod fabric-screen-api-v1
[00:31:46] [Render thread/DEBUG] (FabricLoader/Mixin) Mixing MinecraftClientMixin from fabric-events-interaction-v0.client.mixins.json into net.minecraft.client.MinecraftClient
[00:31:46] [Render thread/DEBUG] (FabricLoader/Mixin) Mixing MinecraftClientMixin from fabric-lifecycle-events-v1.client.mixins.json into net.minecraft.client.MinecraftClient
[00:31:46] [Render thread/DEBUG] (FabricLoader/Mixin) Mixing MinecraftClientMixin from fabric-registry-sync-v0.client.mixins.json into net.minecraft.client.MinecraftClient
[00:31:46] [Render thread/DEBUG] (FabricLoader/Mixin) Mixing MinecraftClientMixin from fabric-data-generation-api-v1.client.mixins.json into net.minecraft.client.MinecraftClient
[00:31:46] [Render thread/DEBUG] (FabricLoader/Mixin) sodium-common.mixins.json:core.MinecraftMixin from mod sodium->@Inject::preRender(ZLorg/spongepowered/asm/mixin/injection/callback/CallbackInfo;)V doesn't use it's CallbackInfo
[00:31:46] [Render thread/DEBUG] (FabricLoader/Mixin) sodium-common.mixins.json:core.MinecraftMixin from mod sodium->@Inject::preRender(ZLorg/spongepowered/asm/mixin/injection/callback/CallbackInfo;)V has 0 override(s) in child classes
[00:31:46] [Render thread/DEBUG] (FabricLoader/Mixin) sodium-common.mixins.json:core.MinecraftMixin from mod sodium->@Inject::preRender(ZLorg/spongepowered/asm/mixin/injection/callback/CallbackInfo;)V won't be passed a CallbackInfo as a result
[00:31:46] [Render thread/DEBUG] (FabricLoader/Mixin) sodium-common.mixins.json:core.MinecraftMixin from mod sodium->@Inject::postRender(ZLorg/spongepowered/asm/mixin/injection/callback/CallbackInfo;)V doesn't use it's CallbackInfo
[00:31:46] [Render thread/DEBUG] (FabricLoader/Mixin) sodium-common.mixins.json:core.MinecraftMixin from mod sodium->@Inject::postRender(ZLorg/spongepowered/asm/mixin/injection/callback/CallbackInfo;)V has 0 override(s) in child classes
[00:31:46] [Render thread/DEBUG] (FabricLoader/Mixin) sodium-common.mixins.json:core.MinecraftMixin from mod sodium->@Inject::postRender(ZLorg/spongepowered/asm/mixin/injection/callback/CallbackInfo;)V won't be passed a CallbackInfo as a result
[00:31:46] [Render thread/DEBUG] (FabricLoader/Mixin) sodium-common.mixins.json:core.MinecraftMixin from mod sodium->@Inject::postInit(Lorg/spongepowered/asm/mixin/injection/callback/CallbackInfoReturnable;)V doesn't use it's CallbackInfoReturnable
[00:31:46] [Render thread/DEBUG] (FabricLoader/Mixin) sodium-common.mixins.json:core.MinecraftMixin from mod sodium->@Inject::postInit(Lorg/spongepowered/asm/mixin/injection/callback/CallbackInfoReturnable;)V has 0 override(s) in child classes
[00:31:46] [Render thread/DEBUG] (FabricLoader/Mixin) sodium-common.mixins.json:core.MinecraftMixin from mod sodium->@Inject::postInit(Lorg/spongepowered/asm/mixin/injection/callback/CallbackInfoReturnable;)V won't be passed a CallbackInfoReturnable as a result
[00:31:46] [Render thread/DEBUG] (FabricLoader/Mixin) sodium-common.mixins.json:core.MinecraftMixin from mod sodium->@Inject::postResourceReload(Lorg/spongepowered/asm/mixin/injection/callback/CallbackInfoReturnable;)V doesn't use it's CallbackInfoReturnable
[00:31:46] [Render thread/DEBUG] (FabricLoader/Mixin) sodium-common.mixins.json:core.MinecraftMixin from mod sodium->@Inject::postResourceReload(Lorg/spongepowered/asm/mixin/injection/callback/CallbackInfoReturnable;)V has 0 override(s) in child classes
[00:31:46] [Render thread/DEBUG] (FabricLoader/Mixin) sodium-common.mixins.json:core.MinecraftMixin from mod sodium->@Inject::postResourceReload(Lorg/spongepowered/asm/mixin/injection/callback/CallbackInfoReturnable;)V won't be passed a CallbackInfoReturnable as a result
[00:31:46] [Render thread/DEBUG] (FabricLoader/Mixin) fabric-screen-api-v1.mixins.json:MinecraftClientMixin from mod fabric-screen-api-v1->@Inject::checkThreadOnDev(Lnet/minecraft/client/gui/screen/Screen;Lorg/spongepowered/asm/mixin/injection/callback/CallbackInfo;)V doesn't use it's CallbackInfo
[00:31:46] [Render thread/DEBUG] (FabricLoader/Mixin) fabric-screen-api-v1.mixins.json:MinecraftClientMixin from mod fabric-screen-api-v1->@Inject::checkThreadOnDev(Lnet/minecraft/client/gui/screen/Screen;Lorg/spongepowered/asm/mixin/injection/callback/CallbackInfo;)V has 0 override(s) in child classes
[00:31:46] [Render thread/DEBUG] (FabricLoader/Mixin) fabric-screen-api-v1.mixins.json:MinecraftClientMixin from mod fabric-screen-api-v1->@Inject::checkThreadOnDev(Lnet/minecraft/client/gui/screen/Screen;Lorg/spongepowered/asm/mixin/injection/callback/CallbackInfo;)V won't be passed a CallbackInfo as a result
[00:31:46] [Render thread/DEBUG] (FabricLoader/Mixin) fabric-screen-api-v1.mixins.json:MinecraftClientMixin from mod fabric-screen-api-v1->@Inject::onScreenRemove(Lnet/minecraft/client/gui/screen/Screen;Lorg/spongepowered/asm/mixin/injection/callback/CallbackInfo;)V doesn't use it's CallbackInfo
[00:31:46] [Render thread/DEBUG] (FabricLoader/Mixin) fabric-screen-api-v1.mixins.json:MinecraftClientMixin from mod fabric-screen-api-v1->@Inject::onScreenRemove(Lnet/minecraft/client/gui/screen/Screen;Lorg/spongepowered/asm/mixin/injection/callback/CallbackInfo;)V has 0 override(s) in child classes
[00:31:46] [Render thread/DEBUG] (FabricLoader/Mixin) fabric-screen-api-v1.mixins.json:MinecraftClientMixin from mod fabric-screen-api-v1->@Inject::onScreenRemove(Lnet/minecraft/client/gui/screen/Screen;Lorg/spongepowered/asm/mixin/injection/callback/CallbackInfo;)V won't be passed a CallbackInfo as a result
[00:31:46] [Render thread/DEBUG] (FabricLoader/Mixin) fabric-screen-api-v1.mixins.json:MinecraftClientMixin from mod fabric-screen-api-v1->@Inject::onScreenRemoveBecauseStopping(Lorg/spongepowered/asm/mixin/injection/callback/CallbackInfo;)V doesn't use it's CallbackInfo
[00:31:46] [Render thread/DEBUG] (FabricLoader/Mixin) fabric-screen-api-v1.mixins.json:MinecraftClientMixin from mod fabric-screen-api-v1->@Inject::onScreenRemoveBecauseStopping(Lorg/spongepowered/asm/mixin/injection/callback/CallbackInfo;)V has 0 override(s) in child classes
[00:31:46] [Render thread/DEBUG] (FabricLoader/Mixin) fabric-screen-api-v1.mixins.json:MinecraftClientMixin from mod fabric-screen-api-v1->@Inject::onScreenRemoveBecauseStopping(Lorg/spongepowered/asm/mixin/injection/callback/CallbackInfo;)V won't be passed a CallbackInfo as a result
[00:31:46] [Render thread/DEBUG] (FabricLoader/Mixin) fabric-screen-api-v1.mixins.json:MinecraftClientMixin from mod fabric-screen-api-v1->@Inject::beforeScreenTick(Lorg/spongepowered/asm/mixin/injection/callback/CallbackInfo;)V doesn't use it's CallbackInfo
[00:31:46] [Render thread/DEBUG] (FabricLoader/Mixin) fabric-screen-api-v1.mixins.json:MinecraftClientMixin from mod fabric-screen-api-v1->@Inject::beforeScreenTick(Lorg/spongepowered/asm/mixin/injection/callback/CallbackInfo;)V has 0 override(s) in child classes
[00:31:46] [Render thread/DEBUG] (FabricLoader/Mixin) fabric-screen-api-v1.mixins.json:MinecraftClientMixin from mod fabric-screen-api-v1->@Inject::beforeScreenTick(Lorg/spongepowered/asm/mixin/injection/callback/CallbackInfo;)V won't be passed a CallbackInfo as a result
[00:31:46] [Render thread/DEBUG] (FabricLoader/Mixin) fabric-screen-api-v1.mixins.json:MinecraftClientMixin from mod fabric-screen-api-v1->@Inject::afterScreenTick(Lorg/spongepowered/asm/mixin/injection/callback/CallbackInfo;)V doesn't use it's CallbackInfo
[00:31:46] [Render thread/DEBUG] (FabricLoader/Mixin) fabric-screen-api-v1.mixins.json:MinecraftClientMixin from mod fabric-screen-api-v1->@Inject::afterScreenTick(Lorg/spongepowered/asm/mixin/injection/callback/CallbackInfo;)V has 0 override(s) in child classes
[00:31:46] [Render thread/DEBUG] (FabricLoader/Mixin) fabric-screen-api-v1.mixins.json:MinecraftClientMixin from mod fabric-screen-api-v1->@Inject::afterScreenTick(Lorg/spongepowered/asm/mixin/injection/callback/CallbackInfo;)V won't be passed a CallbackInfo as a result
[00:31:46] [Render thread/DEBUG] (FabricLoader/Mixin) fabric-screen-api-v1.mixins.json:MinecraftClientMixin from mod fabric-screen-api-v1->@Inject::beforeLoadingScreenTick(Lorg/spongepowered/asm/mixin/injection/callback/CallbackInfo;)V doesn't use it's CallbackInfo
[00:31:46] [Render thread/DEBUG] (FabricLoader/Mixin) fabric-screen-api-v1.mixins.json:MinecraftClientMixin from mod fabric-screen-api-v1->@Inject::beforeLoadingScreenTick(Lorg/spongepowered/asm/mixin/injection/callback/CallbackInfo;)V has 0 override(s) in child classes
[00:31:46] [Render thread/DEBUG] (FabricLoader/Mixin) fabric-screen-api-v1.mixins.json:MinecraftClientMixin from mod fabric-screen-api-v1->@Inject::beforeLoadingScreenTick(Lorg/spongepowered/asm/mixin/injection/callback/CallbackInfo;)V won't be passed a CallbackInfo as a result
[00:31:46] [Render thread/DEBUG] (FabricLoader/Mixin) fabric-screen-api-v1.mixins.json:MinecraftClientMixin from mod fabric-screen-api-v1->@Inject::afterLoadingScreenTick(Lorg/spongepowered/asm/mixin/injection/callback/CallbackInfo;)V doesn't use it's CallbackInfo
[00:31:46] [Render thread/DEBUG] (FabricLoader/Mixin) fabric-screen-api-v1.mixins.json:MinecraftClientMixin from mod fabric-screen-api-v1->@Inject::afterLoadingScreenTick(Lorg/spongepowered/asm/mixin/injection/callback/CallbackInfo;)V has 0 override(s) in child classes
[00:31:46] [Render thread/DEBUG] (FabricLoader/Mixin) fabric-screen-api-v1.mixins.json:MinecraftClientMixin from mod fabric-screen-api-v1->@Inject::afterLoadingScreenTick(Lorg/spongepowered/asm/mixin/injection/callback/CallbackInfo;)V won't be passed a CallbackInfo as a result
[00:31:46] [Render thread/DEBUG] (FabricLoader/Mixin) fabric-events-interaction-v0.client.mixins.json:MinecraftClientMixin from mod fabric-events-interaction-v0->@Inject::injectUseEntityCallback(Lorg/spongepowered/asm/mixin/injection/callback/CallbackInfo;)V does use it's CallbackInfo
[00:31:46] [Render thread/DEBUG] (FabricLoader/Mixin) fabric-events-interaction-v0.client.mixins.json:MinecraftClientMixin from mod fabric-events-interaction-v0->@Inject::injectHandleInputEventsForPreAttackCallback(Lorg/spongepowered/asm/mixin/injection/callback/CallbackInfo;)V doesn't use it's CallbackInfo
[00:31:46] [Render thread/DEBUG] (FabricLoader/Mixin) fabric-events-interaction-v0.client.mixins.json:MinecraftClientMixin from mod fabric-events-interaction-v0->@Inject::injectHandleInputEventsForPreAttackCallback(Lorg/spongepowered/asm/mixin/injection/callback/CallbackInfo;)V has 0 override(s) in child classes
[00:31:46] [Render thread/DEBUG] (FabricLoader/Mixin) fabric-events-interaction-v0.client.mixins.json:MinecraftClientMixin from mod fabric-events-interaction-v0->@Inject::injectHandleInputEventsForPreAttackCallback(Lorg/spongepowered/asm/mixin/injection/callback/CallbackInfo;)V won't be passed a CallbackInfo as a result
[00:31:46] [Render thread/DEBUG] (FabricLoader/Mixin) fabric-events-interaction-v0.client.mixins.json:MinecraftClientMixin from mod fabric-events-interaction-v0->@Inject::injectDoAttackForCancelling(Lorg/spongepowered/asm/mixin/injection/callback/CallbackInfoReturnable;)V does use it's CallbackInfoReturnable
[00:31:46] [Render thread/DEBUG] (FabricLoader/Mixin) fabric-events-interaction-v0.client.mixins.json:MinecraftClientMixin from mod fabric-events-interaction-v0->@Inject::injectHandleBlockBreakingForCancelling(ZLorg/spongepowered/asm/mixin/injection/callback/CallbackInfo;)V does use it's CallbackInfo
[00:31:46] [Render thread/DEBUG] (FabricLoader/Mixin) fabric-lifecycle-events-v1.client.mixins.json:MinecraftClientMixin from mod fabric-lifecycle-events-v1->@Inject::onStartTick(Lorg/spongepowered/asm/mixin/injection/callback/CallbackInfo;)V doesn't use it's CallbackInfo
[00:31:46] [Render thread/DEBUG] (FabricLoader/Mixin) fabric-lifecycle-events-v1.client.mixins.json:MinecraftClientMixin from mod fabric-lifecycle-events-v1->@Inject::onStartTick(Lorg/spongepowered/asm/mixin/injection/callback/CallbackInfo;)V has 0 override(s) in child classes
[00:31:46] [Render thread/DEBUG] (FabricLoader/Mixin) fabric-lifecycle-events-v1.client.mixins.json:MinecraftClientMixin from mod fabric-lifecycle-events-v1->@Inject::onStartTick(Lorg/spongepowered/asm/mixin/injection/callback/CallbackInfo;)V won't be passed a CallbackInfo as a result
[00:31:46] [Render thread/DEBUG] (FabricLoader/Mixin) fabric-lifecycle-events-v1.client.mixins.json:MinecraftClientMixin from mod fabric-lifecycle-events-v1->@Inject::onEndTick(Lorg/spongepowered/asm/mixin/injection/callback/CallbackInfo;)V doesn't use it's CallbackInfo
[00:31:46] [Render thread/DEBUG] (FabricLoader/Mixin) fabric-lifecycle-events-v1.client.mixins.json:MinecraftClientMixin from mod fabric-lifecycle-events-v1->@Inject::onEndTick(Lorg/spongepowered/asm/mixin/injection/callback/CallbackInfo;)V has 0 override(s) in child classes
[00:31:46] [Render thread/DEBUG] (FabricLoader/Mixin) fabric-lifecycle-events-v1.client.mixins.json:MinecraftClientMixin from mod fabric-lifecycle-events-v1->@Inject::onEndTick(Lorg/spongepowered/asm/mixin/injection/callback/CallbackInfo;)V won't be passed a CallbackInfo as a result
[00:31:46] [Render thread/DEBUG] (FabricLoader/Mixin) fabric-lifecycle-events-v1.client.mixins.json:MinecraftClientMixin from mod fabric-lifecycle-events-v1->@Inject::onStopping(Lorg/spongepowered/asm/mixin/injection/callback/CallbackInfo;)V doesn't use it's CallbackInfo
[00:31:46] [Render thread/DEBUG] (FabricLoader/Mixin) fabric-lifecycle-events-v1.client.mixins.json:MinecraftClientMixin from mod fabric-lifecycle-events-v1->@Inject::onStopping(Lorg/spongepowered/asm/mixin/injection/callback/CallbackInfo;)V has 0 override(s) in child classes
[00:31:46] [Render thread/DEBUG] (FabricLoader/Mixin) fabric-lifecycle-events-v1.client.mixins.json:MinecraftClientMixin from mod fabric-lifecycle-events-v1->@Inject::onStopping(Lorg/spongepowered/asm/mixin/injection/callback/CallbackInfo;)V won't be passed a CallbackInfo as a result
[00:31:46] [Render thread/DEBUG] (FabricLoader/Mixin) fabric-lifecycle-events-v1.client.mixins.json:MinecraftClientMixin from mod fabric-lifecycle-events-v1->@Inject::onStart(Lorg/spongepowered/asm/mixin/injection/callback/CallbackInfo;)V doesn't use it's CallbackInfo
[00:31:46] [Render thread/DEBUG] (FabricLoader/Mixin) fabric-lifecycle-events-v1.client.mixins.json:MinecraftClientMixin from mod fabric-lifecycle-events-v1->@Inject::onStart(Lorg/spongepowered/asm/mixin/injection/callback/CallbackInfo;)V has 0 override(s) in child classes
[00:31:46] [Render thread/DEBUG] (FabricLoader/Mixin) fabric-lifecycle-events-v1.client.mixins.json:MinecraftClientMixin from mod fabric-lifecycle-events-v1->@Inject::onStart(Lorg/spongepowered/asm/mixin/injection/callback/CallbackInfo;)V won't be passed a CallbackInfo as a result
[00:31:46] [Render thread/DEBUG] (FabricLoader/Mixin) fabric-lifecycle-events-v1.client.mixins.json:MinecraftClientMixin from mod fabric-lifecycle-events-v1->@Inject::afterClientWorldChange(Lnet/minecraft/client/world/ClientWorld;Lorg/spongepowered/asm/mixin/injection/callback/CallbackInfo;)V doesn't use it's CallbackInfo
[00:31:46] [Render thread/DEBUG] (FabricLoader/Mixin) fabric-lifecycle-events-v1.client.mixins.json:MinecraftClientMixin from mod fabric-lifecycle-events-v1->@Inject::afterClientWorldChange(Lnet/minecraft/client/world/ClientWorld;Lorg/spongepowered/asm/mixin/injection/callback/CallbackInfo;)V has 0 override(s) in child classes
[00:31:46] [Render thread/DEBUG] (FabricLoader/Mixin) fabric-lifecycle-events-v1.client.mixins.json:MinecraftClientMixin from mod fabric-lifecycle-events-v1->@Inject::afterClientWorldChange(Lnet/minecraft/client/world/ClientWorld;Lorg/spongepowered/asm/mixin/injection/callback/CallbackInfo;)V won't be passed a CallbackInfo as a result
[00:31:46] [Render thread/DEBUG] (FabricLoader/Mixin) fabric-registry-sync-v0.client.mixins.json:MinecraftClientMixin from mod fabric-registry-sync-v0->@Inject::disconnectAfter(Lnet/minecraft/client/gui/screen/Screen;ZLorg/spongepowered/asm/mixin/injection/callback/CallbackInfo;)V doesn't use it's CallbackInfo
[00:31:46] [Render thread/DEBUG] (FabricLoader/Mixin) fabric-registry-sync-v0.client.mixins.json:MinecraftClientMixin from mod fabric-registry-sync-v0->@Inject::disconnectAfter(Lnet/minecraft/client/gui/screen/Screen;ZLorg/spongepowered/asm/mixin/injection/callback/CallbackInfo;)V has 0 override(s) in child classes
[00:31:46] [Render thread/DEBUG] (FabricLoader/Mixin) fabric-registry-sync-v0.client.mixins.json:MinecraftClientMixin from mod fabric-registry-sync-v0->@Inject::disconnectAfter(Lnet/minecraft/client/gui/screen/Screen;ZLorg/spongepowered/asm/mixin/injection/callback/CallbackInfo;)V won't be passed a CallbackInfo as a result
[00:31:46] [Render thread/DEBUG] (FabricLoader/Mixin) fabric-registry-sync-v0.client.mixins.json:MinecraftClientMixin from mod fabric-registry-sync-v0->@Inject::afterModInit(Lorg/spongepowered/asm/mixin/injection/callback/CallbackInfo;)V doesn't use it's CallbackInfo
[00:31:46] [Render thread/DEBUG] (FabricLoader/Mixin) fabric-registry-sync-v0.client.mixins.json:MinecraftClientMixin from mod fabric-registry-sync-v0->@Inject::afterModInit(Lorg/spongepowered/asm/mixin/injection/callback/CallbackInfo;)V has 0 override(s) in child classes
[00:31:46] [Render thread/DEBUG] (FabricLoader/Mixin) fabric-registry-sync-v0.client.mixins.json:MinecraftClientMixin from mod fabric-registry-sync-v0->@Inject::afterModInit(Lorg/spongepowered/asm/mixin/injection/callback/CallbackInfo;)V won't be passed a CallbackInfo as a result
[00:31:46] [Render thread/DEBUG] (FabricLoader/Mixin) fabric-data-generation-api-v1.client.mixins.json:MinecraftClientMixin from mod fabric-data-generation-api-v1->@Inject::main(Lorg/spongepowered/asm/mixin/injection/callback/CallbackInfo;)V doesn't use it's CallbackInfo
[00:31:46] [Render thread/DEBUG] (FabricLoader/Mixin) fabric-data-generation-api-v1.client.mixins.json:MinecraftClientMixin from mod fabric-data-generation-api-v1->@Inject::main(Lorg/spongepowered/asm/mixin/injection/callback/CallbackInfo;)V has 0 override(s) in child classes
[00:31:46] [Render thread/DEBUG] (FabricLoader/Mixin) fabric-data-generation-api-v1.client.mixins.json:MinecraftClientMixin from mod fabric-data-generation-api-v1->@Inject::main(Lorg/spongepowered/asm/mixin/injection/callback/CallbackInfo;)V won't be passed a CallbackInfo as a result
[00:31:46] [Render thread/DEBUG] (FabricLoader/Mixin) Mixing MixinTitleScreen from mixins.modmenu.json into net.minecraft.client.gui.screen.TitleScreen
[00:31:46] [Render thread/DEBUG] (FabricLoader/Mixin) Mixing MixinGameMenu from mixins.modmenu.json into net.minecraft.client.gui.screen.GameMenuScreen
[00:31:46] [Render thread/DEBUG] (FabricLoader/Mixin) Renaming @Accessor method getCUSTOM_OPTIONS_TOOLTIP()Lnet/minecraft/client/gui/tooltip/Tooltip; to getCUSTOM_OPTIONS_TOOLTIP$modmenu_$md$040614$0 in mixins.modmenu.json:MixinGameMenu from mod modmenu
[00:31:46] [Render thread/DEBUG] (FabricLoader/Mixin) Renaming synthetic method lambda$onInitWidgets$2(Lnet/minecraft/client/gui/widget/ButtonWidget;)V to md040614$modmenu$lambda$onInitWidgets$2$1 in mixins.modmenu.json:MixinGameMenu from mod modmenu
[00:31:46] [Render thread/DEBUG] (FabricLoader/Mixin) Renaming synthetic method lambda$onInitWidgets$1(Lnet/minecraft/client/gui/widget/Widget;)V to md040614$modmenu$lambda$onInitWidgets$1$2 in mixins.modmenu.json:MixinGameMenu from mod modmenu
[00:31:46] [Render thread/DEBUG] (FabricLoader/Mixin) Renaming synthetic method lambda$onInitWidgets$0(Lnet/minecraft/client/gui/widget/Widget;)Z to md040614$modmenu$lambda$onInitWidgets$0$3 in mixins.modmenu.json:MixinGameMenu from mod modmenu
[00:31:46] [Render thread/DEBUG] (FabricLoader/Mixin) mixins.modmenu.json:MixinGameMenu from mod modmenu->@Inject::onInitWidgets(Lorg/spongepowered/asm/mixin/injection/callback/CallbackInfo;Lnet/minecraft/client/gui/widget/GridWidget;)V doesn't use it's CallbackInfo
[00:31:46] [Render thread/DEBUG] (FabricLoader/Mixin) mixins.modmenu.json:MixinGameMenu from mod modmenu->@Inject::onInitWidgets(Lorg/spongepowered/asm/mixin/injection/callback/CallbackInfo;Lnet/minecraft/client/gui/widget/GridWidget;)V has 0 override(s) in child classes
[00:31:46] [Render thread/DEBUG] (FabricLoader/Mixin) mixins.modmenu.json:MixinGameMenu from mod modmenu->@Inject::onInitWidgets(Lorg/spongepowered/asm/mixin/injection/callback/CallbackInfo;Lnet/minecraft/client/gui/widget/GridWidget;)V won't be passed a CallbackInfo as a result
[00:31:46] [Render thread/DEBUG] (FabricLoader/Mixin) Mixing HandledScreenMixin from fabric-screen-api-v1.mixins.json into net.minecraft.client.gui.screen.ingame.HandledScreen
[00:31:46] [Render thread/DEBUG] (FabricLoader/Mixin) fabric-screen-api-v1.mixins.json:HandledScreenMixin from mod fabric-screen-api-v1->@Inject::callSuperMouseReleased(Lnet/minecraft/client/gui/Click;Lorg/spongepowered/asm/mixin/injection/callback/CallbackInfoReturnable;)V does use it's CallbackInfoReturnable
[00:31:46] [Render thread/DEBUG] (FabricLoader/Mixin) fabric-screen-api-v1.mixins.json:HandledScreenMixin from mod fabric-screen-api-v1->@Inject::callSuperMouseReleased(Lnet/minecraft/client/gui/Click;DDLorg/spongepowered/asm/mixin/injection/callback/CallbackInfoReturnable;)V does use it's CallbackInfoReturnable
[00:31:46] [Render thread/DEBUG] (FabricLoader/Mixin) Mixing KeyedClientResourceReloadListenerMixin from fabric-resource-loader-v1.client.mixins.json into net.minecraft.client.resource.PeriodicNotificationManager
[00:31:46] [Render thread/DEBUG] (FabricLoader/Mixin) Mixing VanillaResourcePackProviderMixin from fabric-resource-loader-v0.client.mixins.json into net.minecraft.resource.VanillaResourcePackProvider
[00:31:46] [Render thread/DEBUG] (FabricLoader/Mixin) fabric-resource-loader-v0.client.mixins.json:VanillaResourcePackProviderMixin from mod fabric-resource-loader-v0->@Inject::addBuiltinResourcePacks(Ljava/util/function/Consumer;Lorg/spongepowered/asm/mixin/injection/callback/CallbackInfo;)V doesn't use it's CallbackInfo
[00:31:46] [Render thread/DEBUG] (FabricLoader/Mixin) fabric-resource-loader-v0.client.mixins.json:VanillaResourcePackProviderMixin from mod fabric-resource-loader-v0->@Inject::addBuiltinResourcePacks(Ljava/util/function/Consumer;Lorg/spongepowered/asm/mixin/injection/callback/CallbackInfo;)V has 0 override(s) in child classes
[00:31:46] [Render thread/DEBUG] (FabricLoader/Mixin) fabric-resource-loader-v0.client.mixins.json:VanillaResourcePackProviderMixin from mod fabric-resource-loader-v0->@Inject::addBuiltinResourcePacks(Ljava/util/function/Consumer;Lorg/spongepowered/asm/mixin/injection/callback/CallbackInfo;)V won't be passed a CallbackInfo as a result
[00:31:46] [Render thread/DEBUG] (FabricLoader/Mixin) Mixing ResourcePackManagerMixin from fabric-resource-loader-v0.mixins.json into net.minecraft.resource.ResourcePackManager
[00:31:46] [Render thread/DEBUG] (FabricLoader/Mixin) Renaming synthetic method lambda$handleAutoDisable$0(Ljava/util/Set;Lnet/minecraft/resource/ResourcePackProfile;)Z to md040614$fabric-resource-loader-v0$lambda$handleAutoDisable$0$0 in fabric-resource-loader-v0.mixins.json:ResourcePackManagerMixin from mod fabric-resource-loader-v0
[00:31:46] [Render thread/DEBUG] (FabricLoader/Mixin) fabric-resource-loader-v0.mixins.json:ResourcePackManagerMixin from mod fabric-resource-loader-v0->@Inject::construct([Lnet/minecraft/resource/ResourcePackProvider;Lorg/spongepowered/asm/mixin/injection/callback/CallbackInfo;)V doesn't use it's CallbackInfo
[00:31:46] [Render thread/DEBUG] (FabricLoader/Mixin) fabric-resource-loader-v0.mixins.json:ResourcePackManagerMixin from mod fabric-resource-loader-v0->@Inject::construct([Lnet/minecraft/resource/ResourcePackProvider;Lorg/spongepowered/asm/mixin/injection/callback/CallbackInfo;)V has 0 override(s) in child classes
[00:31:46] [Render thread/DEBUG] (FabricLoader/Mixin) fabric-resource-loader-v0.mixins.json:ResourcePackManagerMixin from mod fabric-resource-loader-v0->@Inject::construct([Lnet/minecraft/resource/ResourcePackProvider;Lorg/spongepowered/asm/mixin/injection/callback/CallbackInfo;)V won't be passed a CallbackInfo as a result
[00:31:46] [Render thread/DEBUG] (FabricLoader/Mixin) fabric-resource-loader-v0.mixins.json:ResourcePackManagerMixin from mod fabric-resource-loader-v0->@Inject::handleAutoEnableDisable(Ljava/util/Collection;Lorg/spongepowered/asm/mixin/injection/callback/CallbackInfoReturnable;)V doesn't use it's CallbackInfoReturnable
[00:31:46] [Render thread/DEBUG] (FabricLoader/Mixin) fabric-resource-loader-v0.mixins.json:ResourcePackManagerMixin from mod fabric-resource-loader-v0->@Inject::handleAutoEnableDisable(Ljava/util/Collection;Lorg/spongepowered/asm/mixin/injection/callback/CallbackInfoReturnable;)V has 0 override(s) in child classes
[00:31:46] [Render thread/DEBUG] (FabricLoader/Mixin) fabric-resource-loader-v0.mixins.json:ResourcePackManagerMixin from mod fabric-resource-loader-v0->@Inject::handleAutoEnableDisable(Ljava/util/Collection;Lorg/spongepowered/asm/mixin/injection/callback/CallbackInfoReturnable;)V won't be passed a CallbackInfoReturnable as a result
[00:31:46] [Render thread/DEBUG] (FabricLoader/Mixin) fabric-resource-loader-v0.mixins.json:ResourcePackManagerMixin from mod fabric-resource-loader-v0->@Inject::handleAutoEnable(Ljava/lang/String;Lorg/spongepowered/asm/mixin/injection/callback/CallbackInfoReturnable;)V doesn't use it's CallbackInfoReturnable
[00:31:46] [Render thread/DEBUG] (FabricLoader/Mixin) fabric-resource-loader-v0.mixins.json:ResourcePackManagerMixin from mod fabric-resource-loader-v0->@Inject::handleAutoEnable(Ljava/lang/String;Lorg/spongepowered/asm/mixin/injection/callback/CallbackInfoReturnable;)V has 0 override(s) in child classes
[00:31:46] [Render thread/DEBUG] (FabricLoader/Mixin) fabric-resource-loader-v0.mixins.json:ResourcePackManagerMixin from mod fabric-resource-loader-v0->@Inject::handleAutoEnable(Ljava/lang/String;Lorg/spongepowered/asm/mixin/injection/callback/CallbackInfoReturnable;)V won't be passed a CallbackInfoReturnable as a result
[00:31:46] [Render thread/DEBUG] (FabricLoader/Mixin) fabric-resource-loader-v0.mixins.json:ResourcePackManagerMixin from mod fabric-resource-loader-v0->@Inject::handleAutoDisable(Ljava/lang/String;Lorg/spongepowered/asm/mixin/injection/callback/CallbackInfoReturnable;)V doesn't use it's CallbackInfoReturnable
[00:31:46] [Render thread/DEBUG] (FabricLoader/Mixin) fabric-resource-loader-v0.mixins.json:ResourcePackManagerMixin from mod fabric-resource-loader-v0->@Inject::handleAutoDisable(Ljava/lang/String;Lorg/spongepowered/asm/mixin/injection/callback/CallbackInfoReturnable;)V has 0 override(s) in child classes
[00:31:46] [Render thread/DEBUG] (FabricLoader/Mixin) fabric-resource-loader-v0.mixins.json:ResourcePackManagerMixin from mod fabric-resource-loader-v0->@Inject::handleAutoDisable(Ljava/lang/String;Lorg/spongepowered/asm/mixin/injection/callback/CallbackInfoReturnable;)V won't be passed a CallbackInfoReturnable as a result
[00:31:46] [Render thread/INFO] (com.mojang.authlib.yggdrasil.YggdrasilAuthenticationService) Environment: Environment[sessionHost=https://sessionserver.mojang.com, servicesHost=https://api.minecraftservices.com, profilesHost=https://api.mojang.com, name=PROD]
[00:31:46] [Yggdrasil Key Fetcher/DEBUG] (com.mojang.authlib.minecraft.client.MinecraftClient) Connecting to https://api.minecraftservices.com/publickeys
[00:31:46] [Download-1/DEBUG] (com.mojang.authlib.minecraft.client.MinecraftClient) Connecting to https://sessionserver.mojang.com/session/minecraft/profile/fd31ce153baa35238ee4307bb606ee39?unsigned=false
[00:31:46] [Render thread/INFO] (net.minecraft.client.MinecraftClient) Setting user: Player919
[00:31:46] [Download-2/DEBUG] (com.mojang.authlib.minecraft.client.MinecraftClient) Connecting to https://api.minecraftservices.com/player/attributes
[00:31:46] [Render thread/DEBUG] (FabricLoader/Entrypoint) Iterating over entrypoint 'main'
[00:31:46] [Render thread/DEBUG] (FabricLoader/Mixin) Mixing ServerConfigurationNetworkHandlerMixin from fabric-networking-api-v1.mixins.json into net.minecraft.server.network.ServerConfigurationNetworkHandler
[00:31:46] [Render thread/DEBUG] (FabricLoader/Mixin) Renaming synthetic method lambda$bindChannelInfo$0(Lnet/minecraft/network/RegistryByteBuf;)Lnet/minecraft/network/RegistryByteBuf; to md040614$fabric-networking-api-v1$lambda$bindChannelInfo$0$0 in fabric-networking-api-v1.mixins.json:ServerConfigurationNetworkHandlerMixin from mod fabric-networking-api-v1
[00:31:46] [Render thread/DEBUG] (FabricLoader/Mixin) Mixing ServerConfigurationNetworkHandlerMixin from fabric-resource-loader-v0.mixins.json into net.minecraft.server.network.ServerConfigurationNetworkHandler
[00:31:46] [Render thread/DEBUG] (FabricLoader/Mixin) fabric-networking-api-v1.mixins.json:ServerConfigurationNetworkHandlerMixin from mod fabric-networking-api-v1->@Inject::initAddon(Lorg/spongepowered/asm/mixin/injection/callback/CallbackInfo;)V doesn't use it's CallbackInfo
[00:31:46] [Render thread/DEBUG] (FabricLoader/Mixin) fabric-networking-api-v1.mixins.json:ServerConfigurationNetworkHandlerMixin from mod fabric-networking-api-v1->@Inject::initAddon(Lorg/spongepowered/asm/mixin/injection/callback/CallbackInfo;)V has 0 override(s) in child classes
[00:31:46] [Render thread/DEBUG] (FabricLoader/Mixin) fabric-networking-api-v1.mixins.json:ServerConfigurationNetworkHandlerMixin from mod fabric-networking-api-v1->@Inject::initAddon(Lorg/spongepowered/asm/mixin/injection/callback/CallbackInfo;)V won't be passed a CallbackInfo as a result
[00:31:46] [Render thread/DEBUG] (FabricLoader/Mixin) fabric-networking-api-v1.mixins.json:ServerConfigurationNetworkHandlerMixin from mod fabric-networking-api-v1->@Inject::onClientReady(Lorg/spongepowered/asm/mixin/injection/callback/CallbackInfo;)V does use it's CallbackInfo
[00:31:46] [Render thread/DEBUG] (FabricLoader/Mixin) Mixing ServerCommonNetworkHandlerMixin from fabric-networking-api-v1.mixins.json into net.minecraft.server.network.ServerCommonNetworkHandler
[00:31:46] [Render thread/DEBUG] (FabricLoader/Mixin) Mixing accessor.ServerCommonNetworkHandlerAccessor from fabric-networking-api-v1.mixins.json into net.minecraft.server.network.ServerCommonNetworkHandler
[00:31:46] [Render thread/DEBUG] (FabricLoader/Mixin) Mixing sync.ServerCommonNetworkHandlerAccessor from fabric-recipe-api-v1.mixins.json into net.minecraft.server.network.ServerCommonNetworkHandler
[00:31:46] [Render thread/DEBUG] (FabricLoader/Mixin) fabric-networking-api-v1.mixins.json:ServerCommonNetworkHandlerMixin from mod fabric-networking-api-v1->@Inject::handleCustomPayloadReceivedAsync(Lnet/minecraft/network/packet/c2s/common/CustomPayloadC2SPacket;Lorg/spongepowered/asm/mixin/injection/callback/CallbackInfo;)V does use it's CallbackInfo
[00:31:46] [Render thread/DEBUG] (FabricLoader/Mixin) fabric-networking-api-v1.mixins.json:ServerCommonNetworkHandlerMixin from mod fabric-networking-api-v1->@Inject::onPlayPong(Lnet/minecraft/network/packet/c2s/common/CommonPongC2SPacket;Lorg/spongepowered/asm/mixin/injection/callback/CallbackInfo;)V doesn't use it's CallbackInfo
[00:31:46] [Render thread/DEBUG] (FabricLoader/Mixin) fabric-networking-api-v1.mixins.json:ServerCommonNetworkHandlerMixin from mod fabric-networking-api-v1->@Inject::onPlayPong(Lnet/minecraft/network/packet/c2s/common/CommonPongC2SPacket;Lorg/spongepowered/asm/mixin/injection/callback/CallbackInfo;)V has 0 override(s) in child classes
[00:31:46] [Render thread/DEBUG] (FabricLoader/Mixin) fabric-networking-api-v1.mixins.json:ServerCommonNetworkHandlerMixin from mod fabric-networking-api-v1->@Inject::onPlayPong(Lnet/minecraft/network/packet/c2s/common/CommonPongC2SPacket;Lorg/spongepowered/asm/mixin/injection/callback/CallbackInfo;)V won't be passed a CallbackInfo as a result
[00:31:46] [Render thread/DEBUG] (FabricLoader/Mixin) Unexpected: Registered method getConnection()Lnet/minecraft/network/ClientConnection; in net.minecraft.server.network.ServerCommonNetworkHandler was not merged
[00:31:46] [Render thread/DEBUG] (FabricLoader/Mixin) Mixing CustomPayloadC2SPacketAccessor from fabric-data-attachment-api-v1.mixins.json into net.minecraft.network.packet.c2s.common.CustomPayloadC2SPacket
[00:31:46] [Render thread/DEBUG] (FabricLoader/Mixin) Mixing CustomPayloadC2SPacketMixin from fabric-networking-api-v1.mixins.json into net.minecraft.network.packet.c2s.common.CustomPayloadC2SPacket
[00:31:46] [Render thread/DEBUG] (FabricLoader/Mixin) Renaming synthetic method lambda$wrapCodec$0(Lnet/minecraft/network/PacketByteBuf;Lnet/minecraft/util/Identifier;)Lnet/minecraft/network/packet/CustomPayload$Type; to md040614$fabric-networking-api-v1$lambda$wrapCodec$0$0 in fabric-networking-api-v1.mixins.json:CustomPayloadC2SPacketMixin from mod fabric-networking-api-v1
[00:31:46] [Render thread/DEBUG] (FabricLoader/Mixin) Mixing CustomPayloadPacketCodecMixin from fabric-networking-api-v1.mixins.json into net.minecraft.network.packet.CustomPayload$1
[00:31:46] [Render thread/DEBUG] (io.netty.util.internal.InternalThreadLocalMap) -Dio.netty.threadLocalMap.stringBuilder.initialSize: 1024
[00:31:46] [Render thread/DEBUG] (io.netty.util.internal.InternalThreadLocalMap) -Dio.netty.threadLocalMap.stringBuilder.maxSize: 4096
[00:31:46] [Render thread/DEBUG] (io.netty.util.internal.PlatformDependent0) -Dio.netty.noUnsafe: false
[00:31:46] [Render thread/DEBUG] (io.netty.util.internal.PlatformDependent0) Java version: 25
[00:31:46] [Render thread/DEBUG] (io.netty.util.internal.PlatformDependent0) sun.misc.Unsafe.theUnsafe: available
[00:31:46] [Render thread/DEBUG] (io.netty.util.internal.PlatformDependent0) sun.misc.Unsafe base methods: all available
[00:31:46] [Render thread/DEBUG] (io.netty.util.internal.PlatformDependent0) sun.misc.Unsafe.storeFence: available
[00:31:46] [Render thread/DEBUG] (io.netty.util.internal.PlatformDependent0) java.nio.Buffer.address: available
[00:31:46] [Render thread/DEBUG] (io.netty.util.internal.PlatformDependent0) direct buffer constructor: unavailable: Reflective setAccessible(true) disabled
[00:31:46] [Render thread/DEBUG] (io.netty.util.internal.PlatformDependent0) java.nio.Bits.unaligned: available, true
[00:31:46] [Render thread/DEBUG] (io.netty.util.internal.PlatformDependent0) jdk.internal.misc.Unsafe.allocateUninitializedArray(int): unavailable: class io.netty.util.internal.PlatformDependent0$7 cannot access class jdk.internal.misc.Unsafe (in module java.base) because module java.base does not export jdk.internal.misc to unnamed module @484970b0
[00:31:46] [Render thread/DEBUG] (io.netty.util.internal.PlatformDependent0) java.nio.DirectByteBuffer.<init>(long, {int,long}): unavailable
[00:31:46] [Render thread/DEBUG] (io.netty.util.internal.PlatformDependent) sun.misc.Unsafe: available
[00:31:46] [Render thread/DEBUG] (io.netty.util.internal.PlatformDependent) -Dio.netty.tmpdir: /tmp (java.io.tmpdir)
[00:31:46] [Render thread/DEBUG] (io.netty.util.internal.PlatformDependent) -Dio.netty.bitMode: 64 (sun.arch.data.model)
[00:31:46] [Render thread/DEBUG] (io.netty.util.internal.PlatformDependent) -Dio.netty.maxDirectMemory: -1 bytes
[00:31:46] [Render thread/DEBUG] (io.netty.util.internal.PlatformDependent) -Dio.netty.uninitializedArrayAllocationThreshold: -1
[00:31:46] [Render thread/DEBUG] (io.netty.util.internal.CleanerJava9) java.nio.ByteBuffer.cleaner(): available
[00:31:46] [Render thread/DEBUG] (io.netty.util.internal.PlatformDependent) -Dio.netty.noPreferDirect: false
[00:31:46] [Render thread/DEBUG] (io.netty.buffer.PooledByteBufAllocator) -Dio.netty.allocator.numHeapArenas: 24
[00:31:46] [Render thread/DEBUG] (io.netty.buffer.PooledByteBufAllocator) -Dio.netty.allocator.numDirectArenas: 24
[00:31:46] [Render thread/DEBUG] (io.netty.buffer.PooledByteBufAllocator) -Dio.netty.allocator.pageSize: 8192
[00:31:46] [Render thread/DEBUG] (io.netty.buffer.PooledByteBufAllocator) -Dio.netty.allocator.maxOrder: 9
[00:31:46] [Render thread/DEBUG] (io.netty.buffer.PooledByteBufAllocator) -Dio.netty.allocator.chunkSize: 4194304
[00:31:46] [Render thread/DEBUG] (io.netty.buffer.PooledByteBufAllocator) -Dio.netty.allocator.smallCacheSize: 256
[00:31:46] [Render thread/DEBUG] (io.netty.buffer.PooledByteBufAllocator) -Dio.netty.allocator.normalCacheSize: 64
[00:31:46] [Render thread/DEBUG] (io.netty.buffer.PooledByteBufAllocator) -Dio.netty.allocator.maxCachedBufferCapacity: 32768
[00:31:46] [Render thread/DEBUG] (io.netty.buffer.PooledByteBufAllocator) -Dio.netty.allocator.cacheTrimInterval: 8192
[00:31:46] [Render thread/DEBUG] (io.netty.buffer.PooledByteBufAllocator) -Dio.netty.allocator.cacheTrimIntervalMillis: 0
[00:31:46] [Render thread/DEBUG] (io.netty.buffer.PooledByteBufAllocator) -Dio.netty.allocator.useCacheForAllThreads: false
[00:31:46] [Render thread/DEBUG] (io.netty.buffer.PooledByteBufAllocator) -Dio.netty.allocator.maxCachedByteBuffersPerChunk: 1023
[00:31:46] [Render thread/DEBUG] (io.netty.buffer.PooledByteBufAllocator) -Dio.netty.allocator.disableCacheFinalizersForFastThreadLocalThreads: false
[00:31:46] [Render thread/DEBUG] (io.netty.buffer.ByteBufUtil) -Dio.netty.allocator.type: pooled
[00:31:46] [Render thread/DEBUG] (io.netty.buffer.ByteBufUtil) -Dio.netty.threadLocalDirectBufferSize: 0
[00:31:46] [Render thread/DEBUG] (io.netty.buffer.ByteBufUtil) -Dio.netty.maxThreadLocalCharBufferSize: 16384
[00:31:46] [Render thread/DEBUG] (FabricLoader/Mixin) Mixing VarIntsAccessor from fabric-data-attachment-api-v1.mixins.json into net.minecraft.network.encoding.VarInts
[00:31:46] [Render thread/DEBUG] (FabricLoader/Mixin) Renaming @Accessor method getMaxByteSize()I to getMaxByteSize$fabric-data-attachment-api-v1_$md$040614$0 in fabric-data-attachment-api-v1.mixins.json:VarIntsAccessor from mod fabric-data-attachment-api-v1
[00:31:46] [Render thread/DEBUG] (FabricLoader/Mixin) Mixing LootTableBuilderMixin from fabric-loot-api-v3.mixins.json into net.minecraft.loot.LootTable$Builder
[00:31:46] [Render thread/DEBUG] (FabricLoader/Mixin) Mixing LootTableBuilderMixin from fabric-loot-api-v2.mixins.json into net.minecraft.loot.LootTable$Builder
[00:31:46] [Render thread/DEBUG] (FabricLoader/Mixin) Mixing ResourceFinderAccessor from fabric-loot-api-v3.mixins.json into net.minecraft.resource.ResourceFinder
[00:31:46] [Render thread/DEBUG] (FabricLoader/Mixin) Mixing ResourceFinderAccessor from fabric-resource-conditions-api-v1.mixins.json into net.minecraft.resource.ResourceFinder
[00:31:46] [Render thread/DEBUG] (FabricLoader/Mixin) Unexpected: Registered method getDirectoryName()Ljava/lang/String; in net.minecraft.resource.ResourceFinder was not merged
[00:31:46] [Render thread/DEBUG] (FabricLoader/Entrypoint) Iterating over entrypoint 'client'
[00:31:46] [Render thread/DEBUG] (FabricLoader/Mixin) Mixing features.gui.hooks.settings.OptionsScreenMixin from sodium-common.mixins.json into net.minecraft.client.gui.screen.option.OptionsScreen
[00:31:46] [Render thread/DEBUG] (FabricLoader/Mixin) sodium-common.mixins.json:features.gui.hooks.settings.OptionsScreenMixin from mod sodium: Class version 65 required is higher than the class version supported by the current version of Mixin (JAVA_17 supports class version 61)
[00:31:46] [Render thread/DEBUG] (FabricLoader/Mixin) sodium-common.mixins.json:features.gui.hooks.settings.OptionsScreenMixin from mod sodium->@Inject::open(Lorg/spongepowered/asm/mixin/injection/callback/CallbackInfoReturnable;)V does use it's CallbackInfoReturnable
[00:31:46] [Render thread/INFO] (Mod Menu/Update Checker) Checking mod updates...
[00:31:46] [Render thread/DEBUG] (FabricLoader/Mixin) Mixing KeyAccess from jade.mixins.json into net.minecraft.client.util.InputUtil$Key
[00:31:46] [Worker-Main-1/DEBUG] (Mod Menu/Update Checker) Hash for fabric-transfer-api-v1 is 1e37288cac8b2e5f15624be869cabd4674f360d1d2a0abd1fb86b0b706a4aa10b1c659f8c2b2591ab45e51d4f08d972e1762ed616a54bd84895301e1fc684a85
[00:31:46] [Worker-Main-1/DEBUG] (Mod Menu/Update Checker) Hash for fabric-dimensions-v1 is a7e1b04a06ccd6f8a0eb7dbb24465d7b3587b8862eb69df838b154601fdd7aa48c9fe82b4f872c0c1f8d895cfb6ff4492c3b27296314f63303c551daac09c873
[00:31:46] [Worker-Main-1/DEBUG] (Mod Menu/Update Checker) Hash for fabric-game-rule-api-v1 is 9f82d053840bb789864bdc86410d0fc34437f65317f3b3fa881b3ec844c5e62e434e8604755ecae58052c2b9c8b86a9dfae4e434eaca7dc7fcd59b1a51f64b3c
[00:31:46] [Worker-Main-1/DEBUG] (Mod Menu/Update Checker) Hash for fabric-api-base is 64b479a2ca2e2366d11ca1a55e1076bfd8f654cdd65faa5e3ee2840fe52fbd52aa4b43d894756af1dd7fa10ab48e11ce4bf9d578661dcaf588808dffac2d0235
[00:31:46] [Worker-Main-1/DEBUG] (Mod Menu/Update Checker) Hash for fabric-model-loading-api-v1 is b9723272e5d6355a630ce05318ad4882ce32923961c7afb40860f8a2255e04e7a79aa31b6e097e7f03b0cd600ae7d96e310ca5b9226b372a77fdb4d478768d4d
[00:31:46] [Render thread/DEBUG] (FabricLoader/Mixin) Mixing KeyBindingCategoryMixin from fabric-key-binding-api-v1.mixins.json into net.minecraft.client.option.KeyBinding$Category
[00:31:46] [Render thread/DEBUG] (FabricLoader/Mixin) fabric-key-binding-api-v1.mixins.json:KeyBindingCategoryMixin from mod fabric-key-binding-api-v1->@Inject::onReturnRegister(Lnet/minecraft/util/Identifier;Lorg/spongepowered/asm/mixin/injection/callback/CallbackInfoReturnable;)V doesn't use it's CallbackInfoReturnable
[00:31:46] [Worker-Main-1/DEBUG] (Mod Menu/Update Checker) Hash for mixinextras is 662569eac1cf6cee5e8ce56925b2cf522e6c35279094b8b518b679d59cb1f453c34b91eecdd3226cafb4b4063044b418d25ce6ffaea410c7ac2670180533c30a
[00:31:46] [Worker-Main-1/DEBUG] (Mod Menu/Update Checker) Hash for fabric-data-attachment-api-v1 is 2e6f80c8cd25d05b7cb2f2c8368f8af39a63b0b10d7adaf402b32518a23a39fb32c31a22c5bba173939e31ed8af471651767779a9a04535755986fd18e283295
[00:31:46] [Worker-Main-1/DEBUG] (Mod Menu/Update Checker) Hash for fabric-api-lookup-api-v1 is f03299101327811590d5c00bc7e33d0d44d7dab719b1d7721dcd96c3714c6a0ac9054381f513d0402000a5f3ce0f07a80cc292dbd40d9f5b815acb64d12b7bc5
[00:31:46] [Worker-Main-1/DEBUG] (Mod Menu/Update Checker) Hash for fabric-screen-handler-api-v1 is 636417380b8a2426a5ca5053bede2ced96116bda92f0ac7bdde549509f4da92c2e8e7513d1107e799df11cc88f7d32e0d850b078d650471524ee4d76cba9ef03
[00:31:46] [Worker-Main-1/DEBUG] (Mod Menu/Update Checker) Hash for modmenu is 6a6a02911e065fc87265b915193fd4ad6dfbacc7dd6da53151eddbb4c08c6c1f57cc68d97af02d64f253e5f3e3f9110e715408489672b32c435c52e0467053ae
[00:31:46] [Worker-Main-1/DEBUG] (Mod Menu/Update Checker) Hash for fabric-block-api-v1 is fb0da32eddc6ddc2fae6d772fb01d95cea31c1b2a6f0490bcb7bc46f5e642483e890e474394da4e49761776ead1fb44aeb936c1e136e8be3fd6bec707c29d17e
[00:31:46] [Worker-Main-1/DEBUG] (Mod Menu/Update Checker) Hash for fabric-tag-api-v1 is 15894bc4daa1ebbe40fce26a684fae2b10ba625414c71172437807fb0a529026948ad2f00faa212be7d9ac813fd259804bf21dfa52dfda6c01934ef7f0cca8b0
[00:31:46] [Worker-Main-1/DEBUG] (Mod Menu/Update Checker) Hash for fabric-api is d2ac0a930dd0b2d5f169b0572aabc64fceb85d08a509d5f229a6a49eac410379d95ced698abb03adccac24a1fcb033f5d4d8055701b46e880503e2baa3c89eb7
[00:31:46] [Worker-Main-1/DEBUG] (Mod Menu/Update Checker) Hash for fabric-convention-tags-v2 is 587feffee173c9d8a993473e41293dd409e9134c8be9a4760379dc2e9a07d1ed560151c2ff5006607ed5f8718d30e37c0f1ef128c04ee4011dd3250361050dcf
[00:31:46] [Worker-Main-1/DEBUG] (Mod Menu/Update Checker) Hash for fabric-events-interaction-v0 is 99a6b7ea39f5fafdf126410f9fd9190792cd6b21da01569b8585cb665a7e0c67e46aa0705870306064d633f2937d8c71c379842691cb7243d95a8a8354c5b0b9
[00:31:46] [Worker-Main-1/DEBUG] (Mod Menu/Update Checker) Hash for fabric-crash-report-info-v1 is 2785b028e1fd39b196be1b95c10b72848cf1570d0069d013c0621730a536dcec8bcb99761866635d419a17a24a5ddd6c52265f138c595c4cbd62e2262a35b5ae
[00:31:46] [Worker-Main-1/DEBUG] (Mod Menu/Update Checker) Hash for fabric-convention-tags-v1 is c1ecdefeeb13009ec71864cfebffab246ff544aa463662d14dbf10606c8f41b9e6bbbdbd6ce8eb5afe196664e61e1644af2d898b51fc52a4fe7c55ac07f03da1
[00:31:46] [Worker-Main-1/DEBUG] (Mod Menu/Update Checker) Hash for fabric-recipe-api-v1 is 29d2fb31adedd2846dc163a1761b619ea941254580d649875a4aafb7c2ba981ac1b93e8a54eacc3f8ce856b1fb142d59e9c2de3dfdf09dd5e872276f8f6d15ac
[00:31:46] [Worker-Main-1/DEBUG] (Mod Menu/Update Checker) Hash for fabric-key-binding-api-v1 is 7ec55e96600574e590d519718eeb2700334b6cca885a1da6f3a0925bfaaa6fca088180a919767f899e28a523e627b3a03c999546721cdb187edfc0f58a9f416b
[00:31:46] [Worker-Main-1/DEBUG] (Mod Menu/Update Checker) Hash for fabric-resource-loader-v0 is afdf6ccbdd2447c19d1615a18e3489cb356d12dac11f14e1750253b7365d957d3a6aa3528286de0f7cd1154a82c786e3bfcd9e0c58a0dd14154fb4eeb7cf8ac6
[00:31:46] [Worker-Main-1/DEBUG] (Mod Menu/Update Checker) Hash for fabric-resource-loader-v1 is ae4eba16724c6a22be214b3426421052cb3a379660c4caf35004d21118f71c758a8b9063f5a93da21564219e132f84e60c64056eae38f76ce4f458e0ba08fe4b
[00:31:46] [Worker-Main-1/DEBUG] (Mod Menu/Update Checker) Hash for fabric-block-view-api-v2 is 2f588a8de11bf858b2bd13595d68894bb2d94fce3b198ea373d4b87245bc18ba927731f9fce4589c2fe2cabbb0c54a59d6c435ea97201723c6833cae0980edac
[00:31:46] [Worker-Main-1/DEBUG] (Mod Menu/Update Checker) Hash for fabric-gametest-api-v1 is c8a5f9f6bf9d71f2a369f247895866902db2998cb428721690f03f3dbd6b10d378be2ab67657cd64012fec14954b21cf573d05e510794939ae3a26ed2424a6d2
[00:31:46] [Worker-Main-1/DEBUG] (Mod Menu/Update Checker) Hash for fabric-registry-sync-v0 is d9b356cfad3e8f22e56af5e8f46ab95158ed2da45264a7cfb907dd3e19b6a5e9027e9550464d12f26ddf93ca4067656873de732b7d132e002373728da7611f35
[00:31:46] [Render thread/DEBUG] (FabricLoader/Mixin) Mixing ClientPlayNetworkHandlerMixin from fabric-message-api-v1.client.mixins.json into net.minecraft.client.network.ClientPlayNetworkHandler
[00:31:46] [Render thread/DEBUG] (FabricLoader/Mixin) Mixing ClientPlayNetworkHandlerMixin from fabric-networking-api-v1.client.mixins.json into net.minecraft.client.network.ClientPlayNetworkHandler
[00:31:46] [Worker-Main-1/DEBUG] (Mod Menu/Update Checker) Hash for cloth-config is a385f0865124c0ce7fee997da9f4112a51ea9eaf103755a54b013eb6d5fe14fe48be6475d73832089d1847ce41664d4623d83f42ada5e2b1c6d0cee4fe40d190
[00:31:46] [Render thread/DEBUG] (FabricLoader/Mixin) Mixing ClientPlayNetworkHandlerMixin from fabric-command-api-v2.client.mixins.json into net.minecraft.client.network.ClientPlayNetworkHandler
[00:31:46] [Worker-Main-1/DEBUG] (Mod Menu/Update Checker) Hash for fabric-networking-api-v1 is 6734e7eae18c722881303e8e51d3f3812deca1c54a8c052f9f22fc7887a70d4c0b87098d839b668a253e66c098a130ead59e9346d30be6116ec9d8750cb57cb4
[00:31:46] [Render thread/DEBUG] (FabricLoader/Mixin) Mixing ClientPlayNetworkHandlerMixin from fabric-data-attachment-api-v1.client.mixins.json into net.minecraft.client.network.ClientPlayNetworkHandler
[00:31:46] [Worker-Main-1/DEBUG] (Mod Menu/Update Checker) Hash for fabric-renderer-api-v1 is 0397c910f448bf5a418d958f96edcd8ac937afdd820a55c73d65bafae30e06d62c62f1b33c23fc75d77bd4612b4fdcae0410a5f1826715991fed2a566ef10ff3
[00:31:46] [Render thread/DEBUG] (FabricLoader/Mixin) Mixing core.world.map.ClientPacketListenerMixin from sodium-common.mixins.json into net.minecraft.client.network.ClientPlayNetworkHandler
[00:31:46] [Render thread/DEBUG] (FabricLoader/Mixin) sodium-common.mixins.json:core.world.map.ClientPacketListenerMixin from mod sodium: Class version 65 required is higher than the class version supported by the current version of Mixin (JAVA_17 supports class version 61)
[00:31:46] [Worker-Main-1/DEBUG] (Mod Menu/Update Checker) Hash for fabric-object-builder-api-v1 is 018570f475810c345ae3ed4c99bfc0e3e93af3cb2330fb377d40c81c2d1eb1d278a5e91d5861f427562ee49091b04c70951414abb57bd8a8dde57edaf58f8f67
[00:31:46] [Render thread/DEBUG] (FabricLoader/Mixin) Mixing sync.ClientPlayNetworkHandlerMixin from fabric-recipe-api-v1.client.mixins.json into net.minecraft.client.network.ClientPlayNetworkHandler
[00:31:46] [Render thread/DEBUG] (FabricLoader/Mixin) Mixing ClientPlayNetworkHandlerMixin from fabric-lifecycle-events-v1.client.mixins.json into net.minecraft.client.network.ClientPlayNetworkHandler
[00:31:46] [Worker-Main-1/DEBUG] (Mod Menu/Update Checker) Hash for fabric-client-gametest-api-v1 is 94a850459382fbc31a3ca7ebe344a1fee6e5d3101649ffb7ced0be149589363642e3cb56ae8c7d5d6742966574064ff7aeb890af4303afd06e7fa7aa17dcbbcc
[00:31:46] [Worker-Main-1/DEBUG] (Mod Menu/Update Checker) Hash for fabric-resource-conditions-api-v1 is 6c75766b4f219e72f8fccc770faf904c9d56b7ac643816e9db1e0c7a7763777c826aa34fbc7ae997b3e5fc6a44e77b156e8a07be1df65c08462642ce1e3df06b
[00:31:46] [Worker-Main-1/DEBUG] (Mod Menu/Update Checker) Hash for fabric-sound-api-v1 is 10ae3a10e786c403e8f056b209e47f8bf28d7722d4d82ed2f4629167c1615ffd78c9e374a09037ccbc9720d32d09b4f3add194230c2f81d33dce4eff501e29c8
[00:31:46] [Worker-Main-1/DEBUG] (Mod Menu/Update Checker) Hash for fabric-rendering-fluids-v1 is 0f0a662a1ec535a5626326d518189a9efa60247701b7edcc55a0068c380f206dd08f6a10b6bfc91accfb8bec11cf402df2868480f0e27c4ea9bcec12345ef294
[00:31:46] [Worker-Main-1/DEBUG] (Mod Menu/Update Checker) Hash for fabric-lifecycle-events-v1 is f3162e78adae22c5cebc37f4d3cd00126b30518beb9c8de456130aad0e6de732afc3a9558195c1fe83307ffc08fbb69286d33ea5d7e01020525619482e51adc2
[00:31:46] [Worker-Main-1/DEBUG] (Mod Menu/Update Checker) Hash for sodium is 1cccdc75d972f5c176a488dcc84cce7320b608a2d105412f2847245affbf5aa22b1995eda392132453fa6e1a9154ac99a87acaf8d7989b9f1a23ac1059a93daf
[00:31:46] [Worker-Main-1/DEBUG] (Mod Menu/Update Checker) Hash for fabric-particles-v1 is 2d4fbc769442b2debe61f78c4dba184be25d376ca3a800906f2a9d1dcdaea175b08edbde27f50ceae65ce4a9ba2f8429b4d7bf8fbade5ee3ebce6ecfc88b6101
[00:31:46] [Worker-Main-1/DEBUG] (Mod Menu/Update Checker) Hash for fabric-data-generation-api-v1 is 445ef625036900b572a56ab9b92f96af0ca77aa58a0b92714d3e6aaf451545b2b4d92c50bd5213f18f297d794de01e8869ebe912e67b1866f688470a417beca5
[00:31:46] [Worker-Main-1/DEBUG] (Mod Menu/Update Checker) Hash for fabric-command-api-v2 is c68587be8106c051d0dd48b610a9d00d3f00b187186ace5c5a8b784c4f5314822f949ef97d67839cd2fb185daed7c91986a836cf650f1104b088725846abc823
[00:31:46] [Worker-Main-1/DEBUG] (Mod Menu/Update Checker) Hash for cloth-basic-math is ccb9a3f9c5e8a19fc4002a1cf7dc288750e15f50d4f9ef3afdbc0aa75ed23c812f99e6f7cf25ae4dc313e7115a2653dcd73dd5a092ba0e798c085f3ce71b67e3
[00:31:46] [Worker-Main-1/DEBUG] (Mod Menu/Update Checker) Hash for jade is 17a5bfa8c1884dcf8d5226158a079ebfd7dabd4365f4d8974a165e979c24eb7de5d1f4d8d6a3dd41b17cf7645aa69222dc7904dbaaf40eac8518b7c62a266646
[00:31:46] [Worker-Main-1/DEBUG] (Mod Menu/Update Checker) Hash for fabric-screen-api-v1 is b9b0fc85e40f0aed598bd5c08049ce8953333d211764762e1617d12456a3a27302a1df4d6df3232126952b238164cf6f8db11b1bb48d082b5b1f1c10275ed7c0
[00:31:46] [Render thread/DEBUG] (FabricLoader/Mixin) fabric-message-api-v1.client.mixins.json:ClientPlayNetworkHandlerMixin from mod fabric-message-api-v1->@Inject::fabric_allowSendChatMessage(Ljava/lang/String;Lorg/spongepowered/asm/mixin/injection/callback/CallbackInfo;)V does use it's CallbackInfo
[00:31:46] [Worker-Main-1/DEBUG] (Mod Menu/Update Checker) Hash for fabric-renderer-indigo is d30780859cab97d6096824101db352e6b1fa65a3ef30efa805945b055a6a591013d695010e5d8b0fa9336bc38d0a6cea02d60a2262fde5a065db3f96af322270
[00:31:46] [Render thread/DEBUG] (FabricLoader/Mixin) fabric-message-api-v1.client.mixins.json:ClientPlayNetworkHandlerMixin from mod fabric-message-api-v1->@Inject::fabric_allowSendCommandMessage(Ljava/lang/String;Lorg/spongepowered/asm/mixin/injection/callback/CallbackInfo;)V does use it's CallbackInfo
[00:31:46] [Render thread/DEBUG] (FabricLoader/Mixin) fabric-networking-api-v1.client.mixins.json:ClientPlayNetworkHandlerMixin from mod fabric-networking-api-v1->@Inject::initAddon(Lorg/spongepowered/asm/mixin/injection/callback/CallbackInfo;)V doesn't use it's CallbackInfo
[00:31:46] [Render thread/DEBUG] (FabricLoader/Mixin) fabric-networking-api-v1.client.mixins.json:ClientPlayNetworkHandlerMixin from mod fabric-networking-api-v1->@Inject::initAddon(Lorg/spongepowered/asm/mixin/injection/callback/CallbackInfo;)V has 0 override(s) in child classes
[00:31:46] [Render thread/DEBUG] (FabricLoader/Mixin) fabric-networking-api-v1.client.mixins.json:ClientPlayNetworkHandlerMixin from mod fabric-networking-api-v1->@Inject::initAddon(Lorg/spongepowered/asm/mixin/injection/callback/CallbackInfo;)V won't be passed a CallbackInfo as a result
[00:31:46] [Worker-Main-1/DEBUG] (Mod Menu/Update Checker) Hash for fabric-item-api-v1 is 3e2638559df4ddb85ebb88beb2205b1feb5d842ad7b5339c016139792f4e7f99cbe6dd719162f02daaefec649fe85b4fb1d0e35bcb0ef3665086e2406a114bc6
[00:31:46] [Render thread/DEBUG] (FabricLoader/Mixin) fabric-networking-api-v1.client.mixins.json:ClientPlayNetworkHandlerMixin from mod fabric-networking-api-v1->@Inject::handleServerPlayReady(Lnet/minecraft/network/packet/s2c/play/GameJoinS2CPacket;Lorg/spongepowered/asm/mixin/injection/callback/CallbackInfo;)V doesn't use it's CallbackInfo
[00:31:46] [Render thread/DEBUG] (FabricLoader/Mixin) fabric-networking-api-v1.client.mixins.json:ClientPlayNetworkHandlerMixin from mod fabric-networking-api-v1->@Inject::handleServerPlayReady(Lnet/minecraft/network/packet/s2c/play/GameJoinS2CPacket;Lorg/spongepowered/asm/mixin/injection/callback/CallbackInfo;)V has 0 override(s) in child classes
[00:31:46] [Render thread/DEBUG] (FabricLoader/Mixin) fabric-networking-api-v1.client.mixins.json:ClientPlayNetworkHandlerMixin from mod fabric-networking-api-v1->@Inject::handleServerPlayReady(Lnet/minecraft/network/packet/s2c/play/GameJoinS2CPacket;Lorg/spongepowered/asm/mixin/injection/callback/CallbackInfo;)V won't be passed a CallbackInfo as a result
[00:31:46] [Render thread/DEBUG] (FabricLoader/Mixin) fabric-command-api-v2.client.mixins.json:ClientPlayNetworkHandlerMixin from mod fabric-command-api-v2->@Inject::onGameJoin(Lnet/minecraft/network/packet/s2c/play/GameJoinS2CPacket;Lorg/spongepowered/asm/mixin/injection/callback/CallbackInfo;)V doesn't use it's CallbackInfo
[00:31:46] [Render thread/DEBUG] (FabricLoader/Mixin) fabric-command-api-v2.client.mixins.json:ClientPlayNetworkHandlerMixin from mod fabric-command-api-v2->@Inject::onGameJoin(Lnet/minecraft/network/packet/s2c/play/GameJoinS2CPacket;Lorg/spongepowered/asm/mixin/injection/callback/CallbackInfo;)V has 0 override(s) in child classes
[00:31:46] [Render thread/DEBUG] (FabricLoader/Mixin) fabric-command-api-v2.client.mixins.json:ClientPlayNetworkHandlerMixin from mod fabric-command-api-v2->@Inject::onGameJoin(Lnet/minecraft/network/packet/s2c/play/GameJoinS2CPacket;Lorg/spongepowered/asm/mixin/injection/callback/CallbackInfo;)V won't be passed a CallbackInfo as a result
[00:31:46] [Worker-Main-1/DEBUG] (Mod Menu/Update Checker) Hash for fabric-item-group-api-v1 is f973ebdaf589bce5f3d991070b8c3aec1272bb2d479f30be48daf1e1a56e91bf94b07b37e01d9257538532b947ed93a835d5853883a6fda9a35b523b35f1b4f5
[00:31:46] [Render thread/DEBUG] (FabricLoader/Mixin) fabric-command-api-v2.client.mixins.json:ClientPlayNetworkHandlerMixin from mod fabric-command-api-v2->@Inject::onOnCommandTree(Lnet/minecraft/network/packet/s2c/play/CommandTreeS2CPacket;Lorg/spongepowered/asm/mixin/injection/callback/CallbackInfo;)V doesn't use it's CallbackInfo
[00:31:46] [Render thread/DEBUG] (FabricLoader/Mixin) fabric-command-api-v2.client.mixins.json:ClientPlayNetworkHandlerMixin from mod fabric-command-api-v2->@Inject::onOnCommandTree(Lnet/minecraft/network/packet/s2c/play/CommandTreeS2CPacket;Lorg/spongepowered/asm/mixin/injection/callback/CallbackInfo;)V has 0 override(s) in child classes
[00:31:46] [Render thread/DEBUG] (FabricLoader/Mixin) fabric-command-api-v2.client.mixins.json:ClientPlayNetworkHandlerMixin from mod fabric-command-api-v2->@Inject::onOnCommandTree(Lnet/minecraft/network/packet/s2c/play/CommandTreeS2CPacket;Lorg/spongepowered/asm/mixin/injection/callback/CallbackInfo;)V won't be passed a CallbackInfo as a result
[00:31:46] [Render thread/DEBUG] (FabricLoader/Mixin) fabric-command-api-v2.client.mixins.json:ClientPlayNetworkHandlerMixin from mod fabric-command-api-v2->@Inject::setLastReceivedCommandsPacket(Lnet/minecraft/network/packet/s2c/play/CommandTreeS2CPacket;Lorg/spongepowered/asm/mixin/injection/callback/CallbackInfo;)V doesn't use it's CallbackInfo
[00:31:46] [Render thread/DEBUG] (FabricLoader/Mixin) fabric-command-api-v2.client.mixins.json:ClientPlayNetworkHandlerMixin from mod fabric-command-api-v2->@Inject::setLastReceivedCommandsPacket(Lnet/minecraft/network/packet/s2c/play/CommandTreeS2CPacket;Lorg/spongepowered/asm/mixin/injection/callback/CallbackInfo;)V has 0 override(s) in child classes
[00:31:46] [Render thread/DEBUG] (FabricLoader/Mixin) fabric-command-api-v2.client.mixins.json:ClientPlayNetworkHandlerMixin from mod fabric-command-api-v2->@Inject::setLastReceivedCommandsPacket(Lnet/minecraft/network/packet/s2c/play/CommandTreeS2CPacket;Lorg/spongepowered/asm/mixin/injection/callback/CallbackInfo;)V won't be passed a CallbackInfo as a result
[00:31:46] [Render thread/DEBUG] (FabricLoader/Mixin) fabric-command-api-v2.client.mixins.json:ClientPlayNetworkHandlerMixin from mod fabric-command-api-v2->@Inject::onSendCommand(Ljava/lang/String;Lnet/minecraft/client/gui/screen/Screen;Lorg/spongepowered/asm/mixin/injection/callback/CallbackInfo;)V does use it's CallbackInfo
[00:31:46] [Worker-Main-1/DEBUG] (Mod Menu/Update Checker) Hash for fabric-serialization-api-v1 is a93e89c3105f0b69a918346713fe4be39e64de36f41a108bc23a767232b842f7c97678420fd56375f572378f0d324f79d7fe43413434ec3f710b0d087dbe2dc0
[00:31:46] [Render thread/DEBUG] (FabricLoader/Mixin) fabric-command-api-v2.client.mixins.json:ClientPlayNetworkHandlerMixin from mod fabric-command-api-v2->@Inject::onSendCommand(Ljava/lang/String;Lorg/spongepowered/asm/mixin/injection/callback/CallbackInfo;)V does use it's CallbackInfo
[00:31:46] [Render thread/DEBUG] (FabricLoader/Mixin) sodium-common.mixins.json:core.world.map.ClientPacketListenerMixin from mod sodium->@Inject::onLightDataReceived(IILnet/minecraft/network/packet/s2c/play/LightData;ZLorg/spongepowered/asm/mixin/injection/callback/CallbackInfo;)V doesn't use it's CallbackInfo
[00:31:46] [Render thread/DEBUG] (FabricLoader/Mixin) sodium-common.mixins.json:core.world.map.ClientPacketListenerMixin from mod sodium->@Inject::onLightDataReceived(IILnet/minecraft/network/packet/s2c/play/LightData;ZLorg/spongepowered/asm/mixin/injection/callback/CallbackInfo;)V has 0 override(s) in child classes
[00:31:46] [Render thread/DEBUG] (FabricLoader/Mixin) sodium-common.mixins.json:core.world.map.ClientPacketListenerMixin from mod sodium->@Inject::onLightDataReceived(IILnet/minecraft/network/packet/s2c/play/LightData;ZLorg/spongepowered/asm/mixin/injection/callback/CallbackInfo;)V won't be passed a CallbackInfo as a result
[00:31:46] [Render thread/DEBUG] (FabricLoader/Mixin) sodium-common.mixins.json:core.world.map.ClientPacketListenerMixin from mod sodium->@Inject::onChunkUnloadPacket(Lnet/minecraft/network/packet/s2c/play/UnloadChunkS2CPacket;Lorg/spongepowered/asm/mixin/injection/callback/CallbackInfo;)V doesn't use it's CallbackInfo
[00:31:46] [Render thread/DEBUG] (FabricLoader/Mixin) sodium-common.mixins.json:core.world.map.ClientPacketListenerMixin from mod sodium->@Inject::onChunkUnloadPacket(Lnet/minecraft/network/packet/s2c/play/UnloadChunkS2CPacket;Lorg/spongepowered/asm/mixin/injection/callback/CallbackInfo;)V has 0 override(s) in child classes
[00:31:46] [Worker-Main-1/DEBUG] (Mod Menu/Update Checker) Hash for fabric-entity-events-v1 is c6e3b91d7246d084b266c9236473d9ee59d7429803a06b10aa09a523606a3f4a8a61c4bb5e8c09cbaa8cd1e7ca9285e35ec93ccef6407f5f34588b7f8aa545cf
[00:31:46] [Render thread/DEBUG] (FabricLoader/Mixin) sodium-common.mixins.json:core.world.map.ClientPacketListenerMixin from mod sodium->@Inject::onChunkUnloadPacket(Lnet/minecraft/network/packet/s2c/play/UnloadChunkS2CPacket;Lorg/spongepowered/asm/mixin/injection/callback/CallbackInfo;)V won't be passed a CallbackInfo as a result
[00:31:46] [Render thread/DEBUG] (FabricLoader/Mixin) fabric-lifecycle-events-v1.client.mixins.json:ClientPlayNetworkHandlerMixin from mod fabric-lifecycle-events-v1->@Inject::onPlayerRespawn(Lnet/minecraft/network/packet/s2c/play/PlayerRespawnS2CPacket;Lorg/spongepowered/asm/mixin/injection/callback/CallbackInfo;)V doesn't use it's CallbackInfo
[00:31:46] [Render thread/DEBUG] (FabricLoader/Mixin) fabric-lifecycle-events-v1.client.mixins.json:ClientPlayNetworkHandlerMixin from mod fabric-lifecycle-events-v1->@Inject::onPlayerRespawn(Lnet/minecraft/network/packet/s2c/play/PlayerRespawnS2CPacket;Lorg/spongepowered/asm/mixin/injection/callback/CallbackInfo;)V has 0 override(s) in child classes
[00:31:46] [Render thread/DEBUG] (FabricLoader/Mixin) fabric-lifecycle-events-v1.client.mixins.json:ClientPlayNetworkHandlerMixin from mod fabric-lifecycle-events-v1->@Inject::onPlayerRespawn(Lnet/minecraft/network/packet/s2c/play/PlayerRespawnS2CPacket;Lorg/spongepowered/asm/mixin/injection/callback/CallbackInfo;)V won't be passed a CallbackInfo as a result
[00:31:46] [Render thread/DEBUG] (FabricLoader/Mixin) fabric-lifecycle-events-v1.client.mixins.json:ClientPlayNetworkHandlerMixin from mod fabric-lifecycle-events-v1->@Inject::onGameJoin(Lnet/minecraft/network/packet/s2c/play/GameJoinS2CPacket;Lorg/spongepowered/asm/mixin/injection/callback/CallbackInfo;)V doesn't use it's CallbackInfo
[00:31:46] [Render thread/DEBUG] (FabricLoader/Mixin) fabric-lifecycle-events-v1.client.mixins.json:ClientPlayNetworkHandlerMixin from mod fabric-lifecycle-events-v1->@Inject::onGameJoin(Lnet/minecraft/network/packet/s2c/play/GameJoinS2CPacket;Lorg/spongepowered/asm/mixin/injection/callback/CallbackInfo;)V has 0 override(s) in child classes
[00:31:46] [Render thread/DEBUG] (FabricLoader/Mixin) fabric-lifecycle-events-v1.client.mixins.json:ClientPlayNetworkHandlerMixin from mod fabric-lifecycle-events-v1->@Inject::onGameJoin(Lnet/minecraft/network/packet/s2c/play/GameJoinS2CPacket;Lorg/spongepowered/asm/mixin/injection/callback/CallbackInfo;)V won't be passed a CallbackInfo as a result
[00:31:46] [Render thread/DEBUG] (FabricLoader/Mixin) fabric-lifecycle-events-v1.client.mixins.json:ClientPlayNetworkHandlerMixin from mod fabric-lifecycle-events-v1->@Inject::onClearWorld(Lorg/spongepowered/asm/mixin/injection/callback/CallbackInfo;)V doesn't use it's CallbackInfo
[00:31:46] [Render thread/DEBUG] (FabricLoader/Mixin) fabric-lifecycle-events-v1.client.mixins.json:ClientPlayNetworkHandlerMixin from mod fabric-lifecycle-events-v1->@Inject::onClearWorld(Lorg/spongepowered/asm/mixin/injection/callback/CallbackInfo;)V has 0 override(s) in child classes
[00:31:46] [Render thread/DEBUG] (FabricLoader/Mixin) fabric-lifecycle-events-v1.client.mixins.json:ClientPlayNetworkHandlerMixin from mod fabric-lifecycle-events-v1->@Inject::onClearWorld(Lorg/spongepowered/asm/mixin/injection/callback/CallbackInfo;)V won't be passed a CallbackInfo as a result
[00:31:46] [Render thread/DEBUG] (FabricLoader/Mixin) fabric-lifecycle-events-v1.client.mixins.json:ClientPlayNetworkHandlerMixin from mod fabric-lifecycle-events-v1->@Inject::invokeTagsLoaded(Lnet/minecraft/network/packet/s2c/common/SynchronizeTagsS2CPacket;Lorg/spongepowered/asm/mixin/injection/callback/CallbackInfo;)V doesn't use it's CallbackInfo
[00:31:46] [Render thread/DEBUG] (FabricLoader/Mixin) fabric-lifecycle-events-v1.client.mixins.json:ClientPlayNetworkHandlerMixin from mod fabric-lifecycle-events-v1->@Inject::invokeTagsLoaded(Lnet/minecraft/network/packet/s2c/common/SynchronizeTagsS2CPacket;Lorg/spongepowered/asm/mixin/injection/callback/CallbackInfo;)V has 0 override(s) in child classes
[00:31:46] [Render thread/DEBUG] (FabricLoader/Mixin) fabric-lifecycle-events-v1.client.mixins.json:ClientPlayNetworkHandlerMixin from mod fabric-lifecycle-events-v1->@Inject::invokeTagsLoaded(Lnet/minecraft/network/packet/s2c/common/SynchronizeTagsS2CPacket;Lorg/spongepowered/asm/mixin/injection/callback/CallbackInfo;)V won't be passed a CallbackInfo as a result
[00:31:46] [Worker-Main-1/DEBUG] (Mod Menu/Update Checker) Hash for fabric-rendering-v1 is c47b978f5d467de5af09e5cadcdf14210a8fd295208b66d70e651141fef5e6177d3f19d063a41fe79e6f2006bc0ad114b7ecb564e4edfd43f02e708e7e3a5bb3
[00:31:46] [Worker-Main-1/DEBUG] (Mod Menu/Update Checker) Hash for fabric-content-registries-v0 is e807d8e90e92cbf12b372399ebd2b23ea7ad203ad993575116af79665d4004099167b01f0b6096e57e13349004d401336ef840e1573bba759ea2288c98f4009f
[00:31:46] [Worker-Main-1/DEBUG] (Mod Menu/Update Checker) Hash for fabric-biome-api-v1 is 014840c64e00f582bca78a90985e65425742290206761806246de62063e2079e8e996d2ef2e989892e7ee9c380248dc7d21699a913c9032cf57b94d700307e83
[00:31:46] [Worker-Main-1/DEBUG] (Mod Menu/Update Checker) Hash for fabric-loot-api-v3 is d9cd0ce73a6f761a0cab5dc6084559746c6433354c676ac14acb5dcfca61538354c295fa28966b8daa2e30cb610a2eba6999075fefb209be773367576d16b593
[00:31:46] [Worker-Main-1/DEBUG] (Mod Menu/Update Checker) Hash for fabric-loot-api-v2 is 48a63ab7ca22948bbcbca224c9a17c849bebb74f70f5c88c4e871714afcab1a23160ffdd4be8f49caa34f1e5882d35e4dd436361df4c26d78d5fba6c7d98c5db
[00:31:46] [Worker-Main-1/DEBUG] (Mod Menu/Update Checker) Hash for fabric-message-api-v1 is 418e1a9d797d4cfbb5ea55720add3fba58990338f450b800fe403f0c1942d47cc37841a80fd4a4dfeafb550b989e8254e33e984103267f21868016fa2562cfeb
[00:31:46] [Worker-Main-1/DEBUG] (Mod Menu/Update Checker) Hash for fabric-transitive-access-wideners-v1 is 7ff31c215d3df34f85f1d5ad53c29456ddad53399aaf5dd5dc42fc29bd1822fc636995832e222e7d6b9bff064a2a7db88382fa68c39cc75c0b010264888f5071
[00:31:46] [Render thread/DEBUG] (FabricLoader/Mixin) Mixing accessor.ClientCommonNetworkHandlerAccessor from fabric-networking-api-v1.client.mixins.json into net.minecraft.client.network.ClientCommonNetworkHandler
[00:31:46] [Render thread/DEBUG] (FabricLoader/Mixin) Mixing ClientCommonNetworkHandlerMixin from fabric-networking-api-v1.client.mixins.json into net.minecraft.client.network.ClientCommonNetworkHandler
[00:31:46] [Render thread/DEBUG] (FabricLoader/Mixin) fabric-networking-api-v1.client.mixins.json:ClientCommonNetworkHandlerMixin from mod fabric-networking-api-v1->@Inject::onCustomPayload(Lnet/minecraft/network/packet/s2c/common/CustomPayloadS2CPacket;Lorg/spongepowered/asm/mixin/injection/callback/CallbackInfo;)V does use it's CallbackInfo
[00:31:46] [ModMenu/Update Checker/2/DEBUG] (Mod Menu/Update Checker) Body: {
  "hashes": [
    "94a850459382fbc31a3ca7ebe344a1fee6e5d3101649ffb7ced0be149589363642e3cb56ae8c7d5d6742966574064ff7aeb890af4303afd06e7fa7aa17dcbbcc",
    "48a63ab7ca22948bbcbca224c9a17c849bebb74f70f5c88c4e871714afcab1a23160ffdd4be8f49caa34f1e5882d35e4dd436361df4c26d78d5fba6c7d98c5db",
    "9f82d053840bb789864bdc86410d0fc34437f65317f3b3fa881b3ec844c5e62e434e8604755ecae58052c2b9c8b86a9dfae4e434eaca7dc7fcd59b1a51f64b3c",
    "014840c64e00f582bca78a90985e65425742290206761806246de62063e2079e8e996d2ef2e989892e7ee9c380248dc7d21699a913c9032cf57b94d700307e83",
    "a93e89c3105f0b69a918346713fe4be39e64de36f41a108bc23a767232b842f7c97678420fd56375f572378f0d324f79d7fe43413434ec3f710b0d087dbe2dc0",
    "17a5bfa8c1884dcf8d5226158a079ebfd7dabd4365f4d8974a165e979c24eb7de5d1f4d8d6a3dd41b17cf7645aa69222dc7904dbaaf40eac8518b7c62a266646",
    "662569eac1cf6cee5e8ce56925b2cf522e6c35279094b8b518b679d59cb1f453c34b91eecdd3226cafb4b4063044b418d25ce6ffaea410c7ac2670180533c30a",
    "ccb9a3f9c5e8a19fc4002a1cf7dc288750e15f50d4f9ef3afdbc0aa75ed23c812f99e6f7cf25ae4dc313e7115a2653dcd73dd5a092ba0e798c085f3ce71b67e3",
    "c8a5f9f6bf9d71f2a369f247895866902db2998cb428721690f03f3dbd6b10d378be2ab67657cd64012fec14954b21cf573d05e510794939ae3a26ed2424a6d2",
    "636417380b8a2426a5ca5053bede2ced96116bda92f0ac7bdde549509f4da92c2e8e7513d1107e799df11cc88f7d32e0d850b078d650471524ee4d76cba9ef03",
    "0f0a662a1ec535a5626326d518189a9efa60247701b7edcc55a0068c380f206dd08f6a10b6bfc91accfb8bec11cf402df2868480f0e27c4ea9bcec12345ef294",
    "c47b978f5d467de5af09e5cadcdf14210a8fd295208b66d70e651141fef5e6177d3f19d063a41fe79e6f2006bc0ad114b7ecb564e4edfd43f02e708e7e3a5bb3",
    "b9b0fc85e40f0aed598bd5c08049ce8953333d211764762e1617d12456a3a27302a1df4d6df3232126952b238164cf6f8db11b1bb48d082b5b1f1c10275ed7c0",
    "15894bc4daa1ebbe40fce26a684fae2b10ba625414c71172437807fb0a529026948ad2f00faa212be7d9ac813fd259804bf21dfa52dfda6c01934ef7f0cca8b0",
    "29d2fb31adedd2846dc163a1761b619ea941254580d649875a4aafb7c2ba981ac1b93e8a54eacc3f8ce856b1fb142d59e9c2de3dfdf09dd5e872276f8f6d15ac",
    "f973ebdaf589bce5f3d991070b8c3aec1272bb2d479f30be48daf1e1a56e91bf94b07b37e01d9257538532b947ed93a835d5853883a6fda9a35b523b35f1b4f5",
    "2d4fbc769442b2debe61f78c4dba184be25d376ca3a800906f2a9d1dcdaea175b08edbde27f50ceae65ce4a9ba2f8429b4d7bf8fbade5ee3ebce6ecfc88b6101",
    "3e2638559df4ddb85ebb88beb2205b1feb5d842ad7b5339c016139792f4e7f99cbe6dd719162f02daaefec649fe85b4fb1d0e35bcb0ef3665086e2406a114bc6",
    "7ec55e96600574e590d519718eeb2700334b6cca885a1da6f3a0925bfaaa6fca088180a919767f899e28a523e627b3a03c999546721cdb187edfc0f58a9f416b",
    "6734e7eae18c722881303e8e51d3f3812deca1c54a8c052f9f22fc7887a70d4c0b87098d839b668a253e66c098a130ead59e9346d30be6116ec9d8750cb57cb4",
    "1cccdc75d972f5c176a488dcc84cce7320b608a2d105412f2847245affbf5aa22b1995eda392132453fa6e1a9154ac99a87acaf8d7989b9f1a23ac1059a93daf",
    "a7e1b04a06ccd6f8a0eb7dbb24465d7b3587b8862eb69df838b154601fdd7aa48c9fe82b4f872c0c1f8d895cfb6ff4492c3b27296314f63303c551daac09c873",
    "d9b356cfad3e8f22e56af5e8f46ab95158ed2da45264a7cfb907dd3e19b6a5e9027e9550464d12f26ddf93ca4067656873de732b7d132e002373728da7611f35",
    "6c75766b4f219e72f8fccc770faf904c9d56b7ac643816e9db1e0c7a7763777c826aa34fbc7ae997b3e5fc6a44e77b156e8a07be1df65c08462642ce1e3df06b",
    "ae4eba16724c6a22be214b3426421052cb3a379660c4caf35004d21118f71c758a8b9063f5a93da21564219e132f84e60c64056eae38f76ce4f458e0ba08fe4b",
    "2785b028e1fd39b196be1b95c10b72848cf1570d0069d013c0621730a536dcec8bcb99761866635d419a17a24a5ddd6c52265f138c595c4cbd62e2262a35b5ae",
    "fb0da32eddc6ddc2fae6d772fb01d95cea31c1b2a6f0490bcb7bc46f5e642483e890e474394da4e49761776ead1fb44aeb936c1e136e8be3fd6bec707c29d17e",
    "2e6f80c8cd25d05b7cb2f2c8368f8af39a63b0b10d7adaf402b32518a23a39fb32c31a22c5bba173939e31ed8af471651767779a9a04535755986fd18e283295",
    "10ae3a10e786c403e8f056b209e47f8bf28d7722d4d82ed2f4629167c1615ffd78c9e374a09037ccbc9720d32d09b4f3add194230c2f81d33dce4eff501e29c8",
    "018570f475810c345ae3ed4c99bfc0e3e93af3cb2330fb377d40c81c2d1eb1d278a5e91d5861f427562ee49091b04c70951414abb57bd8a8dde57edaf58f8f67",
    "2f588a8de11bf858b2bd13595d68894bb2d94fce3b198ea373d4b87245bc18ba927731f9fce4589c2fe2cabbb0c54a59d6c435ea97201723c6833cae0980edac",
    "7ff31c215d3df34f85f1d5ad53c29456ddad53399aaf5dd5dc42fc29bd1822fc636995832e222e7d6b9bff064a2a7db88382fa68c39cc75c0b010264888f5071",
    "d30780859cab97d6096824101db352e6b1fa65a3ef30efa805945b055a6a591013d695010e5d8b0fa9336bc38d0a6cea02d60a2262fde5a065db3f96af322270",
    "d2ac0a930dd0b2d5f169b0572aabc64fceb85d08a509d5f229a6a49eac410379d95ced698abb03adccac24a1fcb033f5d4d8055701b46e880503e2baa3c89eb7",
    "0397c910f448bf5a418d958f96edcd8ac937afdd820a55c73d65bafae30e06d62c62f1b33c23fc75d77bd4612b4fdcae0410a5f1826715991fed2a566ef10ff3",
    "b9723272e5d6355a630ce05318ad4882ce32923961c7afb40860f8a2255e04e7a79aa31b6e097e7f03b0cd600ae7d96e310ca5b9226b372a77fdb4d478768d4d",
    "f03299101327811590d5c00bc7e33d0d44d7dab719b1d7721dcd96c3714c6a0ac9054381f513d0402000a5f3ce0f07a80cc292dbd40d9f5b815acb64d12b7bc5",
    "445ef625036900b572a56ab9b92f96af0ca77aa58a0b92714d3e6aaf451545b2b4d92c50bd5213f18f297d794de01e8869ebe912e67b1866f688470a417beca5",
    "afdf6ccbdd2447c19d1615a18e3489cb356d12dac11f14e1750253b7365d957d3a6aa3528286de0f7cd1154a82c786e3bfcd9e0c58a0dd14154fb4eeb7cf8ac6",
    "99a6b7ea39f5fafdf126410f9fd9190792cd6b21da01569b8585cb665a7e0c67e46aa0705870306064d633f2937d8c71c379842691cb7243d95a8a8354c5b0b9",
    "f3162e78adae22c5cebc37f4d3cd00126b30518beb9c8de456130aad0e6de732afc3a9558195c1fe83307ffc08fbb69286d33ea5d7e01020525619482e51adc2",
    "c1ecdefeeb13009ec71864cfebffab246ff544aa463662d14dbf10606c8f41b9e6bbbdbd6ce8eb5afe196664e61e1644af2d898b51fc52a4fe7c55ac07f03da1",
    "e807d8e90e92cbf12b372399ebd2b23ea7ad203ad993575116af79665d4004099167b01f0b6096e57e13349004d401336ef840e1573bba759ea2288c98f4009f",
    "6a6a02911e065fc87265b915193fd4ad6dfbacc7dd6da53151eddbb4c08c6c1f57cc68d97af02d64f253e5f3e3f9110e715408489672b32c435c52e0467053ae",
    "c68587be8106c051d0dd48b610a9d00d3f00b187186ace5c5a8b784c4f5314822f949ef97d67839cd2fb185daed7c91986a836cf650f1104b088725846abc823",
    "c6e3b91d7246d084b266c9236473d9ee59d7429803a06b10aa09a523606a3f4a8a61c4bb5e8c09cbaa8cd1e7ca9285e35ec93ccef6407f5f34588b7f8aa545cf",
    "418e1a9d797d4cfbb5ea55720add3fba58990338f450b800fe403f0c1942d47cc37841a80fd4a4dfeafb550b989e8254e33e984103267f21868016fa2562cfeb",
    "64b479a2ca2e2366d11ca1a55e1076bfd8f654cdd65faa5e3ee2840fe52fbd52aa4b43d894756af1dd7fa10ab48e11ce4bf9d578661dcaf588808dffac2d0235",
    "a385f0865124c0ce7fee997da9f4112a51ea9eaf103755a54b013eb6d5fe14fe48be6475d73832089d1847ce41664d4623d83f42ada5e2b1c6d0cee4fe40d190",
    "1e37288cac8b2e5f15624be869cabd4674f360d1d2a0abd1fb86b0b706a4aa10b1c659f8c2b2591ab45e51d4f08d972e1762ed616a54bd84895301e1fc684a85",
    "d9cd0ce73a6f761a0cab5dc6084559746c6433354c676ac14acb5dcfca61538354c295fa28966b8daa2e30cb610a2eba6999075fefb209be773367576d16b593",
    "587feffee173c9d8a993473e41293dd409e9134c8be9a4760379dc2e9a07d1ed560151c2ff5006607ed5f8718d30e37c0f1ef128c04ee4011dd3250361050dcf"
  ],
  "algorithm": "sha512",
  "loaders": [
    "fabric"
  ],
  "game_versions": [
    "1.21.10"
  ],
  "version_types": [
    "release"
  ]
}
[00:31:46] [Render thread/DEBUG] (FabricLoader/Mixin) Mixing accessor.ClientLoginNetworkHandlerAccessor from fabric-networking-api-v1.client.mixins.json into net.minecraft.client.network.ClientLoginNetworkHandler
[00:31:46] [Render thread/DEBUG] (FabricLoader/Mixin) Mixing ClientLoginNetworkHandlerMixin from fabric-networking-api-v1.client.mixins.json into net.minecraft.client.network.ClientLoginNetworkHandler
[00:31:46] [Render thread/DEBUG] (FabricLoader/Mixin) fabric-networking-api-v1.client.mixins.json:ClientLoginNetworkHandlerMixin from mod fabric-networking-api-v1->@Inject::initAddon(Lorg/spongepowered/asm/mixin/injection/callback/CallbackInfo;)V doesn't use it's CallbackInfo
[00:31:46] [Render thread/DEBUG] (FabricLoader/Mixin) fabric-networking-api-v1.client.mixins.json:ClientLoginNetworkHandlerMixin from mod fabric-networking-api-v1->@Inject::initAddon(Lorg/spongepowered/asm/mixin/injection/callback/CallbackInfo;)V has 0 override(s) in child classes
[00:31:46] [Render thread/DEBUG] (FabricLoader/Mixin) fabric-networking-api-v1.client.mixins.json:ClientLoginNetworkHandlerMixin from mod fabric-networking-api-v1->@Inject::initAddon(Lorg/spongepowered/asm/mixin/injection/callback/CallbackInfo;)V won't be passed a CallbackInfo as a result
[00:31:46] [Render thread/DEBUG] (FabricLoader/Mixin) fabric-networking-api-v1.client.mixins.json:ClientLoginNetworkHandlerMixin from mod fabric-networking-api-v1->@Inject::handleQueryRequest(Lnet/minecraft/network/packet/s2c/login/LoginQueryRequestS2CPacket;Lorg/spongepowered/asm/mixin/injection/callback/CallbackInfo;)V does use it's CallbackInfo
[00:31:46] [Render thread/DEBUG] (FabricLoader/Mixin) Mixing ClientConfigurationNetworkHandlerMixin from fabric-networking-api-v1.client.mixins.json into net.minecraft.client.network.ClientConfigurationNetworkHandler
[00:31:46] [Render thread/DEBUG] (FabricLoader/Mixin) Mixing accessor.ClientConfigurationNetworkHandlerAccessor from fabric-networking-api-v1.client.mixins.json into net.minecraft.client.network.ClientConfigurationNetworkHandler
[00:31:46] [Render thread/DEBUG] (FabricLoader/Mixin) Mixing sync.ClientConfigurationNetworkHandlerMixin from fabric-recipe-api-v1.client.mixins.json into net.minecraft.client.network.ClientConfigurationNetworkHandler
[00:31:46] [Render thread/DEBUG] (FabricLoader/Mixin) Mixing ClientConfigurationNetworkHandlerMixin from fabric-lifecycle-events-v1.client.mixins.json into net.minecraft.client.network.ClientConfigurationNetworkHandler
[00:31:46] [Render thread/DEBUG] (FabricLoader/Mixin) fabric-networking-api-v1.client.mixins.json:ClientConfigurationNetworkHandlerMixin from mod fabric-networking-api-v1->@Inject::initAddon(Lorg/spongepowered/asm/mixin/injection/callback/CallbackInfo;)V doesn't use it's CallbackInfo
[00:31:46] [Render thread/DEBUG] (FabricLoader/Mixin) fabric-networking-api-v1.client.mixins.json:ClientConfigurationNetworkHandlerMixin from mod fabric-networking-api-v1->@Inject::initAddon(Lorg/spongepowered/asm/mixin/injection/callback/CallbackInfo;)V has 0 override(s) in child classes
[00:31:46] [Render thread/DEBUG] (FabricLoader/Mixin) fabric-networking-api-v1.client.mixins.json:ClientConfigurationNetworkHandlerMixin from mod fabric-networking-api-v1->@Inject::initAddon(Lorg/spongepowered/asm/mixin/injection/callback/CallbackInfo;)V won't be passed a CallbackInfo as a result
[00:31:46] [Render thread/DEBUG] (FabricLoader/Mixin) fabric-networking-api-v1.client.mixins.json:ClientConfigurationNetworkHandlerMixin from mod fabric-networking-api-v1->@Inject::handleComplete(Lnet/minecraft/network/packet/s2c/config/ReadyS2CPacket;Lorg/spongepowered/asm/mixin/injection/callback/CallbackInfo;)V doesn't use it's CallbackInfo
[00:31:46] [Render thread/DEBUG] (FabricLoader/Mixin) fabric-networking-api-v1.client.mixins.json:ClientConfigurationNetworkHandlerMixin from mod fabric-networking-api-v1->@Inject::handleComplete(Lnet/minecraft/network/packet/s2c/config/ReadyS2CPacket;Lorg/spongepowered/asm/mixin/injection/callback/CallbackInfo;)V has 0 override(s) in child classes
[00:31:46] [Render thread/DEBUG] (FabricLoader/Mixin) fabric-networking-api-v1.client.mixins.json:ClientConfigurationNetworkHandlerMixin from mod fabric-networking-api-v1->@Inject::handleComplete(Lnet/minecraft/network/packet/s2c/config/ReadyS2CPacket;Lorg/spongepowered/asm/mixin/injection/callback/CallbackInfo;)V won't be passed a CallbackInfo as a result
[00:31:46] [Render thread/DEBUG] (FabricLoader/Mixin) fabric-recipe-api-v1.client.mixins.json:sync.ClientConfigurationNetworkHandlerMixin from mod fabric-recipe-api-v1->@Inject::sendSupportedRecipeSerializers(Lnet/minecraft/network/packet/s2c/config/SelectKnownPacksS2CPacket;Lorg/spongepowered/asm/mixin/injection/callback/CallbackInfo;)V doesn't use it's CallbackInfo
[00:31:46] [Render thread/DEBUG] (FabricLoader/Mixin) fabric-recipe-api-v1.client.mixins.json:sync.ClientConfigurationNetworkHandlerMixin from mod fabric-recipe-api-v1->@Inject::sendSupportedRecipeSerializers(Lnet/minecraft/network/packet/s2c/config/SelectKnownPacksS2CPacket;Lorg/spongepowered/asm/mixin/injection/callback/CallbackInfo;)V has 0 override(s) in child classes
[00:31:46] [Render thread/DEBUG] (FabricLoader/Mixin) fabric-recipe-api-v1.client.mixins.json:sync.ClientConfigurationNetworkHandlerMixin from mod fabric-recipe-api-v1->@Inject::sendSupportedRecipeSerializers(Lnet/minecraft/network/packet/s2c/config/SelectKnownPacksS2CPacket;Lorg/spongepowered/asm/mixin/injection/callback/CallbackInfo;)V won't be passed a CallbackInfo as a result
[00:31:46] [Render thread/DEBUG] (FabricLoader/Mixin) fabric-lifecycle-events-v1.client.mixins.json:ClientConfigurationNetworkHandlerMixin from mod fabric-lifecycle-events-v1->@Inject::invokeTagsLoaded(Lnet/minecraft/resource/ResourceFactory;Lorg/spongepowered/asm/mixin/injection/callback/CallbackInfoReturnable;)V does use it's CallbackInfoReturnable
[00:31:46] [Render thread/DEBUG] (FabricLoader/Mixin) Mixing ClientConnectionMixin from fabric-data-attachment-api-v1.mixins.json into net.minecraft.network.ClientConnection
[00:31:46] [Render thread/DEBUG] (FabricLoader/Mixin) Mixing ClientConnectionMixin from fabric-networking-api-v1.mixins.json into net.minecraft.network.ClientConnection
[00:31:46] [Render thread/DEBUG] (FabricLoader/Mixin) Renaming synthetic method lambda$fabric_getPendingChannelsNames$2(Lnet/minecraft/network/NetworkPhase;)Ljava/util/Collection; to md040614$fabric-networking-api-v1$lambda$fabric_getPendingChannelsNames$2$0 in fabric-networking-api-v1.mixins.json:ClientConnectionMixin from mod fabric-networking-api-v1
[00:31:46] [Render thread/DEBUG] (FabricLoader/Mixin) Renaming synthetic method lambda$injectFabricPacketSlitterHandlerOutbound$1(Lnet/fabricmc/fabric/impl/networking/PayloadTypeRegistryImpl;Lio/netty/channel/ChannelHandlerContext;)V to md040614$fabric-networking-api-v1$lambda$injectFabricPacketSlitterHandlerOutbound$1$1 in fabric-networking-api-v1.mixins.json:ClientConnectionMixin from mod fabric-networking-api-v1
[00:31:46] [Render thread/DEBUG] (FabricLoader/Mixin) Renaming synthetic method lambda$injectFabricPacketSlitterHandlerInbound$0(Lnet/fabricmc/fabric/impl/networking/PayloadTypeRegistryImpl;Lnet/minecraft/network/state/NetworkState;Lio/netty/channel/ChannelHandlerContext;)V to md040614$fabric-networking-api-v1$lambda$injectFabricPacketSlitterHandlerInbound$0$2 in fabric-networking-api-v1.mixins.json:ClientConnectionMixin from mod fabric-networking-api-v1
[00:31:46] [Render thread/DEBUG] (FabricLoader/Mixin) Mixing ingredient.ClientConnectionMixin from fabric-recipe-api-v1.mixins.json into net.minecraft.network.ClientConnection
[00:31:46] [Render thread/DEBUG] (FabricLoader/Mixin) Mixing sync.ClientConnectionMixin from fabric-recipe-api-v1.mixins.json into net.minecraft.network.ClientConnection
[00:31:46] [Render thread/DEBUG] (FabricLoader/Mixin) fabric-networking-api-v1.mixins.json:ClientConnectionMixin from mod fabric-networking-api-v1->@Inject::initAddedFields(Lnet/minecraft/network/NetworkSide;Lorg/spongepowered/asm/mixin/injection/callback/CallbackInfo;)V doesn't use it's CallbackInfo
[00:31:46] [Render thread/DEBUG] (FabricLoader/Mixin) fabric-networking-api-v1.mixins.json:ClientConnectionMixin from mod fabric-networking-api-v1->@Inject::initAddedFields(Lnet/minecraft/network/NetworkSide;Lorg/spongepowered/asm/mixin/injection/callback/CallbackInfo;)V has 0 override(s) in child classes
[00:31:46] [Render thread/DEBUG] (FabricLoader/Mixin) fabric-networking-api-v1.mixins.json:ClientConnectionMixin from mod fabric-networking-api-v1->@Inject::initAddedFields(Lnet/minecraft/network/NetworkSide;Lorg/spongepowered/asm/mixin/injection/callback/CallbackInfo;)V won't be passed a CallbackInfo as a result
[00:31:46] [Render thread/DEBUG] (FabricLoader/Mixin) fabric-networking-api-v1.mixins.json:ClientConnectionMixin from mod fabric-networking-api-v1->@Inject::checkPacket(Lnet/minecraft/network/packet/Packet;Lio/netty/channel/ChannelFutureListener;ZLorg/spongepowered/asm/mixin/injection/callback/CallbackInfo;)V doesn't use it's CallbackInfo
[00:31:46] [Render thread/DEBUG] (FabricLoader/Mixin) fabric-networking-api-v1.mixins.json:ClientConnectionMixin from mod fabric-networking-api-v1->@Inject::checkPacket(Lnet/minecraft/network/packet/Packet;Lio/netty/channel/ChannelFutureListener;ZLorg/spongepowered/asm/mixin/injection/callback/CallbackInfo;)V has 0 override(s) in child classes
[00:31:46] [Render thread/DEBUG] (FabricLoader/Mixin) fabric-networking-api-v1.mixins.json:ClientConnectionMixin from mod fabric-networking-api-v1->@Inject::checkPacket(Lnet/minecraft/network/packet/Packet;Lio/netty/channel/ChannelFutureListener;ZLorg/spongepowered/asm/mixin/injection/callback/CallbackInfo;)V won't be passed a CallbackInfo as a result
[00:31:46] [Render thread/DEBUG] (FabricLoader/Mixin) fabric-networking-api-v1.mixins.json:ClientConnectionMixin from mod fabric-networking-api-v1->@Inject::checkPacket(Lnet/minecraft/network/packet/Packet;Lio/netty/channel/ChannelFutureListener;ZLorg/spongepowered/asm/mixin/injection/callback/CallbackInfo;)V doesn't use it's CallbackInfo
[00:31:46] [Render thread/DEBUG] (FabricLoader/Mixin) fabric-networking-api-v1.mixins.json:ClientConnectionMixin from mod fabric-networking-api-v1->@Inject::checkPacket(Lnet/minecraft/network/packet/Packet;Lio/netty/channel/ChannelFutureListener;ZLorg/spongepowered/asm/mixin/injection/callback/CallbackInfo;)V has 0 override(s) in child classes
[00:31:46] [Render thread/DEBUG] (FabricLoader/Mixin) fabric-networking-api-v1.mixins.json:ClientConnectionMixin from mod fabric-networking-api-v1->@Inject::checkPacket(Lnet/minecraft/network/packet/Packet;Lio/netty/channel/ChannelFutureListener;ZLorg/spongepowered/asm/mixin/injection/callback/CallbackInfo;)V won't be passed a CallbackInfo as a result
[00:31:46] [Render thread/DEBUG] (FabricLoader/Mixin) fabric-networking-api-v1.mixins.json:ClientConnectionMixin from mod fabric-networking-api-v1->@Inject::unwatchAddon(Lnet/minecraft/network/state/NetworkState;Lnet/minecraft/network/listener/PacketListener;Lorg/spongepowered/asm/mixin/injection/callback/CallbackInfo;)V doesn't use it's CallbackInfo
[00:31:46] [Render thread/DEBUG] (FabricLoader/Mixin) fabric-networking-api-v1.mixins.json:ClientConnectionMixin from mod fabric-networking-api-v1->@Inject::unwatchAddon(Lnet/minecraft/network/state/NetworkState;Lnet/minecraft/network/listener/PacketListener;Lorg/spongepowered/asm/mixin/injection/callback/CallbackInfo;)V has 0 override(s) in child classes
[00:31:46] [Render thread/DEBUG] (FabricLoader/Mixin) fabric-networking-api-v1.mixins.json:ClientConnectionMixin from mod fabric-networking-api-v1->@Inject::unwatchAddon(Lnet/minecraft/network/state/NetworkState;Lnet/minecraft/network/listener/PacketListener;Lorg/spongepowered/asm/mixin/injection/callback/CallbackInfo;)V won't be passed a CallbackInfo as a result
[00:31:46] [Render thread/DEBUG] (FabricLoader/Mixin) fabric-networking-api-v1.mixins.json:ClientConnectionMixin from mod fabric-networking-api-v1->@Inject::disconnectAddon(Lio/netty/channel/ChannelHandlerContext;Lorg/spongepowered/asm/mixin/injection/callback/CallbackInfo;)V doesn't use it's CallbackInfo
[00:31:46] [Render thread/DEBUG] (FabricLoader/Mixin) fabric-networking-api-v1.mixins.json:ClientConnectionMixin from mod fabric-networking-api-v1->@Inject::disconnectAddon(Lio/netty/channel/ChannelHandlerContext;Lorg/spongepowered/asm/mixin/injection/callback/CallbackInfo;)V has 0 override(s) in child classes
[00:31:46] [Render thread/DEBUG] (FabricLoader/Mixin) fabric-networking-api-v1.mixins.json:ClientConnectionMixin from mod fabric-networking-api-v1->@Inject::disconnectAddon(Lio/netty/channel/ChannelHandlerContext;Lorg/spongepowered/asm/mixin/injection/callback/CallbackInfo;)V won't be passed a CallbackInfo as a result
[00:31:46] [Render thread/DEBUG] (FabricLoader/Mixin) fabric-networking-api-v1.mixins.json:ClientConnectionMixin from mod fabric-networking-api-v1->@Inject::disconnectAddon(Lorg/spongepowered/asm/mixin/injection/callback/CallbackInfo;)V doesn't use it's CallbackInfo
[00:31:46] [Render thread/DEBUG] (FabricLoader/Mixin) fabric-networking-api-v1.mixins.json:ClientConnectionMixin from mod fabric-networking-api-v1->@Inject::disconnectAddon(Lorg/spongepowered/asm/mixin/injection/callback/CallbackInfo;)V has 0 override(s) in child classes
[00:31:46] [Render thread/DEBUG] (FabricLoader/Mixin) fabric-networking-api-v1.mixins.json:ClientConnectionMixin from mod fabric-networking-api-v1->@Inject::disconnectAddon(Lorg/spongepowered/asm/mixin/injection/callback/CallbackInfo;)V won't be passed a CallbackInfo as a result
[00:31:46] [Render thread/DEBUG] (FabricLoader/Mixin) Mixing features.gui.hooks.debug.DebugScreenEntriesAccessor from sodium-common.mixins.json into net.minecraft.client.gui.hud.debug.DebugHudEntries
[00:31:46] [Render thread/DEBUG] (FabricLoader/Mixin) sodium-common.mixins.json:features.gui.hooks.debug.DebugScreenEntriesAccessor from mod sodium: Class version 65 required is higher than the class version supported by the current version of Mixin (JAVA_17 supports class version 61)
[00:31:46] [Render thread/DEBUG] (FabricLoader/Mixin) Mixing features.gui.hooks.debug.DebugEntryMemoryMixin from sodium-common.mixins.json into net.minecraft.client.gui.hud.debug.MemoryDebugHudEntry
[00:31:46] [Render thread/DEBUG] (FabricLoader/Mixin) sodium-common.mixins.json:features.gui.hooks.debug.DebugEntryMemoryMixin from mod sodium: Class version 65 required is higher than the class version supported by the current version of Mixin (JAVA_17 supports class version 61)
[00:31:46] [Render thread/DEBUG] (FabricLoader/Mixin) sodium-common.mixins.json:features.gui.hooks.debug.DebugEntryMemoryMixin from mod sodium->@Inject::sodium$addOffHeap(Lnet/minecraft/client/gui/hud/debug/DebugHudLines;Lnet/minecraft/world/World;Lnet/minecraft/world/chunk/WorldChunk;Lnet/minecraft/world/chunk/WorldChunk;Lorg/spongepowered/asm/mixin/injection/callback/CallbackInfo;)V doesn't use it's CallbackInfo
[00:31:46] [Render thread/DEBUG] (FabricLoader/Mixin) sodium-common.mixins.json:features.gui.hooks.debug.DebugEntryMemoryMixin from mod sodium->@Inject::sodium$addOffHeap(Lnet/minecraft/client/gui/hud/debug/DebugHudLines;Lnet/minecraft/world/World;Lnet/minecraft/world/chunk/WorldChunk;Lnet/minecraft/world/chunk/WorldChunk;Lorg/spongepowered/asm/mixin/injection/callback/CallbackInfo;)V has 0 override(s) in child classes
[00:31:46] [Render thread/DEBUG] (FabricLoader/Mixin) sodium-common.mixins.json:features.gui.hooks.debug.DebugEntryMemoryMixin from mod sodium->@Inject::sodium$addOffHeap(Lnet/minecraft/client/gui/hud/debug/DebugHudLines;Lnet/minecraft/world/World;Lnet/minecraft/world/chunk/WorldChunk;Lnet/minecraft/world/chunk/WorldChunk;Lorg/spongepowered/asm/mixin/injection/callback/CallbackInfo;)V won't be passed a CallbackInfo as a result
[00:31:47] [Render thread/DEBUG] (FabricLoader/Mixin) Mixing client.block.render.RenderCommandQueueMixin from fabric-renderer-api-v1.mixins.json into net.minecraft.client.render.command.RenderCommandQueue
[00:31:47] [Render thread/DEBUG] (FabricLoader/Mixin) Mixing BlockStateModelUnbakedMixin from fabric-model-loading-api-v1.mixins.json into net.minecraft.client.render.model.BlockStateModel$Unbaked
[00:31:47] [Render thread/DEBUG] (FabricLoader/Mixin) Mixing features.render.frapi.BakedModelMixin from sodium-common.mixins.json into net.minecraft.client.render.model.BlockStateModel
[00:31:47] [Render thread/DEBUG] (FabricLoader/Mixin) sodium-common.mixins.json:features.render.frapi.BakedModelMixin from mod sodium: Class version 65 required is higher than the class version supported by the current version of Mixin (JAVA_17 supports class version 61)
[00:31:47] [Render thread/DEBUG] (FabricLoader/Mixin) Mixing client.block.model.BlockStateModelMixin from fabric-renderer-api-v1.mixins.json into net.minecraft.client.render.model.BlockStateModel
[00:31:47] [Render thread/DEBUG] (FabricLoader/Mixin) Mixing features.render.frapi.BlockModelPartMixin from sodium-common.mixins.json into net.minecraft.client.render.model.BlockModelPart
[00:31:47] [Render thread/DEBUG] (FabricLoader/Mixin) sodium-common.mixins.json:features.render.frapi.BlockModelPartMixin from mod sodium: Class version 65 required is higher than the class version supported by the current version of Mixin (JAVA_17 supports class version 61)
[00:31:47] [Render thread/DEBUG] (FabricLoader/Mixin) Mixing client.block.model.BlockModelPartMixin from fabric-renderer-api-v1.mixins.json into net.minecraft.client.render.model.BlockModelPart
[00:31:47] [Render thread/DEBUG] (FabricLoader/Mixin) Mixing client.block.model.SimpleBlockStateModelMixin from fabric-renderer-api-v1.mixins.json into net.minecraft.client.render.model.SimpleBlockStateModel
[00:31:47] [Render thread/DEBUG] (FabricLoader/Mixin) Mixing DrawContextMixin from fabric-rendering-v1.mixins.json into net.minecraft.client.gui.DrawContext
[00:31:47] [Render thread/DEBUG] (FabricLoader/Mixin) Mixing features.textures.animations.tracking.GuiGraphicsMixin from sodium-common.mixins.json into net.minecraft.client.gui.DrawContext
[00:31:47] [Render thread/DEBUG] (FabricLoader/Mixin) sodium-common.mixins.json:features.textures.animations.tracking.GuiGraphicsMixin from mod sodium: Class version 65 required is higher than the class version supported by the current version of Mixin (JAVA_17 supports class version 61)
[00:31:47] [Render thread/DEBUG] (FabricLoader/Mixin) Mixing GuiGraphicsMixin from jade.mixins.json into net.minecraft.client.gui.DrawContext
[00:31:47] [Render thread/DEBUG] (FabricLoader/Mixin) fabric-rendering-v1.mixins.json:DrawContextMixin from mod fabric-rendering-v1->@Inject::drawStackOverlay(Lnet/minecraft/client/font/TextRenderer;Lnet/minecraft/item/ItemStack;IILjava/lang/String;Lorg/spongepowered/asm/mixin/injection/callback/CallbackInfo;)V doesn't use it's CallbackInfo
[00:31:47] [Render thread/DEBUG] (FabricLoader/Mixin) fabric-rendering-v1.mixins.json:DrawContextMixin from mod fabric-rendering-v1->@Inject::drawStackOverlay(Lnet/minecraft/client/font/TextRenderer;Lnet/minecraft/item/ItemStack;IILjava/lang/String;Lorg/spongepowered/asm/mixin/injection/callback/CallbackInfo;)V has 0 override(s) in child classes
[00:31:47] [Render thread/DEBUG] (FabricLoader/Mixin) fabric-rendering-v1.mixins.json:DrawContextMixin from mod fabric-rendering-v1->@Inject::drawStackOverlay(Lnet/minecraft/client/font/TextRenderer;Lnet/minecraft/item/ItemStack;IILjava/lang/String;Lorg/spongepowered/asm/mixin/injection/callback/CallbackInfo;)V won't be passed a CallbackInfo as a result
[00:31:47] [Render thread/DEBUG] (FabricLoader/Mixin) fabric-rendering-v1.mixins.json:DrawContextMixin from mod fabric-rendering-v1->@Inject::drawStackOverlay(Lnet/minecraft/client/font/TextRenderer;Lnet/minecraft/item/ItemStack;IILjava/lang/String;Lorg/spongepowered/asm/mixin/injection/callback/CallbackInfo;)V doesn't use it's CallbackInfo
[00:31:47] [Render thread/DEBUG] (FabricLoader/Mixin) fabric-rendering-v1.mixins.json:DrawContextMixin from mod fabric-rendering-v1->@Inject::drawStackOverlay(Lnet/minecraft/client/font/TextRenderer;Lnet/minecraft/item/ItemStack;IILjava/lang/String;Lorg/spongepowered/asm/mixin/injection/callback/CallbackInfo;)V has 0 override(s) in child classes
[00:31:47] [Render thread/DEBUG] (FabricLoader/Mixin) fabric-rendering-v1.mixins.json:DrawContextMixin from mod fabric-rendering-v1->@Inject::drawStackOverlay(Lnet/minecraft/client/font/TextRenderer;Lnet/minecraft/item/ItemStack;IILjava/lang/String;Lorg/spongepowered/asm/mixin/injection/callback/CallbackInfo;)V won't be passed a CallbackInfo as a result
[00:31:47] [Render thread/DEBUG] (FabricLoader/Mixin) sodium-common.mixins.json:features.textures.animations.tracking.GuiGraphicsMixin from mod sodium->@Inject::preDrawSprite(Lcom/mojang/blaze3d/pipeline/RenderPipeline;Lnet/minecraft/client/texture/Sprite;IIIIILorg/spongepowered/asm/mixin/injection/callback/CallbackInfo;)V doesn't use it's CallbackInfo
[00:31:47] [Render thread/DEBUG] (FabricLoader/Mixin) sodium-common.mixins.json:features.textures.animations.tracking.GuiGraphicsMixin from mod sodium->@Inject::preDrawSprite(Lcom/mojang/blaze3d/pipeline/RenderPipeline;Lnet/minecraft/client/texture/Sprite;IIIIILorg/spongepowered/asm/mixin/injection/callback/CallbackInfo;)V has 0 override(s) in child classes
[00:31:47] [Render thread/DEBUG] (FabricLoader/Mixin) sodium-common.mixins.json:features.textures.animations.tracking.GuiGraphicsMixin from mod sodium->@Inject::preDrawSprite(Lcom/mojang/blaze3d/pipeline/RenderPipeline;Lnet/minecraft/client/texture/Sprite;IIIIILorg/spongepowered/asm/mixin/injection/callback/CallbackInfo;)V won't be passed a CallbackInfo as a result
[00:31:47] [Render thread/DEBUG] (FabricLoader/Mixin) sodium-common.mixins.json:features.textures.animations.tracking.GuiGraphicsMixin from mod sodium->@Inject::preDrawSprite(Lcom/mojang/blaze3d/pipeline/RenderPipeline;Lnet/minecraft/client/texture/Sprite;IIIIIIIIILorg/spongepowered/asm/mixin/injection/callback/CallbackInfo;)V doesn't use it's CallbackInfo
[00:31:47] [Render thread/DEBUG] (FabricLoader/Mixin) sodium-common.mixins.json:features.textures.animations.tracking.GuiGraphicsMixin from mod sodium->@Inject::preDrawSprite(Lcom/mojang/blaze3d/pipeline/RenderPipeline;Lnet/minecraft/client/texture/Sprite;IIIIIIIIILorg/spongepowered/asm/mixin/injection/callback/CallbackInfo;)V has 0 override(s) in child classes
[00:31:47] [Render thread/DEBUG] (FabricLoader/Mixin) sodium-common.mixins.json:features.textures.animations.tracking.GuiGraphicsMixin from mod sodium->@Inject::preDrawSprite(Lcom/mojang/blaze3d/pipeline/RenderPipeline;Lnet/minecraft/client/texture/Sprite;IIIIIIIIILorg/spongepowered/asm/mixin/injection/callback/CallbackInfo;)V won't be passed a CallbackInfo as a result
[00:31:47] [Render thread/DEBUG] (FabricLoader/Mixin) jade.mixins.json:GuiGraphicsMixin from mod jade->@Inject::jade$containsPointInScissor(IILorg/spongepowered/asm/mixin/injection/callback/CallbackInfoReturnable;)V does use it's CallbackInfoReturnable
[00:31:47] [Render thread/DEBUG] (FabricLoader/Mixin) jade.mixins.json:GuiGraphicsMixin from mod jade->@Inject::jade$appendModName(Lnet/minecraft/client/font/TextRenderer;Ljava/util/List;IILnet/minecraft/client/gui/tooltip/TooltipPositioner;Lnet/minecraft/util/Identifier;ZLorg/spongepowered/asm/mixin/injection/callback/CallbackInfo;)V doesn't use it's CallbackInfo
[00:31:47] [Render thread/DEBUG] (FabricLoader/Mixin) jade.mixins.json:GuiGraphicsMixin from mod jade->@Inject::jade$appendModName(Lnet/minecraft/client/font/TextRenderer;Ljava/util/List;IILnet/minecraft/client/gui/tooltip/TooltipPositioner;Lnet/minecraft/util/Identifier;ZLorg/spongepowered/asm/mixin/injection/callback/CallbackInfo;)V has 0 override(s) in child classes
[00:31:47] [Render thread/DEBUG] (FabricLoader/Mixin) jade.mixins.json:GuiGraphicsMixin from mod jade->@Inject::jade$appendModName(Lnet/minecraft/client/font/TextRenderer;Ljava/util/List;IILnet/minecraft/client/gui/tooltip/TooltipPositioner;Lnet/minecraft/util/Identifier;ZLorg/spongepowered/asm/mixin/injection/callback/CallbackInfo;)V won't be passed a CallbackInfo as a result
[00:31:47] [Download-1/DEBUG] (com.mojang.authlib.yggdrasil.YggdrasilMinecraftSessionService) Couldn't fetch profile properties for fd31ce15-3baa-3523-8ee4-307bb606ee39 as the profile does not exist
[00:31:47] [Render thread/DEBUG] (FabricLoader/Mixin) Mixing JsonDataLoaderMixin from fabric-loot-api-v3.mixins.json into net.minecraft.resource.JsonDataLoader
[00:31:47] [Render thread/DEBUG] (FabricLoader/Mixin) Mixing JsonDataLoaderMixin from fabric-resource-conditions-api-v1.mixins.json into net.minecraft.resource.JsonDataLoader
[00:31:47] [Render thread/DEBUG] (FabricLoader/Mixin) fabric-loot-api-v3.mixins.json:JsonDataLoaderMixin from mod fabric-loot-api-v3->@Inject::fillSourceMap(Lnet/minecraft/resource/ResourceManager;Lnet/minecraft/resource/ResourceFinder;Lcom/mojang/serialization/DynamicOps;Lcom/mojang/serialization/Codec;Ljava/util/Map;Lorg/spongepowered/asm/mixin/injection/callback/CallbackInfo;)V doesn't use it's CallbackInfo
[00:31:47] [Render thread/DEBUG] (FabricLoader/Mixin) fabric-resource-conditions-api-v1.mixins.json:JsonDataLoaderMixin from mod fabric-resource-conditions-api-v1->@Inject::skipData(Ljava/util/Map;Lnet/minecraft/util/Identifier;Ljava/lang/Object;Lorg/spongepowered/asm/mixin/injection/callback/CallbackInfo;)V does use it's CallbackInfo
[00:31:47] [Download-2/ERROR] (net.minecraft.client.MinecraftClient) Failed to fetch user properties
com.mojang.authlib.exceptions.InvalidCredentialsException: Status: 401
	at knot/com.mojang.authlib.exceptions.MinecraftClientHttpException.toAuthenticationException(MinecraftClientHttpException.java:59) ~[authlib-7.0.61.jar:?]
	at knot/com.mojang.authlib.yggdrasil.YggdrasilUserApiService.fetchProperties(YggdrasilUserApiService.java:150) ~[authlib-7.0.61.jar:?]
	at knot/net.minecraft.client.MinecraftClient.method_55608(MinecraftClient.java:525) [minecraft-clientOnly-6227aad8ee-1.21.10-net.fabricmc.yarn.1_21_10.1.21.10+build.3-v2.jar:?]
	at java.base/java.util.concurrent.CompletableFuture$AsyncSupply.run(CompletableFuture.java:1789) [?:?]
	at java.base/java.util.concurrent.ThreadPoolExecutor.runWorker(ThreadPoolExecutor.java:1090) [?:?]
	at java.base/java.util.concurrent.ThreadPoolExecutor$Worker.run(ThreadPoolExecutor.java:614) [?:?]
	at java.base/java.lang.Thread.run(Thread.java:1474) [?:?]
Caused by: com.mojang.authlib.exceptions.MinecraftClientHttpException: Status: 401
	at knot/com.mojang.authlib.minecraft.client.MinecraftClient.readInputStream(MinecraftClient.java:103) ~[authlib-7.0.61.jar:?]
	at knot/com.mojang.authlib.minecraft.client.MinecraftClient.get(MinecraftClient.java:56) ~[authlib-7.0.61.jar:?]
	at knot/com.mojang.authlib.yggdrasil.YggdrasilUserApiService.fetchProperties(YggdrasilUserApiService.java:121) ~[authlib-7.0.61.jar:?]
	... 5 more
[00:31:47] [Render thread/INFO] (net.fabricmc.fabric.impl.client.indigo.Indigo) [Indigo] Different rendering plugin detected; not applying Indigo.
[00:31:47] [Render thread/DEBUG] (FabricLoader/Mixin) Mixing SimpleRegistryTagLookup2Accessor from fabric-tag-api-v1.mixins.json into net.minecraft.registry.SimpleRegistry$TagLookup$2
[00:31:47] [Render thread/DEBUG] (FabricLoader/Mixin) Mixing GameOptionsMixin from fabric-key-binding-api-v1.mixins.json into net.minecraft.client.option.GameOptions
[00:31:47] [Render thread/DEBUG] (FabricLoader/Mixin) Mixing GameOptionsMixin from fabric-resource-loader-v0.client.mixins.json into net.minecraft.client.option.GameOptions
[00:31:47] [Render thread/DEBUG] (FabricLoader/Mixin) fabric-key-binding-api-v1.mixins.json:GameOptionsMixin from mod fabric-key-binding-api-v1->@Inject::loadHook(Lorg/spongepowered/asm/mixin/injection/callback/CallbackInfo;)V doesn't use it's CallbackInfo
[00:31:47] [Render thread/DEBUG] (FabricLoader/Mixin) fabric-key-binding-api-v1.mixins.json:GameOptionsMixin from mod fabric-key-binding-api-v1->@Inject::loadHook(Lorg/spongepowered/asm/mixin/injection/callback/CallbackInfo;)V has 0 override(s) in child classes
[00:31:47] [Render thread/DEBUG] (FabricLoader/Mixin) fabric-key-binding-api-v1.mixins.json:GameOptionsMixin from mod fabric-key-binding-api-v1->@Inject::loadHook(Lorg/spongepowered/asm/mixin/injection/callback/CallbackInfo;)V won't be passed a CallbackInfo as a result
[00:31:47] [Render thread/DEBUG] (FabricLoader/Mixin) fabric-resource-loader-v0.client.mixins.json:GameOptionsMixin from mod fabric-resource-loader-v0->@Inject::onLoad(Lorg/spongepowered/asm/mixin/injection/callback/CallbackInfo;)V doesn't use it's CallbackInfo
[00:31:47] [Render thread/DEBUG] (FabricLoader/Mixin) fabric-resource-loader-v0.client.mixins.json:GameOptionsMixin from mod fabric-resource-loader-v0->@Inject::onLoad(Lorg/spongepowered/asm/mixin/injection/callback/CallbackInfo;)V has 0 override(s) in child classes
[00:31:47] [Render thread/DEBUG] (FabricLoader/Mixin) fabric-resource-loader-v0.client.mixins.json:GameOptionsMixin from mod fabric-resource-loader-v0->@Inject::onLoad(Lorg/spongepowered/asm/mixin/injection/callback/CallbackInfo;)V won't be passed a CallbackInfo as a result
[00:31:47] [Render thread/DEBUG] (FabricLoader/Mixin) fabric-resource-loader-v0.client.mixins.json:GameOptionsMixin from mod fabric-resource-loader-v0->@Inject::onLoad(Lorg/spongepowered/asm/mixin/injection/callback/CallbackInfo;)V doesn't use it's CallbackInfo
[00:31:47] [Render thread/DEBUG] (FabricLoader/Mixin) fabric-resource-loader-v0.client.mixins.json:GameOptionsMixin from mod fabric-resource-loader-v0->@Inject::onLoad(Lorg/spongepowered/asm/mixin/injection/callback/CallbackInfo;)V has 0 override(s) in child classes
[00:31:47] [Render thread/DEBUG] (FabricLoader/Mixin) fabric-resource-loader-v0.client.mixins.json:GameOptionsMixin from mod fabric-resource-loader-v0->@Inject::onLoad(Lorg/spongepowered/asm/mixin/injection/callback/CallbackInfo;)V won't be passed a CallbackInfo as a result
[00:31:47] [Render thread/DEBUG] (FabricLoader/Mixin) Mixing SoundInstanceMixin from fabric-sound-api-v1.mixins.json into net.minecraft.client.sound.SoundInstance
[00:31:47] [Render thread/DEBUG] (FabricLoader/Mixin) Mixing ResourcePackProfileMixin from fabric-resource-loader-v0.mixins.json into net.minecraft.resource.ResourcePackProfile
[00:31:47] [Render thread/DEBUG] (FabricLoader/Mixin) Renaming synthetic method lambda$static$0(Ljava/util/Set;)Z to md040614$fabric-resource-loader-v0$lambda$static$0$0 in fabric-resource-loader-v0.mixins.json:ResourcePackProfileMixin from mod fabric-resource-loader-v0
[00:31:47] [Render thread/DEBUG] (FabricLoader/Mixin) Mixing ResourcePackProfileMixin from fabric-resource-conditions-api-v1.mixins.json into net.minecraft.resource.ResourcePackProfile
[00:31:47] [Render thread/DEBUG] (FabricLoader/Mixin) fabric-resource-loader-v0.mixins.json:ResourcePackProfileMixin from mod fabric-resource-loader-v0->@Inject::onCreateResourcePack(Lorg/spongepowered/asm/mixin/injection/callback/CallbackInfoReturnable;)V does use it's CallbackInfoReturnable
[00:31:47] [ModMenu/Update Checker/Fabric Loader/DEBUG] (Mod Menu/Fabric Update Checker) Fabric Loader is up to date.
[00:31:47] [Render thread/DEBUG] (FabricLoader/Mixin) Mixing GameOptionsWriteVisitorMixin from fabric-resource-loader-v0.client.mixins.json into net.minecraft.client.option.GameOptions$3
[00:31:47] [Render thread/INFO] (net.minecraft.client.MinecraftClient) Backend library: LWJGL version 3.3.3-snapshot
[00:31:47] [Render thread/DEBUG] (FabricLoader/Mixin) Mixing core.WindowMixin from sodium-common.mixins.json into net.minecraft.client.util.Window
[00:31:47] [Render thread/DEBUG] (FabricLoader/Mixin) sodium-common.mixins.json:core.WindowMixin from mod sodium: Class version 65 required is higher than the class version supported by the current version of Mixin (JAVA_17 supports class version 61)
[00:31:47] [Render thread/DEBUG] (FabricLoader/Mixin) Mixing workarounds.context_creation.WindowMixin from sodium-common.mixins.json into net.minecraft.client.util.Window
[00:31:47] [Render thread/DEBUG] (FabricLoader/Mixin) sodium-common.mixins.json:workarounds.context_creation.WindowMixin from mod sodium: Class version 65 required is higher than the class version supported by the current version of Mixin (JAVA_17 supports class version 61)
[00:31:47] [ModMenu/Update Checker/2/DEBUG] (Mod Menu/Update Checker) Status: 200
[00:31:47] [ModMenu/Update Checker/2/DEBUG] (Mod Menu/Update Checker) {"17a5bfa8c1884dcf8d5226158a079ebfd7dabd4365f4d8974a165e979c24eb7de5d1f4d8d6a3dd41b17cf7645aa69222dc7904dbaaf40eac8518b7c62a266646":{"game_versions":["1.21.9","1.21.10-rc1","1.21.10"],"loaders":["fabric","quilt"],"id":"qC0qUqL5","project_id":"nvQzSEkH","author_id":"UxbEV316","featured":false,"name":"[Fabric 1.21.9] 20.0.5","version_number":"20.0.5+fabric","changelog":"## 20.0.5\n\n- fix: cannot scroll options when mouse is on certain areas\n\n## 20.0.4\n\n- Merge branch '1.21.9-fabric' of https://github.com/Snownee/Jade into 1.21.9-fabric\n\n## 20.0.3\n\n- Update uk_ua.json ([#665](https://github.com/Snownee/Jade/issues/665))\n- fix: mod hides all blocks deriving from the BrushableBlock type without option to not have it do that (close [#656](https://github.com/Snownee/Jade/issues/656))\n- feat: copy FluidStackElement\n- feat: copy things from pinned tooltip\n- feat: add a way for user to prevent a plugin from loading\n- Merge branch '1.21.9-fabric' of https://github.com/Snownee/Jade into 1.21.9-fabric\n- port: 1.21.9-pre1\n- feat: allow removing elements from server side content\n- feat: RecipeLookupResult context\n- refactor: recipe lookup feature. add REI and polydex support (close [#117](https://github.com/Snownee/Jade/issues/117))\n- refactor: DatapackBlockManager. improve polymer support\n- Update uk_ua.json ([#661](https://github.com/Snownee/Jade/issues/661))\n- improve: getEffectName level\n- feat: let default ignore lists empty on server side\n- refactor: ignore lists are now also server-side. add mob effect ignore list.\n- fix: config tooltip position\n- fix: mannequin showing an empty icon\n- port: 25w37a\n- fix: HarvestToolProvider cache not being invalidated after tags loaded\n- fix: enchant power providers do not respect #enchantment_power_provider tag\n- fix: data not updating correctly when tick frozen (close [#654](https://github.com/Snownee/Jade/issues/654))\n- fix: cannot view inventory of blocked chests\n- refactor: mod name item tooltip\n- fix: KeyMappingMixin conflict with other mods\n- feat: option to sort items in chests by amount (close [#488](https://github.com/Snownee/Jade/issues/488))\n- feat: request with data\n- feat: finish copper golem features\n- feat(access): 1.21.9 features\n- refactor: nonnull accessor\n- fix: random theme issues\n- port: 25w32a\n\n## 19.2.0\n\n- improve: allow enabling mod name tooltip when EMI is installed (close [#614](https://github.com/Snownee/Jade/issues/614))\n- fix: bossbar offset (close [#645](https://github.com/Snownee/Jade/issues/645))\n- feat(debug): draw bossbar rect\n- improve: StatusEffectsProvider\n- improve: ThemeHelper converting to hours (close 612)\n- improve: suppress getDestroyProgress errors (close [#637](https://github.com/Snownee/Jade/issues/637))\n- feat: use `FabricItem#getCreatorNamespace`\n\n## 19.1.1\n\n- improve: home screen\n- fix: sprite has no fading\n- Merge branch '1.21.6-fabric' of https://github.com/Snownee/Jade into 1.21.6-fabric\n- fix: player inventory is observable\n- Update uk_ua.json ([#648](https://github.com/Snownee/Jade/issues/648))\n\n## 19.1.0\n\n- feat(access): horse markings (close [#643](https://github.com/Snownee/Jade/issues/643))\n- fix: InvWrapper NPE on trapped chest (close [#633](https://github.com/Snownee/Jade/issues/633))\n- fix: Nether wart progress (close [#640](https://github.com/Snownee/Jade/issues/640))\n- fix: plugin loading logic (close [#646](https://github.com/Snownee/Jade/issues/646))\n- Update uk_ua.json ([#635](https://github.com/Snownee/Jade/issues/635))\n- chore: 1.21.8\n- refactor: progress part 1\n- Update uk_ua.json ([#635](https://github.com/Snownee/Jade/issues/635))\n","changelog_url":null,"date_published":"2025-10-02T05:07:21.512724Z","downloads":217615,"version_type":"release","status":"listed","requested_status":null,"files":[{"id":"KF8R4Gqp","hashes":{"sha512":"4039ae3f6126abcf715db667cfb66ba18d17ee820824b9a86a62cba4a2e9e663d1423b7a7a10b265618caf733daa91d75226332cdce9056e65eadae4f912a05b","sha1":"1007888435ef4ce9334798217634a6a03dac1eaf"},"url":"https://cdn.modrinth.com/data/nvQzSEkH/versions/qC0qUqL5/Jade-1.21.9-Fabric-20.0.5.jar","filename":"Jade-1.21.9-Fabric-20.0.5.jar","primary":true,"size":921951,"file_type":null}],"dependencies":[{"version_id":null,"project_id":"u6dRKJwZ","file_name":null,"dependency_type":"optional"}]},"6a6a02911e065fc87265b915193fd4ad6dfbacc7dd6da53151eddbb4c08c6c1f57cc68d97af02d64f253e5f3e3f9110e715408489672b32c435c52e0467053ae":{"game_versions":["1.21.9","1.21.10"],"loaders":["fabric","quilt"],"id":"QuU0ciaR","project_id":"mOgUt4GM","author_id":"uF4fzWRt","featured":false,"name":"v16.0.0 for 1.21.9","version_number":"16.0.0","changelog":"- Initially select top mod entry\n- Translations","changelog_url":null,"date_published":"2026-01-11T01:22:25.180425Z","downloads":170480,"version_type":"release","status":"listed","requested_status":null,"files":[{"id":"mTQcBXV0","hashes":{"sha512":"e6ddfeaf0ccba8e3a2027c3b93fc5ef166fde88e420319283bf2da106ac9ae97f48dfe99ee3345cf94a945ae9fbd9784c83a9b98afca926be40258ceedfc13f3","sha1":"55994722875c4b071b31dcb6f3c9cba8818f3391"},"url":"https://cdn.modrinth.com/data/mOgUt4GM/versions/QuU0ciaR/modmenu-16.0.0.jar","filename":"modmenu-16.0.0.jar","primary":true,"size":1083564,"file_type":null}],"dependencies":[{"version_id":null,"project_id":"eXts2L7r","file_name":null,"dependency_type":"required"},{"version_id":null,"project_id":"P7dR8mSH","file_name":null,"dependency_type":"required"}]},"1cccdc75d972f5c176a488dcc84cce7320b608a2d105412f2847245affbf5aa22b1995eda392132453fa6e1a9154ac99a87acaf8d7989b9f1a23ac1059a93daf":{"game_versions":["1.21.9","1.21.10"],"loaders":["fabric","quilt"],"id":"sFfidWgd","project_id":"AANobbMI","author_id":"DzLrfrbK","featured":false,"name":"Sodium 0.7.3 for Fabric 1.21.10","version_number":"mc1.21.10-0.7.3-fabric","changelog":"This release fixes a stuttering issue affecting Intel cards.\n\n","changelog_url":null,"date_published":"2025-11-10T18:51:15.477709Z","downloads":3039916,"version_type":"release","status":"listed","requested_status":null,"files":[{"id":"viwuP605","hashes":{"sha1":"1c3ffa862d9fa4479abf67a88527907d60237248","sha512":"1cccdc75d972f5c176a488dcc84cce7320b608a2d105412f2847245affbf5aa22b1995eda392132453fa6e1a9154ac99a87acaf8d7989b9f1a23ac1059a93daf"},"url":"https://cdn.modrinth.com/data/AANobbMI/versions/sFfidWgd/sodium-fabric-0.7.3%2Bmc1.21.10.jar","filename":"sodium-fabric-0.7.3+mc1.21.10.jar","primary":true,"size":1676903,"file_type":null}],"dependencies":[]}}
[00:31:47] [Render thread/INFO] (Sodium-NvidiaWorkarounds) Modifying process environment to apply workarounds for the NVIDIA graphics driver...
[00:31:47] [Render thread/DEBUG] (FabricLoader/Mixin) Mixing features.textures.NativeImageAccessor from sodium-common.mixins.json into net.minecraft.client.texture.NativeImage
[00:31:47] [Render thread/DEBUG] (FabricLoader/Mixin) sodium-common.mixins.json:features.textures.NativeImageAccessor from mod sodium: Class version 65 required is higher than the class version supported by the current version of Mixin (JAVA_17 supports class version 61)
[00:31:47] [Render thread/DEBUG] (FabricLoader/Mixin) Mixing MouseMixin from fabric-screen-api-v1.mixins.json into net.minecraft.client.Mouse
[00:31:47] [Render thread/DEBUG] (FabricLoader/Mixin) Mixing KeyboardMixin from fabric-screen-api-v1.mixins.json into net.minecraft.client.Keyboard
[00:31:47] [Render thread/INFO] (net.minecraft.util.logging.LoggerPrintStream) [STDERR]: [LWJGL] [ThreadLocalUtil] Unsupported JNI version detected, this may result in a crash. Please inform LWJGL developers.
[00:31:47] [Worker-Main-1/INFO] (Mod Menu/Update Checker) Update available for 'modmenu@16.0.0-rc.1', (-> 16.0.0)
[00:31:47] [Render thread/DEBUG] (oshi.util.FileUtil) Reading file /sys/devices/system/cpu/cpu0/topology/core_id
[00:31:47] [Render thread/DEBUG] (oshi.util.FileUtil) Reading file /sys/devices/system/cpu/cpu0/topology/core_id
[00:31:47] [Render thread/DEBUG] (oshi.util.FileUtil) Reading file /sys/devices/system/cpu/cpu0/topology/physical_package_id
[00:31:47] [Render thread/DEBUG] (oshi.util.FileUtil) Reading file /sys/devices/system/cpu/cpu0/topology/physical_package_id
[00:31:47] [Render thread/DEBUG] (oshi.util.FileUtil) Reading file /sys/devices/system/cpu/cpu0/cpu_capacity
[00:31:47] [Render thread/DEBUG] (oshi.util.FileUtil) Reading file /sys/devices/system/cpu/cpu0/cpu_capacity
[00:31:47] [Render thread/DEBUG] (oshi.util.FileUtil) Reading file /sys/devices/system/cpu/cpu0/cache/index2/level
[00:31:47] [Render thread/DEBUG] (oshi.util.FileUtil) Reading file /sys/devices/system/cpu/cpu0/cache/index2/level
[00:31:47] [Render thread/DEBUG] (oshi.util.FileUtil) Reading file /sys/devices/system/cpu/cpu0/cache/index2/type
[00:31:47] [Render thread/DEBUG] (oshi.util.FileUtil) Reading file /sys/devices/system/cpu/cpu0/cache/index2/type
[00:31:47] [Render thread/DEBUG] (oshi.util.FileUtil) Reading file /sys/devices/system/cpu/cpu0/cache/index2/ways_of_associativity
[00:31:47] [Render thread/DEBUG] (oshi.util.FileUtil) Reading file /sys/devices/system/cpu/cpu0/cache/index2/ways_of_associativity
[00:31:47] [Render thread/DEBUG] (oshi.util.FileUtil) Reading file /sys/devices/system/cpu/cpu0/cache/index2/coherency_line_size
[00:31:47] [Render thread/DEBUG] (oshi.util.FileUtil) Reading file /sys/devices/system/cpu/cpu0/cache/index2/coherency_line_size
[00:31:47] [Render thread/DEBUG] (oshi.util.FileUtil) Reading file /sys/devices/system/cpu/cpu0/cache/index2/size
[00:31:47] [Render thread/DEBUG] (oshi.util.FileUtil) Reading file /sys/devices/system/cpu/cpu0/cache/index2/size
[00:31:47] [Render thread/DEBUG] (oshi.util.FileUtil) Reading file /sys/devices/system/cpu/cpu0/cache/index0/level
[00:31:47] [Render thread/DEBUG] (oshi.util.FileUtil) Reading file /sys/devices/system/cpu/cpu0/cache/index0/level
[00:31:47] [Render thread/DEBUG] (oshi.util.FileUtil) Reading file /sys/devices/system/cpu/cpu0/cache/index0/type
[00:31:47] [Render thread/DEBUG] (oshi.util.FileUtil) Reading file /sys/devices/system/cpu/cpu0/cache/index0/type
[00:31:47] [Render thread/DEBUG] (oshi.util.FileUtil) Reading file /sys/devices/system/cpu/cpu0/cache/index0/ways_of_associativity
[00:31:47] [Render thread/DEBUG] (oshi.util.FileUtil) Reading file /sys/devices/system/cpu/cpu0/cache/index0/ways_of_associativity
[00:31:47] [Render thread/DEBUG] (oshi.util.FileUtil) Reading file /sys/devices/system/cpu/cpu0/cache/index0/coherency_line_size
[00:31:47] [Render thread/DEBUG] (oshi.util.FileUtil) Reading file /sys/devices/system/cpu/cpu0/cache/index0/coherency_line_size
[00:31:47] [Render thread/DEBUG] (oshi.util.FileUtil) Reading file /sys/devices/system/cpu/cpu0/cache/index0/size
[00:31:47] [Render thread/DEBUG] (oshi.util.FileUtil) Reading file /sys/devices/system/cpu/cpu0/cache/index0/size
[00:31:47] [Render thread/DEBUG] (oshi.util.FileUtil) Reading file /sys/devices/system/cpu/cpu0/cache/index3/level
[00:31:47] [Render thread/DEBUG] (oshi.util.FileUtil) Reading file /sys/devices/system/cpu/cpu0/cache/index3/level
[00:31:47] [Render thread/DEBUG] (oshi.util.FileUtil) Reading file /sys/devices/system/cpu/cpu0/cache/index3/type
[00:31:47] [Render thread/DEBUG] (oshi.util.FileUtil) Reading file /sys/devices/system/cpu/cpu0/cache/index3/type
[00:31:47] [Render thread/DEBUG] (oshi.util.FileUtil) Reading file /sys/devices/system/cpu/cpu0/cache/index3/ways_of_associativity
[00:31:47] [Render thread/DEBUG] (oshi.util.FileUtil) Reading file /sys/devices/system/cpu/cpu0/cache/index3/ways_of_associativity
[00:31:47] [Render thread/DEBUG] (oshi.util.FileUtil) Reading file /sys/devices/system/cpu/cpu0/cache/index3/coherency_line_size
[00:31:47] [Render thread/DEBUG] (oshi.util.FileUtil) Reading file /sys/devices/system/cpu/cpu0/cache/index3/coherency_line_size
[00:31:47] [Render thread/DEBUG] (oshi.util.FileUtil) Reading file /sys/devices/system/cpu/cpu0/cache/index3/size
[00:31:47] [Render thread/DEBUG] (oshi.util.FileUtil) Reading file /sys/devices/system/cpu/cpu0/cache/index3/size
[00:31:47] [Render thread/DEBUG] (oshi.util.FileUtil) Reading file /sys/devices/system/cpu/cpu0/cache/index1/level
[00:31:47] [Render thread/DEBUG] (oshi.util.FileUtil) Reading file /sys/devices/system/cpu/cpu0/cache/index1/level
[00:31:47] [Render thread/DEBUG] (oshi.util.FileUtil) Reading file /sys/devices/system/cpu/cpu0/cache/index1/type
[00:31:47] [Render thread/DEBUG] (oshi.util.FileUtil) Reading file /sys/devices/system/cpu/cpu0/cache/index1/type
[00:31:47] [Render thread/DEBUG] (oshi.util.FileUtil) Reading file /sys/devices/system/cpu/cpu0/cache/index1/ways_of_associativity
[00:31:47] [Render thread/DEBUG] (oshi.util.FileUtil) Reading file /sys/devices/system/cpu/cpu0/cache/index1/ways_of_associativity
[00:31:47] [Render thread/DEBUG] (oshi.util.FileUtil) Reading file /sys/devices/system/cpu/cpu0/cache/index1/coherency_line_size
[00:31:47] [Render thread/DEBUG] (oshi.util.FileUtil) Reading file /sys/devices/system/cpu/cpu0/cache/index1/coherency_line_size
[00:31:47] [Render thread/DEBUG] (oshi.util.FileUtil) Reading file /sys/devices/system/cpu/cpu0/cache/index1/size
[00:31:47] [Render thread/DEBUG] (oshi.util.FileUtil) Reading file /sys/devices/system/cpu/cpu0/cache/index1/size
[00:31:47] [Render thread/DEBUG] (oshi.util.FileUtil) Reading file /sys/devices/system/cpu/cpu1/topology/core_id
[00:31:47] [Render thread/DEBUG] (oshi.util.FileUtil) Reading file /sys/devices/system/cpu/cpu1/topology/core_id
[00:31:47] [Render thread/DEBUG] (oshi.util.FileUtil) Reading file /sys/devices/system/cpu/cpu1/topology/physical_package_id
[00:31:47] [Render thread/DEBUG] (oshi.util.FileUtil) Reading file /sys/devices/system/cpu/cpu1/topology/physical_package_id
[00:31:47] [Render thread/DEBUG] (oshi.util.FileUtil) Reading file /sys/devices/system/cpu/cpu1/cpu_capacity
[00:31:47] [Render thread/DEBUG] (oshi.util.FileUtil) Reading file /sys/devices/system/cpu/cpu1/cpu_capacity
[00:31:47] [Render thread/DEBUG] (oshi.util.FileUtil) Reading file /sys/devices/system/cpu/cpu1/cache/index2/level
[00:31:47] [Render thread/DEBUG] (oshi.util.FileUtil) Reading file /sys/devices/system/cpu/cpu1/cache/index2/level
[00:31:47] [Render thread/DEBUG] (oshi.util.FileUtil) Reading file /sys/devices/system/cpu/cpu1/cache/index2/type
[00:31:47] [Render thread/DEBUG] (oshi.util.FileUtil) Reading file /sys/devices/system/cpu/cpu1/cache/index2/type
[00:31:47] [Render thread/DEBUG] (oshi.util.FileUtil) Reading file /sys/devices/system/cpu/cpu1/cache/index2/ways_of_associativity
[00:31:47] [Render thread/DEBUG] (oshi.util.FileUtil) Reading file /sys/devices/system/cpu/cpu1/cache/index2/ways_of_associativity
[00:31:47] [Render thread/DEBUG] (oshi.util.FileUtil) Reading file /sys/devices/system/cpu/cpu1/cache/index2/coherency_line_size
[00:31:47] [Render thread/DEBUG] (oshi.util.FileUtil) Reading file /sys/devices/system/cpu/cpu1/cache/index2/coherency_line_size
[00:31:47] [Render thread/DEBUG] (oshi.util.FileUtil) Reading file /sys/devices/system/cpu/cpu1/cache/index2/size
[00:31:47] [Render thread/DEBUG] (oshi.util.FileUtil) Reading file /sys/devices/system/cpu/cpu1/cache/index2/size
[00:31:47] [Render thread/DEBUG] (oshi.util.FileUtil) Reading file /sys/devices/system/cpu/cpu1/cache/index0/level
[00:31:47] [Render thread/DEBUG] (oshi.util.FileUtil) Reading file /sys/devices/system/cpu/cpu1/cache/index0/level
[00:31:47] [Render thread/DEBUG] (oshi.util.FileUtil) Reading file /sys/devices/system/cpu/cpu1/cache/index0/type
[00:31:47] [Render thread/DEBUG] (oshi.util.FileUtil) Reading file /sys/devices/system/cpu/cpu1/cache/index0/type
[00:31:47] [Render thread/DEBUG] (oshi.util.FileUtil) Reading file /sys/devices/system/cpu/cpu1/cache/index0/ways_of_associativity
[00:31:47] [Render thread/DEBUG] (oshi.util.FileUtil) Reading file /sys/devices/system/cpu/cpu1/cache/index0/ways_of_associativity
[00:31:47] [Render thread/DEBUG] (oshi.util.FileUtil) Reading file /sys/devices/system/cpu/cpu1/cache/index0/coherency_line_size
[00:31:47] [Render thread/DEBUG] (oshi.util.FileUtil) Reading file /sys/devices/system/cpu/cpu1/cache/index0/coherency_line_size
[00:31:47] [Render thread/DEBUG] (oshi.util.FileUtil) Reading file /sys/devices/system/cpu/cpu1/cache/index0/size
[00:31:47] [Render thread/DEBUG] (oshi.util.FileUtil) Reading file /sys/devices/system/cpu/cpu1/cache/index0/size
[00:31:47] [Render thread/DEBUG] (oshi.util.FileUtil) Reading file /sys/devices/system/cpu/cpu1/cache/index3/level
[00:31:47] [Render thread/DEBUG] (oshi.util.FileUtil) Reading file /sys/devices/system/cpu/cpu1/cache/index3/level
[00:31:47] [Render thread/DEBUG] (oshi.util.FileUtil) Reading file /sys/devices/system/cpu/cpu1/cache/index3/type
[00:31:47] [Render thread/DEBUG] (oshi.util.FileUtil) Reading file /sys/devices/system/cpu/cpu1/cache/index3/type
[00:31:47] [Render thread/DEBUG] (oshi.util.FileUtil) Reading file /sys/devices/system/cpu/cpu1/cache/index3/ways_of_associativity
[00:31:47] [Render thread/DEBUG] (oshi.util.FileUtil) Reading file /sys/devices/system/cpu/cpu1/cache/index3/ways_of_associativity
[00:31:47] [Render thread/DEBUG] (oshi.util.FileUtil) Reading file /sys/devices/system/cpu/cpu1/cache/index3/coherency_line_size
[00:31:47] [Render thread/DEBUG] (oshi.util.FileUtil) Reading file /sys/devices/system/cpu/cpu1/cache/index3/coherency_line_size
[00:31:47] [Render thread/DEBUG] (oshi.util.FileUtil) Reading file /sys/devices/system/cpu/cpu1/cache/index3/size
[00:31:47] [Render thread/DEBUG] (oshi.util.FileUtil) Reading file /sys/devices/system/cpu/cpu1/cache/index3/size
[00:31:47] [Render thread/DEBUG] (oshi.util.FileUtil) Reading file /sys/devices/system/cpu/cpu1/cache/index1/level
[00:31:47] [Render thread/DEBUG] (oshi.util.FileUtil) Reading file /sys/devices/system/cpu/cpu1/cache/index1/level
[00:31:47] [Render thread/DEBUG] (oshi.util.FileUtil) Reading file /sys/devices/system/cpu/cpu1/cache/index1/type
[00:31:47] [Render thread/DEBUG] (oshi.util.FileUtil) Reading file /sys/devices/system/cpu/cpu1/cache/index1/type
[00:31:47] [Render thread/DEBUG] (oshi.util.FileUtil) Reading file /sys/devices/system/cpu/cpu1/cache/index1/ways_of_associativity
[00:31:47] [Render thread/DEBUG] (oshi.util.FileUtil) Reading file /sys/devices/system/cpu/cpu1/cache/index1/ways_of_associativity
[00:31:47] [Render thread/DEBUG] (oshi.util.FileUtil) Reading file /sys/devices/system/cpu/cpu1/cache/index1/coherency_line_size
[00:31:47] [Render thread/DEBUG] (oshi.util.FileUtil) Reading file /sys/devices/system/cpu/cpu1/cache/index1/coherency_line_size
[00:31:47] [Render thread/DEBUG] (oshi.util.FileUtil) Reading file /sys/devices/system/cpu/cpu1/cache/index1/size
[00:31:47] [Render thread/DEBUG] (oshi.util.FileUtil) Reading file /sys/devices/system/cpu/cpu1/cache/index1/size
[00:31:47] [Render thread/DEBUG] (oshi.util.FileUtil) Reading file /sys/devices/system/cpu/cpu10/topology/core_id
[00:31:47] [Render thread/DEBUG] (oshi.util.FileUtil) Reading file /sys/devices/system/cpu/cpu10/topology/core_id
[00:31:47] [Render thread/DEBUG] (oshi.util.FileUtil) Reading file /sys/devices/system/cpu/cpu10/topology/physical_package_id
[00:31:47] [Render thread/DEBUG] (oshi.util.FileUtil) Reading file /sys/devices/system/cpu/cpu10/topology/physical_package_id
[00:31:47] [Render thread/DEBUG] (oshi.util.FileUtil) Reading file /sys/devices/system/cpu/cpu10/cpu_capacity
[00:31:47] [Render thread/DEBUG] (oshi.util.FileUtil) Reading file /sys/devices/system/cpu/cpu10/cpu_capacity
[00:31:47] [Render thread/DEBUG] (oshi.util.FileUtil) Reading file /sys/devices/system/cpu/cpu10/cache/index2/level
[00:31:47] [Render thread/DEBUG] (oshi.util.FileUtil) Reading file /sys/devices/system/cpu/cpu10/cache/index2/level
[00:31:47] [Render thread/DEBUG] (oshi.util.FileUtil) Reading file /sys/devices/system/cpu/cpu10/cache/index2/type
[00:31:47] [Render thread/DEBUG] (oshi.util.FileUtil) Reading file /sys/devices/system/cpu/cpu10/cache/index2/type
[00:31:47] [Render thread/DEBUG] (oshi.util.FileUtil) Reading file /sys/devices/system/cpu/cpu10/cache/index2/ways_of_associativity
[00:31:47] [Render thread/DEBUG] (oshi.util.FileUtil) Reading file /sys/devices/system/cpu/cpu10/cache/index2/ways_of_associativity
[00:31:47] [Render thread/DEBUG] (oshi.util.FileUtil) Reading file /sys/devices/system/cpu/cpu10/cache/index2/coherency_line_size
[00:31:47] [Render thread/DEBUG] (oshi.util.FileUtil) Reading file /sys/devices/system/cpu/cpu10/cache/index2/coherency_line_size
[00:31:47] [Render thread/DEBUG] (oshi.util.FileUtil) Reading file /sys/devices/system/cpu/cpu10/cache/index2/size
[00:31:47] [Render thread/DEBUG] (oshi.util.FileUtil) Reading file /sys/devices/system/cpu/cpu10/cache/index2/size
[00:31:47] [Render thread/DEBUG] (oshi.util.FileUtil) Reading file /sys/devices/system/cpu/cpu10/cache/index0/level
[00:31:47] [Render thread/DEBUG] (oshi.util.FileUtil) Reading file /sys/devices/system/cpu/cpu10/cache/index0/level
[00:31:47] [Render thread/DEBUG] (oshi.util.FileUtil) Reading file /sys/devices/system/cpu/cpu10/cache/index0/type
[00:31:47] [Render thread/DEBUG] (oshi.util.FileUtil) Reading file /sys/devices/system/cpu/cpu10/cache/index0/type
[00:31:47] [Render thread/DEBUG] (oshi.util.FileUtil) Reading file /sys/devices/system/cpu/cpu10/cache/index0/ways_of_associativity
[00:31:47] [Render thread/DEBUG] (oshi.util.FileUtil) Reading file /sys/devices/system/cpu/cpu10/cache/index0/ways_of_associativity
[00:31:47] [Render thread/DEBUG] (oshi.util.FileUtil) Reading file /sys/devices/system/cpu/cpu10/cache/index0/coherency_line_size
[00:31:47] [Render thread/DEBUG] (oshi.util.FileUtil) Reading file /sys/devices/system/cpu/cpu10/cache/index0/coherency_line_size
[00:31:47] [Render thread/DEBUG] (oshi.util.FileUtil) Reading file /sys/devices/system/cpu/cpu10/cache/index0/size
[00:31:47] [Render thread/DEBUG] (oshi.util.FileUtil) Reading file /sys/devices/system/cpu/cpu10/cache/index0/size
[00:31:47] [Render thread/DEBUG] (oshi.util.FileUtil) Reading file /sys/devices/system/cpu/cpu10/cache/index3/level
[00:31:47] [Render thread/DEBUG] (oshi.util.FileUtil) Reading file /sys/devices/system/cpu/cpu10/cache/index3/level
[00:31:47] [Render thread/DEBUG] (oshi.util.FileUtil) Reading file /sys/devices/system/cpu/cpu10/cache/index3/type
[00:31:47] [Render thread/DEBUG] (oshi.util.FileUtil) Reading file /sys/devices/system/cpu/cpu10/cache/index3/type
[00:31:47] [Render thread/DEBUG] (oshi.util.FileUtil) Reading file /sys/devices/system/cpu/cpu10/cache/index3/ways_of_associativity
[00:31:47] [Render thread/DEBUG] (oshi.util.FileUtil) Reading file /sys/devices/system/cpu/cpu10/cache/index3/ways_of_associativity
[00:31:47] [Render thread/DEBUG] (oshi.util.FileUtil) Reading file /sys/devices/system/cpu/cpu10/cache/index3/coherency_line_size
[00:31:47] [Render thread/DEBUG] (oshi.util.FileUtil) Reading file /sys/devices/system/cpu/cpu10/cache/index3/coherency_line_size
[00:31:47] [Render thread/DEBUG] (oshi.util.FileUtil) Reading file /sys/devices/system/cpu/cpu10/cache/index3/size
[00:31:47] [Render thread/DEBUG] (oshi.util.FileUtil) Reading file /sys/devices/system/cpu/cpu10/cache/index3/size
[00:31:47] [Render thread/DEBUG] (oshi.util.FileUtil) Reading file /sys/devices/system/cpu/cpu10/cache/index1/level
[00:31:47] [Render thread/DEBUG] (oshi.util.FileUtil) Reading file /sys/devices/system/cpu/cpu10/cache/index1/level
[00:31:47] [Render thread/DEBUG] (oshi.util.FileUtil) Reading file /sys/devices/system/cpu/cpu10/cache/index1/type
[00:31:47] [Render thread/DEBUG] (oshi.util.FileUtil) Reading file /sys/devices/system/cpu/cpu10/cache/index1/type
[00:31:47] [Render thread/DEBUG] (oshi.util.FileUtil) Reading file /sys/devices/system/cpu/cpu10/cache/index1/ways_of_associativity
[00:31:47] [Render thread/DEBUG] (oshi.util.FileUtil) Reading file /sys/devices/system/cpu/cpu10/cache/index1/ways_of_associativity
[00:31:47] [Render thread/DEBUG] (oshi.util.FileUtil) Reading file /sys/devices/system/cpu/cpu10/cache/index1/coherency_line_size
[00:31:47] [Render thread/DEBUG] (oshi.util.FileUtil) Reading file /sys/devices/system/cpu/cpu10/cache/index1/coherency_line_size
[00:31:47] [Render thread/DEBUG] (oshi.util.FileUtil) Reading file /sys/devices/system/cpu/cpu10/cache/index1/size
[00:31:47] [Render thread/DEBUG] (oshi.util.FileUtil) Reading file /sys/devices/system/cpu/cpu10/cache/index1/size
[00:31:47] [Render thread/DEBUG] (oshi.util.FileUtil) Reading file /sys/devices/system/cpu/cpu11/topology/core_id
[00:31:47] [Render thread/DEBUG] (oshi.util.FileUtil) Reading file /sys/devices/system/cpu/cpu11/topology/core_id
[00:31:47] [Render thread/DEBUG] (oshi.util.FileUtil) Reading file /sys/devices/system/cpu/cpu11/topology/physical_package_id
[00:31:47] [Render thread/DEBUG] (oshi.util.FileUtil) Reading file /sys/devices/system/cpu/cpu11/topology/physical_package_id
[00:31:47] [Render thread/DEBUG] (oshi.util.FileUtil) Reading file /sys/devices/system/cpu/cpu11/cpu_capacity
[00:31:47] [Render thread/DEBUG] (oshi.util.FileUtil) Reading file /sys/devices/system/cpu/cpu11/cpu_capacity
[00:31:47] [Render thread/DEBUG] (oshi.util.FileUtil) Reading file /sys/devices/system/cpu/cpu11/cache/index2/level
[00:31:47] [Render thread/DEBUG] (oshi.util.FileUtil) Reading file /sys/devices/system/cpu/cpu11/cache/index2/level
[00:31:47] [Render thread/DEBUG] (oshi.util.FileUtil) Reading file /sys/devices/system/cpu/cpu11/cache/index2/type
[00:31:47] [Render thread/DEBUG] (oshi.util.FileUtil) Reading file /sys/devices/system/cpu/cpu11/cache/index2/type
[00:31:47] [Render thread/DEBUG] (oshi.util.FileUtil) Reading file /sys/devices/system/cpu/cpu11/cache/index2/ways_of_associativity
[00:31:47] [Render thread/DEBUG] (oshi.util.FileUtil) Reading file /sys/devices/system/cpu/cpu11/cache/index2/ways_of_associativity
[00:31:47] [Render thread/DEBUG] (oshi.util.FileUtil) Reading file /sys/devices/system/cpu/cpu11/cache/index2/coherency_line_size
[00:31:47] [Render thread/DEBUG] (oshi.util.FileUtil) Reading file /sys/devices/system/cpu/cpu11/cache/index2/coherency_line_size
[00:31:47] [Render thread/DEBUG] (oshi.util.FileUtil) Reading file /sys/devices/system/cpu/cpu11/cache/index2/size
[00:31:47] [Render thread/DEBUG] (oshi.util.FileUtil) Reading file /sys/devices/system/cpu/cpu11/cache/index2/size
[00:31:47] [Render thread/DEBUG] (oshi.util.FileUtil) Reading file /sys/devices/system/cpu/cpu11/cache/index0/level
[00:31:47] [Render thread/DEBUG] (oshi.util.FileUtil) Reading file /sys/devices/system/cpu/cpu11/cache/index0/level
[00:31:47] [Render thread/DEBUG] (oshi.util.FileUtil) Reading file /sys/devices/system/cpu/cpu11/cache/index0/type
[00:31:47] [Render thread/DEBUG] (oshi.util.FileUtil) Reading file /sys/devices/system/cpu/cpu11/cache/index0/type
[00:31:47] [Render thread/DEBUG] (oshi.util.FileUtil) Reading file /sys/devices/system/cpu/cpu11/cache/index0/ways_of_associativity
[00:31:47] [Render thread/DEBUG] (oshi.util.FileUtil) Reading file /sys/devices/system/cpu/cpu11/cache/index0/ways_of_associativity
[00:31:47] [Render thread/DEBUG] (oshi.util.FileUtil) Reading file /sys/devices/system/cpu/cpu11/cache/index0/coherency_line_size
[00:31:47] [Render thread/DEBUG] (oshi.util.FileUtil) Reading file /sys/devices/system/cpu/cpu11/cache/index0/coherency_line_size
[00:31:47] [Render thread/DEBUG] (oshi.util.FileUtil) Reading file /sys/devices/system/cpu/cpu11/cache/index0/size
[00:31:47] [Render thread/DEBUG] (oshi.util.FileUtil) Reading file /sys/devices/system/cpu/cpu11/cache/index0/size
[00:31:47] [Render thread/DEBUG] (oshi.util.FileUtil) Reading file /sys/devices/system/cpu/cpu11/cache/index3/level
[00:31:47] [Render thread/DEBUG] (oshi.util.FileUtil) Reading file /sys/devices/system/cpu/cpu11/cache/index3/level
[00:31:47] [Render thread/DEBUG] (oshi.util.FileUtil) Reading file /sys/devices/system/cpu/cpu11/cache/index3/type
[00:31:47] [Render thread/DEBUG] (oshi.util.FileUtil) Reading file /sys/devices/system/cpu/cpu11/cache/index3/type
[00:31:47] [Render thread/DEBUG] (oshi.util.FileUtil) Reading file /sys/devices/system/cpu/cpu11/cache/index3/ways_of_associativity
[00:31:47] [Render thread/DEBUG] (oshi.util.FileUtil) Reading file /sys/devices/system/cpu/cpu11/cache/index3/ways_of_associativity
[00:31:47] [Render thread/DEBUG] (oshi.util.FileUtil) Reading file /sys/devices/system/cpu/cpu11/cache/index3/coherency_line_size
[00:31:47] [Render thread/DEBUG] (oshi.util.FileUtil) Reading file /sys/devices/system/cpu/cpu11/cache/index3/coherency_line_size
[00:31:47] [Render thread/DEBUG] (oshi.util.FileUtil) Reading file /sys/devices/system/cpu/cpu11/cache/index3/size
[00:31:47] [Render thread/DEBUG] (oshi.util.FileUtil) Reading file /sys/devices/system/cpu/cpu11/cache/index3/size
[00:31:47] [Render thread/DEBUG] (oshi.util.FileUtil) Reading file /sys/devices/system/cpu/cpu11/cache/index1/level
[00:31:47] [Render thread/DEBUG] (oshi.util.FileUtil) Reading file /sys/devices/system/cpu/cpu11/cache/index1/level
[00:31:47] [Render thread/DEBUG] (oshi.util.FileUtil) Reading file /sys/devices/system/cpu/cpu11/cache/index1/type
[00:31:47] [Render thread/DEBUG] (oshi.util.FileUtil) Reading file /sys/devices/system/cpu/cpu11/cache/index1/type
[00:31:47] [Render thread/DEBUG] (oshi.util.FileUtil) Reading file /sys/devices/system/cpu/cpu11/cache/index1/ways_of_associativity
[00:31:47] [Render thread/DEBUG] (oshi.util.FileUtil) Reading file /sys/devices/system/cpu/cpu11/cache/index1/ways_of_associativity
[00:31:47] [Render thread/DEBUG] (oshi.util.FileUtil) Reading file /sys/devices/system/cpu/cpu11/cache/index1/coherency_line_size
[00:31:47] [Render thread/DEBUG] (oshi.util.FileUtil) Reading file /sys/devices/system/cpu/cpu11/cache/index1/coherency_line_size
[00:31:47] [Render thread/DEBUG] (oshi.util.FileUtil) Reading file /sys/devices/system/cpu/cpu11/cache/index1/size
[00:31:47] [Render thread/DEBUG] (oshi.util.FileUtil) Reading file /sys/devices/system/cpu/cpu11/cache/index1/size
[00:31:47] [Render thread/DEBUG] (oshi.util.FileUtil) Reading file /sys/devices/system/cpu/cpu2/topology/core_id
[00:31:47] [Render thread/DEBUG] (oshi.util.FileUtil) Reading file /sys/devices/system/cpu/cpu2/topology/core_id
[00:31:47] [Render thread/DEBUG] (oshi.util.FileUtil) Reading file /sys/devices/system/cpu/cpu2/topology/physical_package_id
[00:31:47] [Render thread/DEBUG] (oshi.util.FileUtil) Reading file /sys/devices/system/cpu/cpu2/topology/physical_package_id
[00:31:47] [Render thread/DEBUG] (oshi.util.FileUtil) Reading file /sys/devices/system/cpu/cpu2/cpu_capacity
[00:31:47] [Render thread/DEBUG] (oshi.util.FileUtil) Reading file /sys/devices/system/cpu/cpu2/cpu_capacity
[00:31:47] [Render thread/DEBUG] (oshi.util.FileUtil) Reading file /sys/devices/system/cpu/cpu2/cache/index2/level
[00:31:47] [Render thread/DEBUG] (oshi.util.FileUtil) Reading file /sys/devices/system/cpu/cpu2/cache/index2/level
[00:31:47] [Render thread/DEBUG] (oshi.util.FileUtil) Reading file /sys/devices/system/cpu/cpu2/cache/index2/type
[00:31:47] [Render thread/DEBUG] (oshi.util.FileUtil) Reading file /sys/devices/system/cpu/cpu2/cache/index2/type
[00:31:47] [Render thread/DEBUG] (oshi.util.FileUtil) Reading file /sys/devices/system/cpu/cpu2/cache/index2/ways_of_associativity
[00:31:47] [Render thread/DEBUG] (oshi.util.FileUtil) Reading file /sys/devices/system/cpu/cpu2/cache/index2/ways_of_associativity
[00:31:47] [Render thread/DEBUG] (oshi.util.FileUtil) Reading file /sys/devices/system/cpu/cpu2/cache/index2/coherency_line_size
[00:31:47] [Render thread/DEBUG] (oshi.util.FileUtil) Reading file /sys/devices/system/cpu/cpu2/cache/index2/coherency_line_size
[00:31:47] [Render thread/DEBUG] (oshi.util.FileUtil) Reading file /sys/devices/system/cpu/cpu2/cache/index2/size
[00:31:47] [Render thread/DEBUG] (oshi.util.FileUtil) Reading file /sys/devices/system/cpu/cpu2/cache/index2/size
[00:31:47] [Render thread/DEBUG] (oshi.util.FileUtil) Reading file /sys/devices/system/cpu/cpu2/cache/index0/level
[00:31:47] [Render thread/DEBUG] (oshi.util.FileUtil) Reading file /sys/devices/system/cpu/cpu2/cache/index0/level
[00:31:47] [Render thread/DEBUG] (oshi.util.FileUtil) Reading file /sys/devices/system/cpu/cpu2/cache/index0/type
[00:31:47] [Render thread/DEBUG] (oshi.util.FileUtil) Reading file /sys/devices/system/cpu/cpu2/cache/index0/type
[00:31:47] [Render thread/DEBUG] (oshi.util.FileUtil) Reading file /sys/devices/system/cpu/cpu2/cache/index0/ways_of_associativity
[00:31:47] [Render thread/DEBUG] (oshi.util.FileUtil) Reading file /sys/devices/system/cpu/cpu2/cache/index0/ways_of_associativity
[00:31:47] [Render thread/DEBUG] (oshi.util.FileUtil) Reading file /sys/devices/system/cpu/cpu2/cache/index0/coherency_line_size
[00:31:47] [Render thread/DEBUG] (oshi.util.FileUtil) Reading file /sys/devices/system/cpu/cpu2/cache/index0/coherency_line_size
[00:31:47] [Render thread/DEBUG] (oshi.util.FileUtil) Reading file /sys/devices/system/cpu/cpu2/cache/index0/size
[00:31:47] [Render thread/DEBUG] (oshi.util.FileUtil) Reading file /sys/devices/system/cpu/cpu2/cache/index0/size
[00:31:47] [Render thread/DEBUG] (oshi.util.FileUtil) Reading file /sys/devices/system/cpu/cpu2/cache/index3/level
[00:31:47] [Render thread/DEBUG] (oshi.util.FileUtil) Reading file /sys/devices/system/cpu/cpu2/cache/index3/level
[00:31:47] [Render thread/DEBUG] (oshi.util.FileUtil) Reading file /sys/devices/system/cpu/cpu2/cache/index3/type
[00:31:47] [Render thread/DEBUG] (oshi.util.FileUtil) Reading file /sys/devices/system/cpu/cpu2/cache/index3/type
[00:31:47] [Render thread/DEBUG] (oshi.util.FileUtil) Reading file /sys/devices/system/cpu/cpu2/cache/index3/ways_of_associativity
[00:31:47] [Render thread/DEBUG] (oshi.util.FileUtil) Reading file /sys/devices/system/cpu/cpu2/cache/index3/ways_of_associativity
[00:31:47] [Render thread/DEBUG] (oshi.util.FileUtil) Reading file /sys/devices/system/cpu/cpu2/cache/index3/coherency_line_size
[00:31:47] [Render thread/DEBUG] (oshi.util.FileUtil) Reading file /sys/devices/system/cpu/cpu2/cache/index3/coherency_line_size
[00:31:47] [Render thread/DEBUG] (oshi.util.FileUtil) Reading file /sys/devices/system/cpu/cpu2/cache/index3/size
[00:31:47] [Render thread/DEBUG] (oshi.util.FileUtil) Reading file /sys/devices/system/cpu/cpu2/cache/index3/size
[00:31:47] [Render thread/DEBUG] (oshi.util.FileUtil) Reading file /sys/devices/system/cpu/cpu2/cache/index1/level
[00:31:47] [Render thread/DEBUG] (oshi.util.FileUtil) Reading file /sys/devices/system/cpu/cpu2/cache/index1/level
[00:31:47] [Render thread/DEBUG] (oshi.util.FileUtil) Reading file /sys/devices/system/cpu/cpu2/cache/index1/type
[00:31:47] [Render thread/DEBUG] (oshi.util.FileUtil) Reading file /sys/devices/system/cpu/cpu2/cache/index1/type
[00:31:47] [Render thread/DEBUG] (oshi.util.FileUtil) Reading file /sys/devices/system/cpu/cpu2/cache/index1/ways_of_associativity
[00:31:47] [Render thread/DEBUG] (oshi.util.FileUtil) Reading file /sys/devices/system/cpu/cpu2/cache/index1/ways_of_associativity
[00:31:47] [Render thread/DEBUG] (oshi.util.FileUtil) Reading file /sys/devices/system/cpu/cpu2/cache/index1/coherency_line_size
[00:31:47] [Render thread/DEBUG] (oshi.util.FileUtil) Reading file /sys/devices/system/cpu/cpu2/cache/index1/coherency_line_size
[00:31:47] [Render thread/DEBUG] (oshi.util.FileUtil) Reading file /sys/devices/system/cpu/cpu2/cache/index1/size
[00:31:47] [Render thread/DEBUG] (oshi.util.FileUtil) Reading file /sys/devices/system/cpu/cpu2/cache/index1/size
[00:31:47] [Render thread/DEBUG] (oshi.util.FileUtil) Reading file /sys/devices/system/cpu/cpu3/topology/core_id
[00:31:47] [Render thread/DEBUG] (oshi.util.FileUtil) Reading file /sys/devices/system/cpu/cpu3/topology/core_id
[00:31:47] [Render thread/DEBUG] (oshi.util.FileUtil) Reading file /sys/devices/system/cpu/cpu3/topology/physical_package_id
[00:31:47] [Render thread/DEBUG] (oshi.util.FileUtil) Reading file /sys/devices/system/cpu/cpu3/topology/physical_package_id
[00:31:47] [Render thread/DEBUG] (oshi.util.FileUtil) Reading file /sys/devices/system/cpu/cpu3/cpu_capacity
[00:31:47] [Render thread/DEBUG] (oshi.util.FileUtil) Reading file /sys/devices/system/cpu/cpu3/cpu_capacity
[00:31:47] [Render thread/DEBUG] (oshi.util.FileUtil) Reading file /sys/devices/system/cpu/cpu3/cache/index2/level
[00:31:47] [Render thread/DEBUG] (oshi.util.FileUtil) Reading file /sys/devices/system/cpu/cpu3/cache/index2/level
[00:31:47] [Render thread/DEBUG] (oshi.util.FileUtil) Reading file /sys/devices/system/cpu/cpu3/cache/index2/type
[00:31:47] [Render thread/DEBUG] (oshi.util.FileUtil) Reading file /sys/devices/system/cpu/cpu3/cache/index2/type
[00:31:47] [Render thread/DEBUG] (oshi.util.FileUtil) Reading file /sys/devices/system/cpu/cpu3/cache/index2/ways_of_associativity
[00:31:47] [Render thread/DEBUG] (oshi.util.FileUtil) Reading file /sys/devices/system/cpu/cpu3/cache/index2/ways_of_associativity
[00:31:47] [Render thread/DEBUG] (oshi.util.FileUtil) Reading file /sys/devices/system/cpu/cpu3/cache/index2/coherency_line_size
[00:31:47] [Render thread/DEBUG] (oshi.util.FileUtil) Reading file /sys/devices/system/cpu/cpu3/cache/index2/coherency_line_size
[00:31:47] [Render thread/DEBUG] (oshi.util.FileUtil) Reading file /sys/devices/system/cpu/cpu3/cache/index2/size
[00:31:47] [Render thread/DEBUG] (oshi.util.FileUtil) Reading file /sys/devices/system/cpu/cpu3/cache/index2/size
[00:31:47] [Render thread/DEBUG] (oshi.util.FileUtil) Reading file /sys/devices/system/cpu/cpu3/cache/index0/level
[00:31:47] [Render thread/DEBUG] (oshi.util.FileUtil) Reading file /sys/devices/system/cpu/cpu3/cache/index0/level
[00:31:47] [Render thread/DEBUG] (oshi.util.FileUtil) Reading file /sys/devices/system/cpu/cpu3/cache/index0/type
[00:31:47] [Render thread/DEBUG] (oshi.util.FileUtil) Reading file /sys/devices/system/cpu/cpu3/cache/index0/type
[00:31:47] [Render thread/DEBUG] (oshi.util.FileUtil) Reading file /sys/devices/system/cpu/cpu3/cache/index0/ways_of_associativity
[00:31:47] [Render thread/DEBUG] (oshi.util.FileUtil) Reading file /sys/devices/system/cpu/cpu3/cache/index0/ways_of_associativity
[00:31:47] [Render thread/DEBUG] (oshi.util.FileUtil) Reading file /sys/devices/system/cpu/cpu3/cache/index0/coherency_line_size
[00:31:47] [Render thread/DEBUG] (oshi.util.FileUtil) Reading file /sys/devices/system/cpu/cpu3/cache/index0/coherency_line_size
[00:31:47] [Render thread/DEBUG] (oshi.util.FileUtil) Reading file /sys/devices/system/cpu/cpu3/cache/index0/size
[00:31:47] [Render thread/DEBUG] (oshi.util.FileUtil) Reading file /sys/devices/system/cpu/cpu3/cache/index0/size
[00:31:47] [Render thread/DEBUG] (oshi.util.FileUtil) Reading file /sys/devices/system/cpu/cpu3/cache/index3/level
[00:31:47] [Render thread/DEBUG] (oshi.util.FileUtil) Reading file /sys/devices/system/cpu/cpu3/cache/index3/level
[00:31:47] [Render thread/DEBUG] (oshi.util.FileUtil) Reading file /sys/devices/system/cpu/cpu3/cache/index3/type
[00:31:47] [Render thread/DEBUG] (oshi.util.FileUtil) Reading file /sys/devices/system/cpu/cpu3/cache/index3/type
[00:31:47] [Render thread/DEBUG] (oshi.util.FileUtil) Reading file /sys/devices/system/cpu/cpu3/cache/index3/ways_of_associativity
[00:31:47] [Render thread/DEBUG] (oshi.util.FileUtil) Reading file /sys/devices/system/cpu/cpu3/cache/index3/ways_of_associativity
[00:31:47] [Render thread/DEBUG] (oshi.util.FileUtil) Reading file /sys/devices/system/cpu/cpu3/cache/index3/coherency_line_size
[00:31:47] [Render thread/DEBUG] (oshi.util.FileUtil) Reading file /sys/devices/system/cpu/cpu3/cache/index3/coherency_line_size
[00:31:47] [Render thread/DEBUG] (oshi.util.FileUtil) Reading file /sys/devices/system/cpu/cpu3/cache/index3/size
[00:31:47] [Render thread/DEBUG] (oshi.util.FileUtil) Reading file /sys/devices/system/cpu/cpu3/cache/index3/size
[00:31:47] [Render thread/DEBUG] (oshi.util.FileUtil) Reading file /sys/devices/system/cpu/cpu3/cache/index1/level
[00:31:47] [Render thread/DEBUG] (oshi.util.FileUtil) Reading file /sys/devices/system/cpu/cpu3/cache/index1/level
[00:31:47] [Render thread/DEBUG] (oshi.util.FileUtil) Reading file /sys/devices/system/cpu/cpu3/cache/index1/type
[00:31:47] [Render thread/DEBUG] (oshi.util.FileUtil) Reading file /sys/devices/system/cpu/cpu3/cache/index1/type
[00:31:47] [Render thread/DEBUG] (oshi.util.FileUtil) Reading file /sys/devices/system/cpu/cpu3/cache/index1/ways_of_associativity
[00:31:47] [Render thread/DEBUG] (oshi.util.FileUtil) Reading file /sys/devices/system/cpu/cpu3/cache/index1/ways_of_associativity
[00:31:47] [Render thread/DEBUG] (oshi.util.FileUtil) Reading file /sys/devices/system/cpu/cpu3/cache/index1/coherency_line_size
[00:31:47] [Render thread/DEBUG] (oshi.util.FileUtil) Reading file /sys/devices/system/cpu/cpu3/cache/index1/coherency_line_size
[00:31:47] [Render thread/DEBUG] (oshi.util.FileUtil) Reading file /sys/devices/system/cpu/cpu3/cache/index1/size
[00:31:47] [Render thread/DEBUG] (oshi.util.FileUtil) Reading file /sys/devices/system/cpu/cpu3/cache/index1/size
[00:31:47] [Render thread/DEBUG] (oshi.util.FileUtil) Reading file /sys/devices/system/cpu/cpu4/topology/core_id
[00:31:47] [Render thread/DEBUG] (oshi.util.FileUtil) Reading file /sys/devices/system/cpu/cpu4/topology/core_id
[00:31:47] [Render thread/DEBUG] (oshi.util.FileUtil) Reading file /sys/devices/system/cpu/cpu4/topology/physical_package_id
[00:31:47] [Render thread/DEBUG] (oshi.util.FileUtil) Reading file /sys/devices/system/cpu/cpu4/topology/physical_package_id
[00:31:47] [Render thread/DEBUG] (oshi.util.FileUtil) Reading file /sys/devices/system/cpu/cpu4/cpu_capacity
[00:31:47] [Render thread/DEBUG] (oshi.util.FileUtil) Reading file /sys/devices/system/cpu/cpu4/cpu_capacity
[00:31:47] [Render thread/DEBUG] (oshi.util.FileUtil) Reading file /sys/devices/system/cpu/cpu4/cache/index2/level
[00:31:47] [Render thread/DEBUG] (oshi.util.FileUtil) Reading file /sys/devices/system/cpu/cpu4/cache/index2/level
[00:31:47] [Render thread/DEBUG] (oshi.util.FileUtil) Reading file /sys/devices/system/cpu/cpu4/cache/index2/type
[00:31:47] [Render thread/DEBUG] (oshi.util.FileUtil) Reading file /sys/devices/system/cpu/cpu4/cache/index2/type
[00:31:47] [Render thread/DEBUG] (oshi.util.FileUtil) Reading file /sys/devices/system/cpu/cpu4/cache/index2/ways_of_associativity
[00:31:47] [Render thread/DEBUG] (oshi.util.FileUtil) Reading file /sys/devices/system/cpu/cpu4/cache/index2/ways_of_associativity
[00:31:47] [Render thread/DEBUG] (oshi.util.FileUtil) Reading file /sys/devices/system/cpu/cpu4/cache/index2/coherency_line_size
[00:31:47] [Render thread/DEBUG] (oshi.util.FileUtil) Reading file /sys/devices/system/cpu/cpu4/cache/index2/coherency_line_size
[00:31:47] [Render thread/DEBUG] (oshi.util.FileUtil) Reading file /sys/devices/system/cpu/cpu4/cache/index2/size
[00:31:47] [Render thread/DEBUG] (oshi.util.FileUtil) Reading file /sys/devices/system/cpu/cpu4/cache/index2/size
[00:31:47] [Render thread/DEBUG] (oshi.util.FileUtil) Reading file /sys/devices/system/cpu/cpu4/cache/index0/level
[00:31:47] [Render thread/DEBUG] (oshi.util.FileUtil) Reading file /sys/devices/system/cpu/cpu4/cache/index0/level
[00:31:47] [Render thread/DEBUG] (oshi.util.FileUtil) Reading file /sys/devices/system/cpu/cpu4/cache/index0/type
[00:31:47] [Render thread/DEBUG] (oshi.util.FileUtil) Reading file /sys/devices/system/cpu/cpu4/cache/index0/type
[00:31:47] [Render thread/DEBUG] (oshi.util.FileUtil) Reading file /sys/devices/system/cpu/cpu4/cache/index0/ways_of_associativity
[00:31:47] [Render thread/DEBUG] (oshi.util.FileUtil) Reading file /sys/devices/system/cpu/cpu4/cache/index0/ways_of_associativity
[00:31:47] [Render thread/DEBUG] (oshi.util.FileUtil) Reading file /sys/devices/system/cpu/cpu4/cache/index0/coherency_line_size
[00:31:47] [Render thread/DEBUG] (oshi.util.FileUtil) Reading file /sys/devices/system/cpu/cpu4/cache/index0/coherency_line_size
[00:31:47] [Render thread/DEBUG] (oshi.util.FileUtil) Reading file /sys/devices/system/cpu/cpu4/cache/index0/size
[00:31:47] [Render thread/DEBUG] (oshi.util.FileUtil) Reading file /sys/devices/system/cpu/cpu4/cache/index0/size
[00:31:47] [Render thread/DEBUG] (oshi.util.FileUtil) Reading file /sys/devices/system/cpu/cpu4/cache/index3/level
[00:31:47] [Render thread/DEBUG] (oshi.util.FileUtil) Reading file /sys/devices/system/cpu/cpu4/cache/index3/level
[00:31:47] [Render thread/DEBUG] (oshi.util.FileUtil) Reading file /sys/devices/system/cpu/cpu4/cache/index3/type
[00:31:47] [Render thread/DEBUG] (oshi.util.FileUtil) Reading file /sys/devices/system/cpu/cpu4/cache/index3/type
[00:31:47] [Render thread/DEBUG] (oshi.util.FileUtil) Reading file /sys/devices/system/cpu/cpu4/cache/index3/ways_of_associativity
[00:31:47] [Render thread/DEBUG] (oshi.util.FileUtil) Reading file /sys/devices/system/cpu/cpu4/cache/index3/ways_of_associativity
[00:31:47] [Render thread/DEBUG] (oshi.util.FileUtil) Reading file /sys/devices/system/cpu/cpu4/cache/index3/coherency_line_size
[00:31:47] [Render thread/DEBUG] (oshi.util.FileUtil) Reading file /sys/devices/system/cpu/cpu4/cache/index3/coherency_line_size
[00:31:47] [Render thread/DEBUG] (oshi.util.FileUtil) Reading file /sys/devices/system/cpu/cpu4/cache/index3/size
[00:31:47] [Render thread/DEBUG] (oshi.util.FileUtil) Reading file /sys/devices/system/cpu/cpu4/cache/index3/size
[00:31:47] [Render thread/DEBUG] (oshi.util.FileUtil) Reading file /sys/devices/system/cpu/cpu4/cache/index1/level
[00:31:47] [Render thread/DEBUG] (oshi.util.FileUtil) Reading file /sys/devices/system/cpu/cpu4/cache/index1/level
[00:31:47] [Render thread/DEBUG] (oshi.util.FileUtil) Reading file /sys/devices/system/cpu/cpu4/cache/index1/type
[00:31:47] [Render thread/DEBUG] (oshi.util.FileUtil) Reading file /sys/devices/system/cpu/cpu4/cache/index1/type
[00:31:47] [Render thread/DEBUG] (oshi.util.FileUtil) Reading file /sys/devices/system/cpu/cpu4/cache/index1/ways_of_associativity
[00:31:47] [Render thread/DEBUG] (oshi.util.FileUtil) Reading file /sys/devices/system/cpu/cpu4/cache/index1/ways_of_associativity
[00:31:47] [Render thread/DEBUG] (oshi.util.FileUtil) Reading file /sys/devices/system/cpu/cpu4/cache/index1/coherency_line_size
[00:31:47] [Render thread/DEBUG] (oshi.util.FileUtil) Reading file /sys/devices/system/cpu/cpu4/cache/index1/coherency_line_size
[00:31:47] [Render thread/DEBUG] (oshi.util.FileUtil) Reading file /sys/devices/system/cpu/cpu4/cache/index1/size
[00:31:47] [Render thread/DEBUG] (oshi.util.FileUtil) Reading file /sys/devices/system/cpu/cpu4/cache/index1/size
[00:31:47] [Render thread/DEBUG] (oshi.util.FileUtil) Reading file /sys/devices/system/cpu/cpu5/topology/core_id
[00:31:47] [Render thread/DEBUG] (oshi.util.FileUtil) Reading file /sys/devices/system/cpu/cpu5/topology/core_id
[00:31:47] [Render thread/DEBUG] (oshi.util.FileUtil) Reading file /sys/devices/system/cpu/cpu5/topology/physical_package_id
[00:31:47] [Render thread/DEBUG] (oshi.util.FileUtil) Reading file /sys/devices/system/cpu/cpu5/topology/physical_package_id
[00:31:47] [Render thread/DEBUG] (oshi.util.FileUtil) Reading file /sys/devices/system/cpu/cpu5/cpu_capacity
[00:31:47] [Render thread/DEBUG] (oshi.util.FileUtil) Reading file /sys/devices/system/cpu/cpu5/cpu_capacity
[00:31:47] [Render thread/DEBUG] (oshi.util.FileUtil) Reading file /sys/devices/system/cpu/cpu5/cache/index2/level
[00:31:47] [Render thread/DEBUG] (oshi.util.FileUtil) Reading file /sys/devices/system/cpu/cpu5/cache/index2/level
[00:31:47] [Render thread/DEBUG] (oshi.util.FileUtil) Reading file /sys/devices/system/cpu/cpu5/cache/index2/type
[00:31:47] [Render thread/DEBUG] (oshi.util.FileUtil) Reading file /sys/devices/system/cpu/cpu5/cache/index2/type
[00:31:47] [Render thread/DEBUG] (oshi.util.FileUtil) Reading file /sys/devices/system/cpu/cpu5/cache/index2/ways_of_associativity
[00:31:47] [Render thread/DEBUG] (oshi.util.FileUtil) Reading file /sys/devices/system/cpu/cpu5/cache/index2/ways_of_associativity
[00:31:47] [Render thread/DEBUG] (oshi.util.FileUtil) Reading file /sys/devices/system/cpu/cpu5/cache/index2/coherency_line_size
[00:31:47] [Render thread/DEBUG] (oshi.util.FileUtil) Reading file /sys/devices/system/cpu/cpu5/cache/index2/coherency_line_size
[00:31:47] [Render thread/DEBUG] (oshi.util.FileUtil) Reading file /sys/devices/system/cpu/cpu5/cache/index2/size
[00:31:47] [Render thread/DEBUG] (oshi.util.FileUtil) Reading file /sys/devices/system/cpu/cpu5/cache/index2/size
[00:31:47] [Render thread/DEBUG] (oshi.util.FileUtil) Reading file /sys/devices/system/cpu/cpu5/cache/index0/level
[00:31:47] [Render thread/DEBUG] (oshi.util.FileUtil) Reading file /sys/devices/system/cpu/cpu5/cache/index0/level
[00:31:47] [Render thread/DEBUG] (oshi.util.FileUtil) Reading file /sys/devices/system/cpu/cpu5/cache/index0/type
[00:31:47] [Render thread/DEBUG] (oshi.util.FileUtil) Reading file /sys/devices/system/cpu/cpu5/cache/index0/type
[00:31:47] [Render thread/DEBUG] (oshi.util.FileUtil) Reading file /sys/devices/system/cpu/cpu5/cache/index0/ways_of_associativity
[00:31:47] [Render thread/DEBUG] (oshi.util.FileUtil) Reading file /sys/devices/system/cpu/cpu5/cache/index0/ways_of_associativity
[00:31:47] [Render thread/DEBUG] (oshi.util.FileUtil) Reading file /sys/devices/system/cpu/cpu5/cache/index0/coherency_line_size
[00:31:47] [Render thread/DEBUG] (oshi.util.FileUtil) Reading file /sys/devices/system/cpu/cpu5/cache/index0/coherency_line_size
[00:31:47] [Render thread/DEBUG] (oshi.util.FileUtil) Reading file /sys/devices/system/cpu/cpu5/cache/index0/size
[00:31:47] [Render thread/DEBUG] (oshi.util.FileUtil) Reading file /sys/devices/system/cpu/cpu5/cache/index0/size
[00:31:47] [Render thread/DEBUG] (oshi.util.FileUtil) Reading file /sys/devices/system/cpu/cpu5/cache/index3/level
[00:31:47] [Render thread/DEBUG] (oshi.util.FileUtil) Reading file /sys/devices/system/cpu/cpu5/cache/index3/level
[00:31:47] [Render thread/DEBUG] (oshi.util.FileUtil) Reading file /sys/devices/system/cpu/cpu5/cache/index3/type
[00:31:47] [Render thread/DEBUG] (oshi.util.FileUtil) Reading file /sys/devices/system/cpu/cpu5/cache/index3/type
[00:31:47] [Render thread/DEBUG] (oshi.util.FileUtil) Reading file /sys/devices/system/cpu/cpu5/cache/index3/ways_of_associativity
[00:31:47] [Render thread/DEBUG] (oshi.util.FileUtil) Reading file /sys/devices/system/cpu/cpu5/cache/index3/ways_of_associativity
[00:31:47] [Render thread/DEBUG] (oshi.util.FileUtil) Reading file /sys/devices/system/cpu/cpu5/cache/index3/coherency_line_size
[00:31:47] [Render thread/DEBUG] (oshi.util.FileUtil) Reading file /sys/devices/system/cpu/cpu5/cache/index3/coherency_line_size
[00:31:47] [Render thread/DEBUG] (oshi.util.FileUtil) Reading file /sys/devices/system/cpu/cpu5/cache/index3/size
[00:31:47] [Render thread/DEBUG] (oshi.util.FileUtil) Reading file /sys/devices/system/cpu/cpu5/cache/index3/size
[00:31:47] [Render thread/DEBUG] (oshi.util.FileUtil) Reading file /sys/devices/system/cpu/cpu5/cache/index1/level
[00:31:47] [Render thread/DEBUG] (oshi.util.FileUtil) Reading file /sys/devices/system/cpu/cpu5/cache/index1/level
[00:31:47] [Render thread/DEBUG] (oshi.util.FileUtil) Reading file /sys/devices/system/cpu/cpu5/cache/index1/type
[00:31:47] [Render thread/DEBUG] (oshi.util.FileUtil) Reading file /sys/devices/system/cpu/cpu5/cache/index1/type
[00:31:47] [Render thread/DEBUG] (oshi.util.FileUtil) Reading file /sys/devices/system/cpu/cpu5/cache/index1/ways_of_associativity
[00:31:47] [Render thread/DEBUG] (oshi.util.FileUtil) Reading file /sys/devices/system/cpu/cpu5/cache/index1/ways_of_associativity
[00:31:47] [Render thread/DEBUG] (oshi.util.FileUtil) Reading file /sys/devices/system/cpu/cpu5/cache/index1/coherency_line_size
[00:31:47] [Render thread/DEBUG] (oshi.util.FileUtil) Reading file /sys/devices/system/cpu/cpu5/cache/index1/coherency_line_size
[00:31:47] [Render thread/DEBUG] (oshi.util.FileUtil) Reading file /sys/devices/system/cpu/cpu5/cache/index1/size
[00:31:47] [Render thread/DEBUG] (oshi.util.FileUtil) Reading file /sys/devices/system/cpu/cpu5/cache/index1/size
[00:31:47] [Render thread/DEBUG] (oshi.util.FileUtil) Reading file /sys/devices/system/cpu/cpu6/topology/core_id
[00:31:47] [Render thread/DEBUG] (oshi.util.FileUtil) Reading file /sys/devices/system/cpu/cpu6/topology/core_id
[00:31:47] [Render thread/DEBUG] (oshi.util.FileUtil) Reading file /sys/devices/system/cpu/cpu6/topology/physical_package_id
[00:31:47] [Render thread/DEBUG] (oshi.util.FileUtil) Reading file /sys/devices/system/cpu/cpu6/topology/physical_package_id
[00:31:47] [Render thread/DEBUG] (oshi.util.FileUtil) Reading file /sys/devices/system/cpu/cpu6/cpu_capacity
[00:31:47] [Render thread/DEBUG] (oshi.util.FileUtil) Reading file /sys/devices/system/cpu/cpu6/cpu_capacity
[00:31:47] [Render thread/DEBUG] (oshi.util.FileUtil) Reading file /sys/devices/system/cpu/cpu6/cache/index2/level
[00:31:47] [Render thread/DEBUG] (oshi.util.FileUtil) Reading file /sys/devices/system/cpu/cpu6/cache/index2/level
[00:31:47] [Render thread/DEBUG] (oshi.util.FileUtil) Reading file /sys/devices/system/cpu/cpu6/cache/index2/type
[00:31:47] [Render thread/DEBUG] (oshi.util.FileUtil) Reading file /sys/devices/system/cpu/cpu6/cache/index2/type
[00:31:47] [Render thread/DEBUG] (oshi.util.FileUtil) Reading file /sys/devices/system/cpu/cpu6/cache/index2/ways_of_associativity
[00:31:47] [Render thread/DEBUG] (oshi.util.FileUtil) Reading file /sys/devices/system/cpu/cpu6/cache/index2/ways_of_associativity
[00:31:47] [Render thread/DEBUG] (oshi.util.FileUtil) Reading file /sys/devices/system/cpu/cpu6/cache/index2/coherency_line_size
[00:31:47] [Render thread/DEBUG] (oshi.util.FileUtil) Reading file /sys/devices/system/cpu/cpu6/cache/index2/coherency_line_size
[00:31:47] [Render thread/DEBUG] (oshi.util.FileUtil) Reading file /sys/devices/system/cpu/cpu6/cache/index2/size
[00:31:47] [Render thread/DEBUG] (oshi.util.FileUtil) Reading file /sys/devices/system/cpu/cpu6/cache/index2/size
[00:31:47] [Render thread/DEBUG] (oshi.util.FileUtil) Reading file /sys/devices/system/cpu/cpu6/cache/index0/level
[00:31:47] [Render thread/DEBUG] (oshi.util.FileUtil) Reading file /sys/devices/system/cpu/cpu6/cache/index0/level
[00:31:47] [Render thread/DEBUG] (oshi.util.FileUtil) Reading file /sys/devices/system/cpu/cpu6/cache/index0/type
[00:31:47] [Render thread/DEBUG] (oshi.util.FileUtil) Reading file /sys/devices/system/cpu/cpu6/cache/index0/type
[00:31:47] [Render thread/DEBUG] (oshi.util.FileUtil) Reading file /sys/devices/system/cpu/cpu6/cache/index0/ways_of_associativity
[00:31:47] [Render thread/DEBUG] (oshi.util.FileUtil) Reading file /sys/devices/system/cpu/cpu6/cache/index0/ways_of_associativity
[00:31:47] [Render thread/DEBUG] (oshi.util.FileUtil) Reading file /sys/devices/system/cpu/cpu6/cache/index0/coherency_line_size
[00:31:47] [Render thread/DEBUG] (oshi.util.FileUtil) Reading file /sys/devices/system/cpu/cpu6/cache/index0/coherency_line_size
[00:31:47] [Render thread/DEBUG] (oshi.util.FileUtil) Reading file /sys/devices/system/cpu/cpu6/cache/index0/size
[00:31:47] [Render thread/DEBUG] (oshi.util.FileUtil) Reading file /sys/devices/system/cpu/cpu6/cache/index0/size
[00:31:47] [Render thread/DEBUG] (oshi.util.FileUtil) Reading file /sys/devices/system/cpu/cpu6/cache/index3/level
[00:31:47] [Render thread/DEBUG] (oshi.util.FileUtil) Reading file /sys/devices/system/cpu/cpu6/cache/index3/level
[00:31:47] [Render thread/DEBUG] (oshi.util.FileUtil) Reading file /sys/devices/system/cpu/cpu6/cache/index3/type
[00:31:47] [Render thread/DEBUG] (oshi.util.FileUtil) Reading file /sys/devices/system/cpu/cpu6/cache/index3/type
[00:31:47] [Render thread/DEBUG] (oshi.util.FileUtil) Reading file /sys/devices/system/cpu/cpu6/cache/index3/ways_of_associativity
[00:31:47] [Render thread/DEBUG] (oshi.util.FileUtil) Reading file /sys/devices/system/cpu/cpu6/cache/index3/ways_of_associativity
[00:31:47] [Render thread/DEBUG] (oshi.util.FileUtil) Reading file /sys/devices/system/cpu/cpu6/cache/index3/coherency_line_size
[00:31:47] [Render thread/DEBUG] (oshi.util.FileUtil) Reading file /sys/devices/system/cpu/cpu6/cache/index3/coherency_line_size
[00:31:47] [Render thread/DEBUG] (oshi.util.FileUtil) Reading file /sys/devices/system/cpu/cpu6/cache/index3/size
[00:31:47] [Render thread/DEBUG] (oshi.util.FileUtil) Reading file /sys/devices/system/cpu/cpu6/cache/index3/size
[00:31:47] [Render thread/DEBUG] (oshi.util.FileUtil) Reading file /sys/devices/system/cpu/cpu6/cache/index1/level
[00:31:47] [Render thread/DEBUG] (oshi.util.FileUtil) Reading file /sys/devices/system/cpu/cpu6/cache/index1/level
[00:31:47] [Render thread/DEBUG] (oshi.util.FileUtil) Reading file /sys/devices/system/cpu/cpu6/cache/index1/type
[00:31:47] [Render thread/DEBUG] (oshi.util.FileUtil) Reading file /sys/devices/system/cpu/cpu6/cache/index1/type
[00:31:47] [Render thread/DEBUG] (oshi.util.FileUtil) Reading file /sys/devices/system/cpu/cpu6/cache/index1/ways_of_associativity
[00:31:47] [Render thread/DEBUG] (oshi.util.FileUtil) Reading file /sys/devices/system/cpu/cpu6/cache/index1/ways_of_associativity
[00:31:47] [Render thread/DEBUG] (oshi.util.FileUtil) Reading file /sys/devices/system/cpu/cpu6/cache/index1/coherency_line_size
[00:31:47] [Render thread/DEBUG] (oshi.util.FileUtil) Reading file /sys/devices/system/cpu/cpu6/cache/index1/coherency_line_size
[00:31:47] [Render thread/DEBUG] (oshi.util.FileUtil) Reading file /sys/devices/system/cpu/cpu6/cache/index1/size
[00:31:47] [Render thread/DEBUG] (oshi.util.FileUtil) Reading file /sys/devices/system/cpu/cpu6/cache/index1/size
[00:31:47] [Render thread/DEBUG] (oshi.util.FileUtil) Reading file /sys/devices/system/cpu/cpu7/topology/core_id
[00:31:47] [Render thread/DEBUG] (oshi.util.FileUtil) Reading file /sys/devices/system/cpu/cpu7/topology/core_id
[00:31:47] [Render thread/DEBUG] (oshi.util.FileUtil) Reading file /sys/devices/system/cpu/cpu7/topology/physical_package_id
[00:31:47] [Render thread/DEBUG] (oshi.util.FileUtil) Reading file /sys/devices/system/cpu/cpu7/topology/physical_package_id
[00:31:47] [Render thread/DEBUG] (oshi.util.FileUtil) Reading file /sys/devices/system/cpu/cpu7/cpu_capacity
[00:31:47] [Render thread/DEBUG] (oshi.util.FileUtil) Reading file /sys/devices/system/cpu/cpu7/cpu_capacity
[00:31:47] [Render thread/DEBUG] (oshi.util.FileUtil) Reading file /sys/devices/system/cpu/cpu7/cache/index2/level
[00:31:47] [Render thread/DEBUG] (oshi.util.FileUtil) Reading file /sys/devices/system/cpu/cpu7/cache/index2/level
[00:31:47] [Render thread/DEBUG] (oshi.util.FileUtil) Reading file /sys/devices/system/cpu/cpu7/cache/index2/type
[00:31:47] [Render thread/DEBUG] (oshi.util.FileUtil) Reading file /sys/devices/system/cpu/cpu7/cache/index2/type
[00:31:47] [Render thread/DEBUG] (oshi.util.FileUtil) Reading file /sys/devices/system/cpu/cpu7/cache/index2/ways_of_associativity
[00:31:47] [Render thread/DEBUG] (oshi.util.FileUtil) Reading file /sys/devices/system/cpu/cpu7/cache/index2/ways_of_associativity
[00:31:47] [Render thread/DEBUG] (oshi.util.FileUtil) Reading file /sys/devices/system/cpu/cpu7/cache/index2/coherency_line_size
[00:31:47] [Render thread/DEBUG] (oshi.util.FileUtil) Reading file /sys/devices/system/cpu/cpu7/cache/index2/coherency_line_size
[00:31:47] [Render thread/DEBUG] (oshi.util.FileUtil) Reading file /sys/devices/system/cpu/cpu7/cache/index2/size
[00:31:47] [Render thread/DEBUG] (oshi.util.FileUtil) Reading file /sys/devices/system/cpu/cpu7/cache/index2/size
[00:31:47] [Render thread/DEBUG] (oshi.util.FileUtil) Reading file /sys/devices/system/cpu/cpu7/cache/index0/level
[00:31:47] [Render thread/DEBUG] (oshi.util.FileUtil) Reading file /sys/devices/system/cpu/cpu7/cache/index0/level
[00:31:47] [Render thread/DEBUG] (oshi.util.FileUtil) Reading file /sys/devices/system/cpu/cpu7/cache/index0/type
[00:31:47] [Render thread/DEBUG] (oshi.util.FileUtil) Reading file /sys/devices/system/cpu/cpu7/cache/index0/type
[00:31:47] [Render thread/DEBUG] (oshi.util.FileUtil) Reading file /sys/devices/system/cpu/cpu7/cache/index0/ways_of_associativity
[00:31:47] [Render thread/DEBUG] (oshi.util.FileUtil) Reading file /sys/devices/system/cpu/cpu7/cache/index0/ways_of_associativity
[00:31:47] [Render thread/DEBUG] (oshi.util.FileUtil) Reading file /sys/devices/system/cpu/cpu7/cache/index0/coherency_line_size
[00:31:47] [Render thread/DEBUG] (oshi.util.FileUtil) Reading file /sys/devices/system/cpu/cpu7/cache/index0/coherency_line_size
[00:31:47] [Render thread/DEBUG] (oshi.util.FileUtil) Reading file /sys/devices/system/cpu/cpu7/cache/index0/size
[00:31:47] [Render thread/DEBUG] (oshi.util.FileUtil) Reading file /sys/devices/system/cpu/cpu7/cache/index0/size
[00:31:47] [Render thread/DEBUG] (oshi.util.FileUtil) Reading file /sys/devices/system/cpu/cpu7/cache/index3/level
[00:31:47] [Render thread/DEBUG] (oshi.util.FileUtil) Reading file /sys/devices/system/cpu/cpu7/cache/index3/level
[00:31:47] [Render thread/DEBUG] (oshi.util.FileUtil) Reading file /sys/devices/system/cpu/cpu7/cache/index3/type
[00:31:47] [Render thread/DEBUG] (oshi.util.FileUtil) Reading file /sys/devices/system/cpu/cpu7/cache/index3/type
[00:31:47] [Render thread/DEBUG] (oshi.util.FileUtil) Reading file /sys/devices/system/cpu/cpu7/cache/index3/ways_of_associativity
[00:31:47] [Render thread/DEBUG] (oshi.util.FileUtil) Reading file /sys/devices/system/cpu/cpu7/cache/index3/ways_of_associativity
[00:31:47] [Render thread/DEBUG] (oshi.util.FileUtil) Reading file /sys/devices/system/cpu/cpu7/cache/index3/coherency_line_size
[00:31:47] [Render thread/DEBUG] (oshi.util.FileUtil) Reading file /sys/devices/system/cpu/cpu7/cache/index3/coherency_line_size
[00:31:47] [Render thread/DEBUG] (oshi.util.FileUtil) Reading file /sys/devices/system/cpu/cpu7/cache/index3/size
[00:31:47] [Render thread/DEBUG] (oshi.util.FileUtil) Reading file /sys/devices/system/cpu/cpu7/cache/index3/size
[00:31:47] [Render thread/DEBUG] (oshi.util.FileUtil) Reading file /sys/devices/system/cpu/cpu7/cache/index1/level
[00:31:47] [Render thread/DEBUG] (oshi.util.FileUtil) Reading file /sys/devices/system/cpu/cpu7/cache/index1/level
[00:31:47] [Render thread/DEBUG] (oshi.util.FileUtil) Reading file /sys/devices/system/cpu/cpu7/cache/index1/type
[00:31:47] [Render thread/DEBUG] (oshi.util.FileUtil) Reading file /sys/devices/system/cpu/cpu7/cache/index1/type
[00:31:47] [Render thread/DEBUG] (oshi.util.FileUtil) Reading file /sys/devices/system/cpu/cpu7/cache/index1/ways_of_associativity
[00:31:47] [Render thread/DEBUG] (oshi.util.FileUtil) Reading file /sys/devices/system/cpu/cpu7/cache/index1/ways_of_associativity
[00:31:47] [Render thread/DEBUG] (oshi.util.FileUtil) Reading file /sys/devices/system/cpu/cpu7/cache/index1/coherency_line_size
[00:31:47] [Render thread/DEBUG] (oshi.util.FileUtil) Reading file /sys/devices/system/cpu/cpu7/cache/index1/coherency_line_size
[00:31:47] [Render thread/DEBUG] (oshi.util.FileUtil) Reading file /sys/devices/system/cpu/cpu7/cache/index1/size
[00:31:47] [Render thread/DEBUG] (oshi.util.FileUtil) Reading file /sys/devices/system/cpu/cpu7/cache/index1/size
[00:31:47] [Render thread/DEBUG] (oshi.util.FileUtil) Reading file /sys/devices/system/cpu/cpu8/topology/core_id
[00:31:47] [Render thread/DEBUG] (oshi.util.FileUtil) Reading file /sys/devices/system/cpu/cpu8/topology/core_id
[00:31:47] [Render thread/DEBUG] (oshi.util.FileUtil) Reading file /sys/devices/system/cpu/cpu8/topology/physical_package_id
[00:31:47] [Render thread/DEBUG] (oshi.util.FileUtil) Reading file /sys/devices/system/cpu/cpu8/topology/physical_package_id
[00:31:47] [Render thread/DEBUG] (oshi.util.FileUtil) Reading file /sys/devices/system/cpu/cpu8/cpu_capacity
[00:31:47] [Render thread/DEBUG] (oshi.util.FileUtil) Reading file /sys/devices/system/cpu/cpu8/cpu_capacity
[00:31:47] [Render thread/DEBUG] (oshi.util.FileUtil) Reading file /sys/devices/system/cpu/cpu8/cache/index2/level
[00:31:47] [Render thread/DEBUG] (oshi.util.FileUtil) Reading file /sys/devices/system/cpu/cpu8/cache/index2/level
[00:31:47] [Render thread/DEBUG] (oshi.util.FileUtil) Reading file /sys/devices/system/cpu/cpu8/cache/index2/type
[00:31:47] [Render thread/DEBUG] (oshi.util.FileUtil) Reading file /sys/devices/system/cpu/cpu8/cache/index2/type
[00:31:47] [Render thread/DEBUG] (oshi.util.FileUtil) Reading file /sys/devices/system/cpu/cpu8/cache/index2/ways_of_associativity
[00:31:47] [Render thread/DEBUG] (oshi.util.FileUtil) Reading file /sys/devices/system/cpu/cpu8/cache/index2/ways_of_associativity
[00:31:47] [Render thread/DEBUG] (oshi.util.FileUtil) Reading file /sys/devices/system/cpu/cpu8/cache/index2/coherency_line_size
[00:31:47] [Render thread/DEBUG] (oshi.util.FileUtil) Reading file /sys/devices/system/cpu/cpu8/cache/index2/coherency_line_size
[00:31:47] [Render thread/DEBUG] (oshi.util.FileUtil) Reading file /sys/devices/system/cpu/cpu8/cache/index2/size
[00:31:47] [Render thread/DEBUG] (oshi.util.FileUtil) Reading file /sys/devices/system/cpu/cpu8/cache/index2/size
[00:31:47] [Render thread/DEBUG] (oshi.util.FileUtil) Reading file /sys/devices/system/cpu/cpu8/cache/index0/level
[00:31:47] [Render thread/DEBUG] (oshi.util.FileUtil) Reading file /sys/devices/system/cpu/cpu8/cache/index0/level
[00:31:47] [Render thread/DEBUG] (oshi.util.FileUtil) Reading file /sys/devices/system/cpu/cpu8/cache/index0/type
[00:31:47] [Render thread/DEBUG] (oshi.util.FileUtil) Reading file /sys/devices/system/cpu/cpu8/cache/index0/type
[00:31:47] [Render thread/DEBUG] (oshi.util.FileUtil) Reading file /sys/devices/system/cpu/cpu8/cache/index0/ways_of_associativity
[00:31:47] [Render thread/DEBUG] (oshi.util.FileUtil) Reading file /sys/devices/system/cpu/cpu8/cache/index0/ways_of_associativity
[00:31:47] [Render thread/DEBUG] (oshi.util.FileUtil) Reading file /sys/devices/system/cpu/cpu8/cache/index0/coherency_line_size
[00:31:47] [Render thread/DEBUG] (oshi.util.FileUtil) Reading file /sys/devices/system/cpu/cpu8/cache/index0/coherency_line_size
[00:31:47] [Render thread/DEBUG] (oshi.util.FileUtil) Reading file /sys/devices/system/cpu/cpu8/cache/index0/size
[00:31:47] [Render thread/DEBUG] (oshi.util.FileUtil) Reading file /sys/devices/system/cpu/cpu8/cache/index0/size
[00:31:47] [Render thread/DEBUG] (oshi.util.FileUtil) Reading file /sys/devices/system/cpu/cpu8/cache/index3/level
[00:31:47] [Render thread/DEBUG] (oshi.util.FileUtil) Reading file /sys/devices/system/cpu/cpu8/cache/index3/level
[00:31:47] [Render thread/DEBUG] (oshi.util.FileUtil) Reading file /sys/devices/system/cpu/cpu8/cache/index3/type
[00:31:47] [Render thread/DEBUG] (oshi.util.FileUtil) Reading file /sys/devices/system/cpu/cpu8/cache/index3/type
[00:31:47] [Render thread/DEBUG] (oshi.util.FileUtil) Reading file /sys/devices/system/cpu/cpu8/cache/index3/ways_of_associativity
[00:31:47] [Render thread/DEBUG] (oshi.util.FileUtil) Reading file /sys/devices/system/cpu/cpu8/cache/index3/ways_of_associativity
[00:31:47] [Render thread/DEBUG] (oshi.util.FileUtil) Reading file /sys/devices/system/cpu/cpu8/cache/index3/coherency_line_size
[00:31:47] [Render thread/DEBUG] (oshi.util.FileUtil) Reading file /sys/devices/system/cpu/cpu8/cache/index3/coherency_line_size
[00:31:47] [Render thread/DEBUG] (oshi.util.FileUtil) Reading file /sys/devices/system/cpu/cpu8/cache/index3/size
[00:31:47] [Render thread/DEBUG] (oshi.util.FileUtil) Reading file /sys/devices/system/cpu/cpu8/cache/index3/size
[00:31:47] [Render thread/DEBUG] (oshi.util.FileUtil) Reading file /sys/devices/system/cpu/cpu8/cache/index1/level
[00:31:47] [Render thread/DEBUG] (oshi.util.FileUtil) Reading file /sys/devices/system/cpu/cpu8/cache/index1/level
[00:31:47] [Render thread/DEBUG] (oshi.util.FileUtil) Reading file /sys/devices/system/cpu/cpu8/cache/index1/type
[00:31:47] [Render thread/DEBUG] (oshi.util.FileUtil) Reading file /sys/devices/system/cpu/cpu8/cache/index1/type
[00:31:47] [Render thread/DEBUG] (oshi.util.FileUtil) Reading file /sys/devices/system/cpu/cpu8/cache/index1/ways_of_associativity
[00:31:47] [Render thread/DEBUG] (oshi.util.FileUtil) Reading file /sys/devices/system/cpu/cpu8/cache/index1/ways_of_associativity
[00:31:47] [Render thread/DEBUG] (oshi.util.FileUtil) Reading file /sys/devices/system/cpu/cpu8/cache/index1/coherency_line_size
[00:31:47] [Render thread/DEBUG] (oshi.util.FileUtil) Reading file /sys/devices/system/cpu/cpu8/cache/index1/coherency_line_size
[00:31:47] [Render thread/DEBUG] (oshi.util.FileUtil) Reading file /sys/devices/system/cpu/cpu8/cache/index1/size
[00:31:47] [Render thread/DEBUG] (oshi.util.FileUtil) Reading file /sys/devices/system/cpu/cpu8/cache/index1/size
[00:31:47] [Render thread/DEBUG] (oshi.util.FileUtil) Reading file /sys/devices/system/cpu/cpu9/topology/core_id
[00:31:47] [Render thread/DEBUG] (oshi.util.FileUtil) Reading file /sys/devices/system/cpu/cpu9/topology/core_id
[00:31:47] [Render thread/DEBUG] (oshi.util.FileUtil) Reading file /sys/devices/system/cpu/cpu9/topology/physical_package_id
[00:31:47] [Render thread/DEBUG] (oshi.util.FileUtil) Reading file /sys/devices/system/cpu/cpu9/topology/physical_package_id
[00:31:47] [Render thread/DEBUG] (oshi.util.FileUtil) Reading file /sys/devices/system/cpu/cpu9/cpu_capacity
[00:31:47] [Render thread/DEBUG] (oshi.util.FileUtil) Reading file /sys/devices/system/cpu/cpu9/cpu_capacity
[00:31:47] [Render thread/DEBUG] (oshi.util.FileUtil) Reading file /sys/devices/system/cpu/cpu9/cache/index2/level
[00:31:47] [Render thread/DEBUG] (oshi.util.FileUtil) Reading file /sys/devices/system/cpu/cpu9/cache/index2/level
[00:31:47] [Render thread/DEBUG] (oshi.util.FileUtil) Reading file /sys/devices/system/cpu/cpu9/cache/index2/type
[00:31:47] [Render thread/DEBUG] (oshi.util.FileUtil) Reading file /sys/devices/system/cpu/cpu9/cache/index2/type
[00:31:47] [Render thread/DEBUG] (oshi.util.FileUtil) Reading file /sys/devices/system/cpu/cpu9/cache/index2/ways_of_associativity
[00:31:47] [Render thread/DEBUG] (oshi.util.FileUtil) Reading file /sys/devices/system/cpu/cpu9/cache/index2/ways_of_associativity
[00:31:47] [Render thread/DEBUG] (oshi.util.FileUtil) Reading file /sys/devices/system/cpu/cpu9/cache/index2/coherency_line_size
[00:31:47] [Render thread/DEBUG] (oshi.util.FileUtil) Reading file /sys/devices/system/cpu/cpu9/cache/index2/coherency_line_size
[00:31:47] [Render thread/DEBUG] (oshi.util.FileUtil) Reading file /sys/devices/system/cpu/cpu9/cache/index2/size
[00:31:47] [Render thread/DEBUG] (oshi.util.FileUtil) Reading file /sys/devices/system/cpu/cpu9/cache/index2/size
[00:31:47] [Render thread/DEBUG] (oshi.util.FileUtil) Reading file /sys/devices/system/cpu/cpu9/cache/index0/level
[00:31:47] [Render thread/DEBUG] (oshi.util.FileUtil) Reading file /sys/devices/system/cpu/cpu9/cache/index0/level
[00:31:47] [Render thread/DEBUG] (oshi.util.FileUtil) Reading file /sys/devices/system/cpu/cpu9/cache/index0/type
[00:31:47] [Render thread/DEBUG] (oshi.util.FileUtil) Reading file /sys/devices/system/cpu/cpu9/cache/index0/type
[00:31:47] [Render thread/DEBUG] (oshi.util.FileUtil) Reading file /sys/devices/system/cpu/cpu9/cache/index0/ways_of_associativity
[00:31:47] [Render thread/DEBUG] (oshi.util.FileUtil) Reading file /sys/devices/system/cpu/cpu9/cache/index0/ways_of_associativity
[00:31:47] [Render thread/DEBUG] (oshi.util.FileUtil) Reading file /sys/devices/system/cpu/cpu9/cache/index0/coherency_line_size
[00:31:47] [Render thread/DEBUG] (oshi.util.FileUtil) Reading file /sys/devices/system/cpu/cpu9/cache/index0/coherency_line_size
[00:31:47] [Render thread/DEBUG] (oshi.util.FileUtil) Reading file /sys/devices/system/cpu/cpu9/cache/index0/size
[00:31:47] [Render thread/DEBUG] (oshi.util.FileUtil) Reading file /sys/devices/system/cpu/cpu9/cache/index0/size
[00:31:47] [Render thread/DEBUG] (oshi.util.FileUtil) Reading file /sys/devices/system/cpu/cpu9/cache/index3/level
[00:31:47] [Render thread/DEBUG] (oshi.util.FileUtil) Reading file /sys/devices/system/cpu/cpu9/cache/index3/level
[00:31:47] [Render thread/DEBUG] (oshi.util.FileUtil) Reading file /sys/devices/system/cpu/cpu9/cache/index3/type
[00:31:47] [Render thread/DEBUG] (oshi.util.FileUtil) Reading file /sys/devices/system/cpu/cpu9/cache/index3/type
[00:31:47] [Render thread/DEBUG] (oshi.util.FileUtil) Reading file /sys/devices/system/cpu/cpu9/cache/index3/ways_of_associativity
[00:31:47] [Render thread/DEBUG] (oshi.util.FileUtil) Reading file /sys/devices/system/cpu/cpu9/cache/index3/ways_of_associativity
[00:31:47] [Render thread/DEBUG] (oshi.util.FileUtil) Reading file /sys/devices/system/cpu/cpu9/cache/index3/coherency_line_size
[00:31:47] [Render thread/DEBUG] (oshi.util.FileUtil) Reading file /sys/devices/system/cpu/cpu9/cache/index3/coherency_line_size
[00:31:47] [Render thread/DEBUG] (oshi.util.FileUtil) Reading file /sys/devices/system/cpu/cpu9/cache/index3/size
[00:31:47] [Render thread/DEBUG] (oshi.util.FileUtil) Reading file /sys/devices/system/cpu/cpu9/cache/index3/size
[00:31:47] [Render thread/DEBUG] (oshi.util.FileUtil) Reading file /sys/devices/system/cpu/cpu9/cache/index1/level
[00:31:47] [Render thread/DEBUG] (oshi.util.FileUtil) Reading file /sys/devices/system/cpu/cpu9/cache/index1/level
[00:31:47] [Render thread/DEBUG] (oshi.util.FileUtil) Reading file /sys/devices/system/cpu/cpu9/cache/index1/type
[00:31:47] [Render thread/DEBUG] (oshi.util.FileUtil) Reading file /sys/devices/system/cpu/cpu9/cache/index1/type
[00:31:47] [Render thread/DEBUG] (oshi.util.FileUtil) Reading file /sys/devices/system/cpu/cpu9/cache/index1/ways_of_associativity
[00:31:47] [Render thread/DEBUG] (oshi.util.FileUtil) Reading file /sys/devices/system/cpu/cpu9/cache/index1/ways_of_associativity
[00:31:47] [Render thread/DEBUG] (oshi.util.FileUtil) Reading file /sys/devices/system/cpu/cpu9/cache/index1/coherency_line_size
[00:31:47] [Render thread/DEBUG] (oshi.util.FileUtil) Reading file /sys/devices/system/cpu/cpu9/cache/index1/coherency_line_size
[00:31:47] [Render thread/DEBUG] (oshi.util.FileUtil) Reading file /sys/devices/system/cpu/cpu9/cache/index1/size
[00:31:47] [Render thread/DEBUG] (oshi.util.FileUtil) Reading file /sys/devices/system/cpu/cpu9/cache/index1/size
[00:31:47] [Render thread/DEBUG] (oshi.util.FileUtil) Reading file /proc/cpuinfo
[00:31:47] [Render thread/DEBUG] (oshi.util.FileUtil) Reading file /proc/cpuinfo
[00:31:47] [Render thread/DEBUG] (oshi.util.FileUtil) Reading file /proc/self/auxv
[00:31:47] [Render thread/DEBUG] (FabricLoader/Mixin) Mixing core.GlCommandEncoderAccessor from sodium-common.mixins.json into net.minecraft.client.gl.GlCommandEncoder
[00:31:47] [Render thread/DEBUG] (FabricLoader/Mixin) sodium-common.mixins.json:core.GlCommandEncoderAccessor from mod sodium: Class version 65 required is higher than the class version supported by the current version of Mixin (JAVA_17 supports class version 61)
[00:31:47] [Render thread/INFO] (com.mojang.blaze3d.systems.RenderSystem) OpenGL Vendor: NVIDIA Corporation
[00:31:47] [Render thread/INFO] (com.mojang.blaze3d.systems.RenderSystem) OpenGL Renderer: NVIDIA GeForce GTX 1660 Ti/PCIe/SSE2
[00:31:47] [Render thread/INFO] (com.mojang.blaze3d.systems.RenderSystem) OpenGL Version: 3.3.0 NVIDIA 590.48.01
[00:31:47] [Render thread/INFO] (Sodium-NvidiaWorkarounds) Modifying OpenGL context to apply workarounds for the NVIDIA graphics driver...
[00:31:47] [Render thread/INFO] (net.minecraft.client.MinecraftClient) Using optional rendering extensions: GL_ARB_buffer_storage, GL_KHR_debug, GL_ARB_vertex_attrib_binding, GL_ARB_direct_state_access
[00:31:47] [Render thread/DEBUG] (FabricLoader/Mixin) Mixing LifecycledResourceManagerImplMixin from fabric-resource-loader-v1.mixins.json into net.minecraft.resource.LifecycledResourceManagerImpl
[00:31:47] [Render thread/DEBUG] (FabricLoader/Mixin) fabric-resource-loader-v1.mixins.json:LifecycledResourceManagerImplMixin from mod fabric-resource-loader-v1->@Inject::init(Lnet/minecraft/resource/ResourceType;Ljava/util/List;Lorg/spongepowered/asm/mixin/injection/callback/CallbackInfo;)V doesn't use it's CallbackInfo
[00:31:47] [Render thread/DEBUG] (FabricLoader/Mixin) fabric-resource-loader-v1.mixins.json:LifecycledResourceManagerImplMixin from mod fabric-resource-loader-v1->@Inject::init(Lnet/minecraft/resource/ResourceType;Ljava/util/List;Lorg/spongepowered/asm/mixin/injection/callback/CallbackInfo;)V has 0 override(s) in child classes
[00:31:47] [Render thread/DEBUG] (FabricLoader/Mixin) fabric-resource-loader-v1.mixins.json:LifecycledResourceManagerImplMixin from mod fabric-resource-loader-v1->@Inject::init(Lnet/minecraft/resource/ResourceType;Ljava/util/List;Lorg/spongepowered/asm/mixin/injection/callback/CallbackInfo;)V won't be passed a CallbackInfo as a result
[00:31:47] [Render thread/DEBUG] (net.fabricmc.fabric.impl.resource.loader.ModResourcePackUtil) [Fabric] Starting internal pack sorting with: [vanilla, cloth-config, fabric, fabric-api, fabric-api-base, fabric-api-lookup-api-v1, fabric-biome-api-v1, fabric-block-api-v1, fabric-block-view-api-v2, fabric-client-gametest-api-v1, fabric-command-api-v2, fabric-content-registries-v0, fabric-convention-tags-v1, fabric-convention-tags-v2, fabric-crash-report-info-v1, fabric-data-attachment-api-v1, fabric-data-generation-api-v1, fabric-dimensions-v1, fabric-entity-events-v1, fabric-events-interaction-v0, fabric-game-rule-api-v1, fabric-gametest-api-v1, fabric-item-api-v1, fabric-item-group-api-v1, fabric-item-group-api-v1_programmer_art, fabric-key-binding-api-v1, fabric-lifecycle-events-v1, fabric-loot-api-v2, fabric-loot-api-v3, fabric-message-api-v1, fabric-model-loading-api-v1, fabric-networking-api-v1, fabric-object-builder-api-v1, fabric-particles-v1, fabric-recipe-api-v1, fabric-registry-sync-v0, fabric-renderer-api-v1, fabric-renderer-indigo, fabric-rendering-fluids-v1, fabric-rendering-v1, fabric-resource-conditions-api-v1, fabric-resource-loader-v0, fabric-resource-loader-v1, fabric-screen-api-v1, fabric-screen-handler-api-v1, fabric-serialization-api-v1, fabric-sound-api-v1, fabric-tag-api-v1, fabric-transfer-api-v1, fabric-transitive-access-wideners-v1, fabricloader, jade, jade_high_contrast, modmenu, modmenu_high_contrast, modmenu_programmer_art, placeholder-api, sodium, sodium_programmer_art]
[00:31:47] [Render thread/DEBUG] (net.fabricmc.fabric.impl.resource.loader.ModResourcePackUtil) [Fabric] Removed all internal packs, result: [vanilla, fabric]
[00:31:47] [Render thread/DEBUG] (net.fabricmc.fabric.impl.resource.loader.ModResourcePackUtil) [Fabric] cur @ fabric, auto-enabled cloth-config, currently enabled: [vanilla, fabric, cloth-config]
[00:31:47] [Render thread/DEBUG] (net.fabricmc.fabric.impl.resource.loader.ModResourcePackUtil) [Fabric] cur @ fabric, auto-enabled fabric-api, currently enabled: [vanilla, fabric, cloth-config, fabric-api]
[00:31:47] [Render thread/DEBUG] (net.fabricmc.fabric.impl.resource.loader.ModResourcePackUtil) [Fabric] cur @ fabric, auto-enabled fabric-api-base, currently enabled: [vanilla, fabric, cloth-config, fabric-api, fabric-api-base]
[00:31:47] [Render thread/DEBUG] (net.fabricmc.fabric.impl.resource.loader.ModResourcePackUtil) [Fabric] cur @ fabric, auto-enabled fabric-api-lookup-api-v1, currently enabled: [vanilla, fabric, cloth-config, fabric-api, fabric-api-base, fabric-api-lookup-api-v1]
[00:31:47] [Render thread/DEBUG] (net.fabricmc.fabric.impl.resource.loader.ModResourcePackUtil) [Fabric] cur @ fabric, auto-enabled fabric-biome-api-v1, currently enabled: [vanilla, fabric, cloth-config, fabric-api, fabric-api-base, fabric-api-lookup-api-v1, fabric-biome-api-v1]
[00:31:47] [Render thread/DEBUG] (net.fabricmc.fabric.impl.resource.loader.ModResourcePackUtil) [Fabric] cur @ fabric, auto-enabled fabric-block-api-v1, currently enabled: [vanilla, fabric, cloth-config, fabric-api, fabric-api-base, fabric-api-lookup-api-v1, fabric-biome-api-v1, fabric-block-api-v1]
[00:31:47] [Render thread/DEBUG] (net.fabricmc.fabric.impl.resource.loader.ModResourcePackUtil) [Fabric] cur @ fabric, auto-enabled fabric-block-view-api-v2, currently enabled: [vanilla, fabric, cloth-config, fabric-api, fabric-api-base, fabric-api-lookup-api-v1, fabric-biome-api-v1, fabric-block-api-v1, fabric-block-view-api-v2]
[00:31:47] [Render thread/DEBUG] (net.fabricmc.fabric.impl.resource.loader.ModResourcePackUtil) [Fabric] cur @ fabric, auto-enabled fabric-client-gametest-api-v1, currently enabled: [vanilla, fabric, cloth-config, fabric-api, fabric-api-base, fabric-api-lookup-api-v1, fabric-biome-api-v1, fabric-block-api-v1, fabric-block-view-api-v2, fabric-client-gametest-api-v1]
[00:31:47] [Render thread/DEBUG] (net.fabricmc.fabric.impl.resource.loader.ModResourcePackUtil) [Fabric] cur @ fabric, auto-enabled fabric-command-api-v2, currently enabled: [vanilla, fabric, cloth-config, fabric-api, fabric-api-base, fabric-api-lookup-api-v1, fabric-biome-api-v1, fabric-block-api-v1, fabric-block-view-api-v2, fabric-client-gametest-api-v1, fabric-command-api-v2]
[00:31:47] [Render thread/DEBUG] (net.fabricmc.fabric.impl.resource.loader.ModResourcePackUtil) [Fabric] cur @ fabric, auto-enabled fabric-content-registries-v0, currently enabled: [vanilla, fabric, cloth-config, fabric-api, fabric-api-base, fabric-api-lookup-api-v1, fabric-biome-api-v1, fabric-block-api-v1, fabric-block-view-api-v2, fabric-client-gametest-api-v1, fabric-command-api-v2, fabric-content-registries-v0]
[00:31:47] [Render thread/DEBUG] (net.fabricmc.fabric.impl.resource.loader.ModResourcePackUtil) [Fabric] cur @ fabric, auto-enabled fabric-convention-tags-v1, currently enabled: [vanilla, fabric, cloth-config, fabric-api, fabric-api-base, fabric-api-lookup-api-v1, fabric-biome-api-v1, fabric-block-api-v1, fabric-block-view-api-v2, fabric-client-gametest-api-v1, fabric-command-api-v2, fabric-content-registries-v0, fabric-convention-tags-v1]
[00:31:47] [Render thread/DEBUG] (net.fabricmc.fabric.impl.resource.loader.ModResourcePackUtil) [Fabric] cur @ fabric, auto-enabled fabric-convention-tags-v2, currently enabled: [vanilla, fabric, cloth-config, fabric-api, fabric-api-base, fabric-api-lookup-api-v1, fabric-biome-api-v1, fabric-block-api-v1, fabric-block-view-api-v2, fabric-client-gametest-api-v1, fabric-command-api-v2, fabric-content-registries-v0, fabric-convention-tags-v1, fabric-convention-tags-v2]
[00:31:47] [Render thread/DEBUG] (net.fabricmc.fabric.impl.resource.loader.ModResourcePackUtil) [Fabric] cur @ fabric, auto-enabled fabric-crash-report-info-v1, currently enabled: [vanilla, fabric, cloth-config, fabric-api, fabric-api-base, fabric-api-lookup-api-v1, fabric-biome-api-v1, fabric-block-api-v1, fabric-block-view-api-v2, fabric-client-gametest-api-v1, fabric-command-api-v2, fabric-content-registries-v0, fabric-convention-tags-v1, fabric-convention-tags-v2, fabric-crash-report-info-v1]
[00:31:47] [Render thread/DEBUG] (net.fabricmc.fabric.impl.resource.loader.ModResourcePackUtil) [Fabric] cur @ fabric, auto-enabled fabric-data-attachment-api-v1, currently enabled: [vanilla, fabric, cloth-config, fabric-api, fabric-api-base, fabric-api-lookup-api-v1, fabric-biome-api-v1, fabric-block-api-v1, fabric-block-view-api-v2, fabric-client-gametest-api-v1, fabric-command-api-v2, fabric-content-registries-v0, fabric-convention-tags-v1, fabric-convention-tags-v2, fabric-crash-report-info-v1, fabric-data-attachment-api-v1]
[00:31:47] [Render thread/DEBUG] (net.fabricmc.fabric.impl.resource.loader.ModResourcePackUtil) [Fabric] cur @ fabric, auto-enabled fabric-data-generation-api-v1, currently enabled: [vanilla, fabric, cloth-config, fabric-api, fabric-api-base, fabric-api-lookup-api-v1, fabric-biome-api-v1, fabric-block-api-v1, fabric-block-view-api-v2, fabric-client-gametest-api-v1, fabric-command-api-v2, fabric-content-registries-v0, fabric-convention-tags-v1, fabric-convention-tags-v2, fabric-crash-report-info-v1, fabric-data-attachment-api-v1, fabric-data-generation-api-v1]
[00:31:47] [Render thread/DEBUG] (net.fabricmc.fabric.impl.resource.loader.ModResourcePackUtil) [Fabric] cur @ fabric, auto-enabled fabric-dimensions-v1, currently enabled: [vanilla, fabric, cloth-config, fabric-api, fabric-api-base, fabric-api-lookup-api-v1, fabric-biome-api-v1, fabric-block-api-v1, fabric-block-view-api-v2, fabric-client-gametest-api-v1, fabric-command-api-v2, fabric-content-registries-v0, fabric-convention-tags-v1, fabric-convention-tags-v2, fabric-crash-report-info-v1, fabric-data-attachment-api-v1, fabric-data-generation-api-v1, fabric-dimensions-v1]
[00:31:47] [Render thread/DEBUG] (net.fabricmc.fabric.impl.resource.loader.ModResourcePackUtil) [Fabric] cur @ fabric, auto-enabled fabric-entity-events-v1, currently enabled: [vanilla, fabric, cloth-config, fabric-api, fabric-api-base, fabric-api-lookup-api-v1, fabric-biome-api-v1, fabric-block-api-v1, fabric-block-view-api-v2, fabric-client-gametest-api-v1, fabric-command-api-v2, fabric-content-registries-v0, fabric-convention-tags-v1, fabric-convention-tags-v2, fabric-crash-report-info-v1, fabric-data-attachment-api-v1, fabric-data-generation-api-v1, fabric-dimensions-v1, fabric-entity-events-v1]
[00:31:47] [Render thread/DEBUG] (net.fabricmc.fabric.impl.resource.loader.ModResourcePackUtil) [Fabric] cur @ fabric, auto-enabled fabric-events-interaction-v0, currently enabled: [vanilla, fabric, cloth-config, fabric-api, fabric-api-base, fabric-api-lookup-api-v1, fabric-biome-api-v1, fabric-block-api-v1, fabric-block-view-api-v2, fabric-client-gametest-api-v1, fabric-command-api-v2, fabric-content-registries-v0, fabric-convention-tags-v1, fabric-convention-tags-v2, fabric-crash-report-info-v1, fabric-data-attachment-api-v1, fabric-data-generation-api-v1, fabric-dimensions-v1, fabric-entity-events-v1, fabric-events-interaction-v0]
[00:31:47] [Render thread/DEBUG] (net.fabricmc.fabric.impl.resource.loader.ModResourcePackUtil) [Fabric] cur @ fabric, auto-enabled fabric-game-rule-api-v1, currently enabled: [vanilla, fabric, cloth-config, fabric-api, fabric-api-base, fabric-api-lookup-api-v1, fabric-biome-api-v1, fabric-block-api-v1, fabric-block-view-api-v2, fabric-client-gametest-api-v1, fabric-command-api-v2, fabric-content-registries-v0, fabric-convention-tags-v1, fabric-convention-tags-v2, fabric-crash-report-info-v1, fabric-data-attachment-api-v1, fabric-data-generation-api-v1, fabric-dimensions-v1, fabric-entity-events-v1, fabric-events-interaction-v0, fabric-game-rule-api-v1]
[00:31:47] [Render thread/DEBUG] (net.fabricmc.fabric.impl.resource.loader.ModResourcePackUtil) [Fabric] cur @ fabric, auto-enabled fabric-gametest-api-v1, currently enabled: [vanilla, fabric, cloth-config, fabric-api, fabric-api-base, fabric-api-lookup-api-v1, fabric-biome-api-v1, fabric-block-api-v1, fabric-block-view-api-v2, fabric-client-gametest-api-v1, fabric-command-api-v2, fabric-content-registries-v0, fabric-convention-tags-v1, fabric-convention-tags-v2, fabric-crash-report-info-v1, fabric-data-attachment-api-v1, fabric-data-generation-api-v1, fabric-dimensions-v1, fabric-entity-events-v1, fabric-events-interaction-v0, fabric-game-rule-api-v1, fabric-gametest-api-v1]
[00:31:47] [Render thread/DEBUG] (net.fabricmc.fabric.impl.resource.loader.ModResourcePackUtil) [Fabric] cur @ fabric, auto-enabled fabric-item-api-v1, currently enabled: [vanilla, fabric, cloth-config, fabric-api, fabric-api-base, fabric-api-lookup-api-v1, fabric-biome-api-v1, fabric-block-api-v1, fabric-block-view-api-v2, fabric-client-gametest-api-v1, fabric-command-api-v2, fabric-content-registries-v0, fabric-convention-tags-v1, fabric-convention-tags-v2, fabric-crash-report-info-v1, fabric-data-attachment-api-v1, fabric-data-generation-api-v1, fabric-dimensions-v1, fabric-entity-events-v1, fabric-events-interaction-v0, fabric-game-rule-api-v1, fabric-gametest-api-v1, fabric-item-api-v1]
[00:31:47] [Render thread/DEBUG] (net.fabricmc.fabric.impl.resource.loader.ModResourcePackUtil) [Fabric] cur @ fabric, auto-enabled fabric-item-group-api-v1, currently enabled: [vanilla, fabric, cloth-config, fabric-api, fabric-api-base, fabric-api-lookup-api-v1, fabric-biome-api-v1, fabric-block-api-v1, fabric-block-view-api-v2, fabric-client-gametest-api-v1, fabric-command-api-v2, fabric-content-registries-v0, fabric-convention-tags-v1, fabric-convention-tags-v2, fabric-crash-report-info-v1, fabric-data-attachment-api-v1, fabric-data-generation-api-v1, fabric-dimensions-v1, fabric-entity-events-v1, fabric-events-interaction-v0, fabric-game-rule-api-v1, fabric-gametest-api-v1, fabric-item-api-v1, fabric-item-group-api-v1]
[00:31:47] [Render thread/DEBUG] (net.fabricmc.fabric.impl.resource.loader.ModResourcePackUtil) [Fabric] cur @ fabric, auto-enabled fabric-key-binding-api-v1, currently enabled: [vanilla, fabric, cloth-config, fabric-api, fabric-api-base, fabric-api-lookup-api-v1, fabric-biome-api-v1, fabric-block-api-v1, fabric-block-view-api-v2, fabric-client-gametest-api-v1, fabric-command-api-v2, fabric-content-registries-v0, fabric-convention-tags-v1, fabric-convention-tags-v2, fabric-crash-report-info-v1, fabric-data-attachment-api-v1, fabric-data-generation-api-v1, fabric-dimensions-v1, fabric-entity-events-v1, fabric-events-interaction-v0, fabric-game-rule-api-v1, fabric-gametest-api-v1, fabric-item-api-v1, fabric-item-group-api-v1, fabric-key-binding-api-v1]
[00:31:47] [Render thread/DEBUG] (net.fabricmc.fabric.impl.resource.loader.ModResourcePackUtil) [Fabric] cur @ fabric, auto-enabled fabric-lifecycle-events-v1, currently enabled: [vanilla, fabric, cloth-config, fabric-api, fabric-api-base, fabric-api-lookup-api-v1, fabric-biome-api-v1, fabric-block-api-v1, fabric-block-view-api-v2, fabric-client-gametest-api-v1, fabric-command-api-v2, fabric-content-registries-v0, fabric-convention-tags-v1, fabric-convention-tags-v2, fabric-crash-report-info-v1, fabric-data-attachment-api-v1, fabric-data-generation-api-v1, fabric-dimensions-v1, fabric-entity-events-v1, fabric-events-interaction-v0, fabric-game-rule-api-v1, fabric-gametest-api-v1, fabric-item-api-v1, fabric-item-group-api-v1, fabric-key-binding-api-v1, fabric-lifecycle-events-v1]
[00:31:47] [Render thread/DEBUG] (net.fabricmc.fabric.impl.resource.loader.ModResourcePackUtil) [Fabric] cur @ fabric, auto-enabled fabric-loot-api-v2, currently enabled: [vanilla, fabric, cloth-config, fabric-api, fabric-api-base, fabric-api-lookup-api-v1, fabric-biome-api-v1, fabric-block-api-v1, fabric-block-view-api-v2, fabric-client-gametest-api-v1, fabric-command-api-v2, fabric-content-registries-v0, fabric-convention-tags-v1, fabric-convention-tags-v2, fabric-crash-report-info-v1, fabric-data-attachment-api-v1, fabric-data-generation-api-v1, fabric-dimensions-v1, fabric-entity-events-v1, fabric-events-interaction-v0, fabric-game-rule-api-v1, fabric-gametest-api-v1, fabric-item-api-v1, fabric-item-group-api-v1, fabric-key-binding-api-v1, fabric-lifecycle-events-v1, fabric-loot-api-v2]
[00:31:47] [Render thread/DEBUG] (net.fabricmc.fabric.impl.resource.loader.ModResourcePackUtil) [Fabric] cur @ fabric, auto-enabled fabric-loot-api-v3, currently enabled: [vanilla, fabric, cloth-config, fabric-api, fabric-api-base, fabric-api-lookup-api-v1, fabric-biome-api-v1, fabric-block-api-v1, fabric-block-view-api-v2, fabric-client-gametest-api-v1, fabric-command-api-v2, fabric-content-registries-v0, fabric-convention-tags-v1, fabric-convention-tags-v2, fabric-crash-report-info-v1, fabric-data-attachment-api-v1, fabric-data-generation-api-v1, fabric-dimensions-v1, fabric-entity-events-v1, fabric-events-interaction-v0, fabric-game-rule-api-v1, fabric-gametest-api-v1, fabric-item-api-v1, fabric-item-group-api-v1, fabric-key-binding-api-v1, fabric-lifecycle-events-v1, fabric-loot-api-v2, fabric-loot-api-v3]
[00:31:47] [Render thread/DEBUG] (net.fabricmc.fabric.impl.resource.loader.ModResourcePackUtil) [Fabric] cur @ fabric, auto-enabled fabric-message-api-v1, currently enabled: [vanilla, fabric, cloth-config, fabric-api, fabric-api-base, fabric-api-lookup-api-v1, fabric-biome-api-v1, fabric-block-api-v1, fabric-block-view-api-v2, fabric-client-gametest-api-v1, fabric-command-api-v2, fabric-content-registries-v0, fabric-convention-tags-v1, fabric-convention-tags-v2, fabric-crash-report-info-v1, fabric-data-attachment-api-v1, fabric-data-generation-api-v1, fabric-dimensions-v1, fabric-entity-events-v1, fabric-events-interaction-v0, fabric-game-rule-api-v1, fabric-gametest-api-v1, fabric-item-api-v1, fabric-item-group-api-v1, fabric-key-binding-api-v1, fabric-lifecycle-events-v1, fabric-loot-api-v2, fabric-loot-api-v3, fabric-message-api-v1]
[00:31:47] [Render thread/DEBUG] (net.fabricmc.fabric.impl.resource.loader.ModResourcePackUtil) [Fabric] cur @ fabric, auto-enabled fabric-model-loading-api-v1, currently enabled: [vanilla, fabric, cloth-config, fabric-api, fabric-api-base, fabric-api-lookup-api-v1, fabric-biome-api-v1, fabric-block-api-v1, fabric-block-view-api-v2, fabric-client-gametest-api-v1, fabric-command-api-v2, fabric-content-registries-v0, fabric-convention-tags-v1, fabric-convention-tags-v2, fabric-crash-report-info-v1, fabric-data-attachment-api-v1, fabric-data-generation-api-v1, fabric-dimensions-v1, fabric-entity-events-v1, fabric-events-interaction-v0, fabric-game-rule-api-v1, fabric-gametest-api-v1, fabric-item-api-v1, fabric-item-group-api-v1, fabric-key-binding-api-v1, fabric-lifecycle-events-v1, fabric-loot-api-v2, fabric-loot-api-v3, fabric-message-api-v1, fabric-model-loading-api-v1]
[00:31:47] [Render thread/DEBUG] (net.fabricmc.fabric.impl.resource.loader.ModResourcePackUtil) [Fabric] cur @ fabric, auto-enabled fabric-networking-api-v1, currently enabled: [vanilla, fabric, cloth-config, fabric-api, fabric-api-base, fabric-api-lookup-api-v1, fabric-biome-api-v1, fabric-block-api-v1, fabric-block-view-api-v2, fabric-client-gametest-api-v1, fabric-command-api-v2, fabric-content-registries-v0, fabric-convention-tags-v1, fabric-convention-tags-v2, fabric-crash-report-info-v1, fabric-data-attachment-api-v1, fabric-data-generation-api-v1, fabric-dimensions-v1, fabric-entity-events-v1, fabric-events-interaction-v0, fabric-game-rule-api-v1, fabric-gametest-api-v1, fabric-item-api-v1, fabric-item-group-api-v1, fabric-key-binding-api-v1, fabric-lifecycle-events-v1, fabric-loot-api-v2, fabric-loot-api-v3, fabric-message-api-v1, fabric-model-loading-api-v1, fabric-networking-api-v1]
[00:31:47] [Render thread/DEBUG] (net.fabricmc.fabric.impl.resource.loader.ModResourcePackUtil) [Fabric] cur @ fabric, auto-enabled fabric-object-builder-api-v1, currently enabled: [vanilla, fabric, cloth-config, fabric-api, fabric-api-base, fabric-api-lookup-api-v1, fabric-biome-api-v1, fabric-block-api-v1, fabric-block-view-api-v2, fabric-client-gametest-api-v1, fabric-command-api-v2, fabric-content-registries-v0, fabric-convention-tags-v1, fabric-convention-tags-v2, fabric-crash-report-info-v1, fabric-data-attachment-api-v1, fabric-data-generation-api-v1, fabric-dimensions-v1, fabric-entity-events-v1, fabric-events-interaction-v0, fabric-game-rule-api-v1, fabric-gametest-api-v1, fabric-item-api-v1, fabric-item-group-api-v1, fabric-key-binding-api-v1, fabric-lifecycle-events-v1, fabric-loot-api-v2, fabric-loot-api-v3, fabric-message-api-v1, fabric-model-loading-api-v1, fabric-networking-api-v1, fabric-object-builder-api-v1]
[00:31:47] [Render thread/DEBUG] (net.fabricmc.fabric.impl.resource.loader.ModResourcePackUtil) [Fabric] cur @ fabric, auto-enabled fabric-particles-v1, currently enabled: [vanilla, fabric, cloth-config, fabric-api, fabric-api-base, fabric-api-lookup-api-v1, fabric-biome-api-v1, fabric-block-api-v1, fabric-block-view-api-v2, fabric-client-gametest-api-v1, fabric-command-api-v2, fabric-content-registries-v0, fabric-convention-tags-v1, fabric-convention-tags-v2, fabric-crash-report-info-v1, fabric-data-attachment-api-v1, fabric-data-generation-api-v1, fabric-dimensions-v1, fabric-entity-events-v1, fabric-events-interaction-v0, fabric-game-rule-api-v1, fabric-gametest-api-v1, fabric-item-api-v1, fabric-item-group-api-v1, fabric-key-binding-api-v1, fabric-lifecycle-events-v1, fabric-loot-api-v2, fabric-loot-api-v3, fabric-message-api-v1, fabric-model-loading-api-v1, fabric-networking-api-v1, fabric-object-builder-api-v1, fabric-particles-v1]
[00:31:47] [Render thread/DEBUG] (net.fabricmc.fabric.impl.resource.loader.ModResourcePackUtil) [Fabric] cur @ fabric, auto-enabled fabric-recipe-api-v1, currently enabled: [vanilla, fabric, cloth-config, fabric-api, fabric-api-base, fabric-api-lookup-api-v1, fabric-biome-api-v1, fabric-block-api-v1, fabric-block-view-api-v2, fabric-client-gametest-api-v1, fabric-command-api-v2, fabric-content-registries-v0, fabric-convention-tags-v1, fabric-convention-tags-v2, fabric-crash-report-info-v1, fabric-data-attachment-api-v1, fabric-data-generation-api-v1, fabric-dimensions-v1, fabric-entity-events-v1, fabric-events-interaction-v0, fabric-game-rule-api-v1, fabric-gametest-api-v1, fabric-item-api-v1, fabric-item-group-api-v1, fabric-key-binding-api-v1, fabric-lifecycle-events-v1, fabric-loot-api-v2, fabric-loot-api-v3, fabric-message-api-v1, fabric-model-loading-api-v1, fabric-networking-api-v1, fabric-object-builder-api-v1, fabric-particles-v1, fabric-recipe-api-v1]
[00:31:47] [Render thread/DEBUG] (net.fabricmc.fabric.impl.resource.loader.ModResourcePackUtil) [Fabric] cur @ fabric, auto-enabled fabric-registry-sync-v0, currently enabled: [vanilla, fabric, cloth-config, fabric-api, fabric-api-base, fabric-api-lookup-api-v1, fabric-biome-api-v1, fabric-block-api-v1, fabric-block-view-api-v2, fabric-client-gametest-api-v1, fabric-command-api-v2, fabric-content-registries-v0, fabric-convention-tags-v1, fabric-convention-tags-v2, fabric-crash-report-info-v1, fabric-data-attachment-api-v1, fabric-data-generation-api-v1, fabric-dimensions-v1, fabric-entity-events-v1, fabric-events-interaction-v0, fabric-game-rule-api-v1, fabric-gametest-api-v1, fabric-item-api-v1, fabric-item-group-api-v1, fabric-key-binding-api-v1, fabric-lifecycle-events-v1, fabric-loot-api-v2, fabric-loot-api-v3, fabric-message-api-v1, fabric-model-loading-api-v1, fabric-networking-api-v1, fabric-object-builder-api-v1, fabric-particles-v1, fabric-recipe-api-v1, fabric-registry-sync-v0]
[00:31:47] [Render thread/DEBUG] (net.fabricmc.fabric.impl.resource.loader.ModResourcePackUtil) [Fabric] cur @ fabric, auto-enabled fabric-renderer-api-v1, currently enabled: [vanilla, fabric, cloth-config, fabric-api, fabric-api-base, fabric-api-lookup-api-v1, fabric-biome-api-v1, fabric-block-api-v1, fabric-block-view-api-v2, fabric-client-gametest-api-v1, fabric-command-api-v2, fabric-content-registries-v0, fabric-convention-tags-v1, fabric-convention-tags-v2, fabric-crash-report-info-v1, fabric-data-attachment-api-v1, fabric-data-generation-api-v1, fabric-dimensions-v1, fabric-entity-events-v1, fabric-events-interaction-v0, fabric-game-rule-api-v1, fabric-gametest-api-v1, fabric-item-api-v1, fabric-item-group-api-v1, fabric-key-binding-api-v1, fabric-lifecycle-events-v1, fabric-loot-api-v2, fabric-loot-api-v3, fabric-message-api-v1, fabric-model-loading-api-v1, fabric-networking-api-v1, fabric-object-builder-api-v1, fabric-particles-v1, fabric-recipe-api-v1, fabric-registry-sync-v0, fabric-renderer-api-v1]
[00:31:47] [Render thread/DEBUG] (net.fabricmc.fabric.impl.resource.loader.ModResourcePackUtil) [Fabric] cur @ fabric, auto-enabled fabric-renderer-indigo, currently enabled: [vanilla, fabric, cloth-config, fabric-api, fabric-api-base, fabric-api-lookup-api-v1, fabric-biome-api-v1, fabric-block-api-v1, fabric-block-view-api-v2, fabric-client-gametest-api-v1, fabric-command-api-v2, fabric-content-registries-v0, fabric-convention-tags-v1, fabric-convention-tags-v2, fabric-crash-report-info-v1, fabric-data-attachment-api-v1, fabric-data-generation-api-v1, fabric-dimensions-v1, fabric-entity-events-v1, fabric-events-interaction-v0, fabric-game-rule-api-v1, fabric-gametest-api-v1, fabric-item-api-v1, fabric-item-group-api-v1, fabric-key-binding-api-v1, fabric-lifecycle-events-v1, fabric-loot-api-v2, fabric-loot-api-v3, fabric-message-api-v1, fabric-model-loading-api-v1, fabric-networking-api-v1, fabric-object-builder-api-v1, fabric-particles-v1, fabric-recipe-api-v1, fabric-registry-sync-v0, fabric-renderer-api-v1, fabric-renderer-indigo]
[00:31:47] [Render thread/DEBUG] (net.fabricmc.fabric.impl.resource.loader.ModResourcePackUtil) [Fabric] cur @ fabric, auto-enabled fabric-rendering-fluids-v1, currently enabled: [vanilla, fabric, cloth-config, fabric-api, fabric-api-base, fabric-api-lookup-api-v1, fabric-biome-api-v1, fabric-block-api-v1, fabric-block-view-api-v2, fabric-client-gametest-api-v1, fabric-command-api-v2, fabric-content-registries-v0, fabric-convention-tags-v1, fabric-convention-tags-v2, fabric-crash-report-info-v1, fabric-data-attachment-api-v1, fabric-data-generation-api-v1, fabric-dimensions-v1, fabric-entity-events-v1, fabric-events-interaction-v0, fabric-game-rule-api-v1, fabric-gametest-api-v1, fabric-item-api-v1, fabric-item-group-api-v1, fabric-key-binding-api-v1, fabric-lifecycle-events-v1, fabric-loot-api-v2, fabric-loot-api-v3, fabric-message-api-v1, fabric-model-loading-api-v1, fabric-networking-api-v1, fabric-object-builder-api-v1, fabric-particles-v1, fabric-recipe-api-v1, fabric-registry-sync-v0, fabric-renderer-api-v1, fabric-renderer-indigo, fabric-rendering-fluids-v1]
[00:31:47] [Render thread/DEBUG] (net.fabricmc.fabric.impl.resource.loader.ModResourcePackUtil) [Fabric] cur @ fabric, auto-enabled fabric-rendering-v1, currently enabled: [vanilla, fabric, cloth-config, fabric-api, fabric-api-base, fabric-api-lookup-api-v1, fabric-biome-api-v1, fabric-block-api-v1, fabric-block-view-api-v2, fabric-client-gametest-api-v1, fabric-command-api-v2, fabric-content-registries-v0, fabric-convention-tags-v1, fabric-convention-tags-v2, fabric-crash-report-info-v1, fabric-data-attachment-api-v1, fabric-data-generation-api-v1, fabric-dimensions-v1, fabric-entity-events-v1, fabric-events-interaction-v0, fabric-game-rule-api-v1, fabric-gametest-api-v1, fabric-item-api-v1, fabric-item-group-api-v1, fabric-key-binding-api-v1, fabric-lifecycle-events-v1, fabric-loot-api-v2, fabric-loot-api-v3, fabric-message-api-v1, fabric-model-loading-api-v1, fabric-networking-api-v1, fabric-object-builder-api-v1, fabric-particles-v1, fabric-recipe-api-v1, fabric-registry-sync-v0, fabric-renderer-api-v1, fabric-renderer-indigo, fabric-rendering-fluids-v1, fabric-rendering-v1]
[00:31:47] [Render thread/DEBUG] (net.fabricmc.fabric.impl.resource.loader.ModResourcePackUtil) [Fabric] cur @ fabric, auto-enabled fabric-resource-conditions-api-v1, currently enabled: [vanilla, fabric, cloth-config, fabric-api, fabric-api-base, fabric-api-lookup-api-v1, fabric-biome-api-v1, fabric-block-api-v1, fabric-block-view-api-v2, fabric-client-gametest-api-v1, fabric-command-api-v2, fabric-content-registries-v0, fabric-convention-tags-v1, fabric-convention-tags-v2, fabric-crash-report-info-v1, fabric-data-attachment-api-v1, fabric-data-generation-api-v1, fabric-dimensions-v1, fabric-entity-events-v1, fabric-events-interaction-v0, fabric-game-rule-api-v1, fabric-gametest-api-v1, fabric-item-api-v1, fabric-item-group-api-v1, fabric-key-binding-api-v1, fabric-lifecycle-events-v1, fabric-loot-api-v2, fabric-loot-api-v3, fabric-message-api-v1, fabric-model-loading-api-v1, fabric-networking-api-v1, fabric-object-builder-api-v1, fabric-particles-v1, fabric-recipe-api-v1, fabric-registry-sync-v0, fabric-renderer-api-v1, fabric-renderer-indigo, fabric-rendering-fluids-v1, fabric-rendering-v1, fabric-resource-conditions-api-v1]
[00:31:47] [Render thread/DEBUG] (net.fabricmc.fabric.impl.resource.loader.ModResourcePackUtil) [Fabric] cur @ fabric, auto-enabled fabric-resource-loader-v0, currently enabled: [vanilla, fabric, cloth-config, fabric-api, fabric-api-base, fabric-api-lookup-api-v1, fabric-biome-api-v1, fabric-block-api-v1, fabric-block-view-api-v2, fabric-client-gametest-api-v1, fabric-command-api-v2, fabric-content-registries-v0, fabric-convention-tags-v1, fabric-convention-tags-v2, fabric-crash-report-info-v1, fabric-data-attachment-api-v1, fabric-data-generation-api-v1, fabric-dimensions-v1, fabric-entity-events-v1, fabric-events-interaction-v0, fabric-game-rule-api-v1, fabric-gametest-api-v1, fabric-item-api-v1, fabric-item-group-api-v1, fabric-key-binding-api-v1, fabric-lifecycle-events-v1, fabric-loot-api-v2, fabric-loot-api-v3, fabric-message-api-v1, fabric-model-loading-api-v1, fabric-networking-api-v1, fabric-object-builder-api-v1, fabric-particles-v1, fabric-recipe-api-v1, fabric-registry-sync-v0, fabric-renderer-api-v1, fabric-renderer-indigo, fabric-rendering-fluids-v1, fabric-rendering-v1, fabric-resource-conditions-api-v1, fabric-resource-loader-v0]
[00:31:47] [Render thread/DEBUG] (net.fabricmc.fabric.impl.resource.loader.ModResourcePackUtil) [Fabric] cur @ fabric, auto-enabled fabric-resource-loader-v1, currently enabled: [vanilla, fabric, cloth-config, fabric-api, fabric-api-base, fabric-api-lookup-api-v1, fabric-biome-api-v1, fabric-block-api-v1, fabric-block-view-api-v2, fabric-client-gametest-api-v1, fabric-command-api-v2, fabric-content-registries-v0, fabric-convention-tags-v1, fabric-convention-tags-v2, fabric-crash-report-info-v1, fabric-data-attachment-api-v1, fabric-data-generation-api-v1, fabric-dimensions-v1, fabric-entity-events-v1, fabric-events-interaction-v0, fabric-game-rule-api-v1, fabric-gametest-api-v1, fabric-item-api-v1, fabric-item-group-api-v1, fabric-key-binding-api-v1, fabric-lifecycle-events-v1, fabric-loot-api-v2, fabric-loot-api-v3, fabric-message-api-v1, fabric-model-loading-api-v1, fabric-networking-api-v1, fabric-object-builder-api-v1, fabric-particles-v1, fabric-recipe-api-v1, fabric-registry-sync-v0, fabric-renderer-api-v1, fabric-renderer-indigo, fabric-rendering-fluids-v1, fabric-rendering-v1, fabric-resource-conditions-api-v1, fabric-resource-loader-v0, fabric-resource-loader-v1]
[00:31:47] [Render thread/DEBUG] (net.fabricmc.fabric.impl.resource.loader.ModResourcePackUtil) [Fabric] cur @ fabric, auto-enabled fabric-screen-api-v1, currently enabled: [vanilla, fabric, cloth-config, fabric-api, fabric-api-base, fabric-api-lookup-api-v1, fabric-biome-api-v1, fabric-block-api-v1, fabric-block-view-api-v2, fabric-client-gametest-api-v1, fabric-command-api-v2, fabric-content-registries-v0, fabric-convention-tags-v1, fabric-convention-tags-v2, fabric-crash-report-info-v1, fabric-data-attachment-api-v1, fabric-data-generation-api-v1, fabric-dimensions-v1, fabric-entity-events-v1, fabric-events-interaction-v0, fabric-game-rule-api-v1, fabric-gametest-api-v1, fabric-item-api-v1, fabric-item-group-api-v1, fabric-key-binding-api-v1, fabric-lifecycle-events-v1, fabric-loot-api-v2, fabric-loot-api-v3, fabric-message-api-v1, fabric-model-loading-api-v1, fabric-networking-api-v1, fabric-object-builder-api-v1, fabric-particles-v1, fabric-recipe-api-v1, fabric-registry-sync-v0, fabric-renderer-api-v1, fabric-renderer-indigo, fabric-rendering-fluids-v1, fabric-rendering-v1, fabric-resource-conditions-api-v1, fabric-resource-loader-v0, fabric-resource-loader-v1, fabric-screen-api-v1]
[00:31:47] [Render thread/DEBUG] (net.fabricmc.fabric.impl.resource.loader.ModResourcePackUtil) [Fabric] cur @ fabric, auto-enabled fabric-screen-handler-api-v1, currently enabled: [vanilla, fabric, cloth-config, fabric-api, fabric-api-base, fabric-api-lookup-api-v1, fabric-biome-api-v1, fabric-block-api-v1, fabric-block-view-api-v2, fabric-client-gametest-api-v1, fabric-command-api-v2, fabric-content-registries-v0, fabric-convention-tags-v1, fabric-convention-tags-v2, fabric-crash-report-info-v1, fabric-data-attachment-api-v1, fabric-data-generation-api-v1, fabric-dimensions-v1, fabric-entity-events-v1, fabric-events-interaction-v0, fabric-game-rule-api-v1, fabric-gametest-api-v1, fabric-item-api-v1, fabric-item-group-api-v1, fabric-key-binding-api-v1, fabric-lifecycle-events-v1, fabric-loot-api-v2, fabric-loot-api-v3, fabric-message-api-v1, fabric-model-loading-api-v1, fabric-networking-api-v1, fabric-object-builder-api-v1, fabric-particles-v1, fabric-recipe-api-v1, fabric-registry-sync-v0, fabric-renderer-api-v1, fabric-renderer-indigo, fabric-rendering-fluids-v1, fabric-rendering-v1, fabric-resource-conditions-api-v1, fabric-resource-loader-v0, fabric-resource-loader-v1, fabric-screen-api-v1, fabric-screen-handler-api-v1]
[00:31:47] [Render thread/DEBUG] (net.fabricmc.fabric.impl.resource.loader.ModResourcePackUtil) [Fabric] cur @ fabric, auto-enabled fabric-serialization-api-v1, currently enabled: [vanilla, fabric, cloth-config, fabric-api, fabric-api-base, fabric-api-lookup-api-v1, fabric-biome-api-v1, fabric-block-api-v1, fabric-block-view-api-v2, fabric-client-gametest-api-v1, fabric-command-api-v2, fabric-content-registries-v0, fabric-convention-tags-v1, fabric-convention-tags-v2, fabric-crash-report-info-v1, fabric-data-attachment-api-v1, fabric-data-generation-api-v1, fabric-dimensions-v1, fabric-entity-events-v1, fabric-events-interaction-v0, fabric-game-rule-api-v1, fabric-gametest-api-v1, fabric-item-api-v1, fabric-item-group-api-v1, fabric-key-binding-api-v1, fabric-lifecycle-events-v1, fabric-loot-api-v2, fabric-loot-api-v3, fabric-message-api-v1, fabric-model-loading-api-v1, fabric-networking-api-v1, fabric-object-builder-api-v1, fabric-particles-v1, fabric-recipe-api-v1, fabric-registry-sync-v0, fabric-renderer-api-v1, fabric-renderer-indigo, fabric-rendering-fluids-v1, fabric-rendering-v1, fabric-resource-conditions-api-v1, fabric-resource-loader-v0, fabric-resource-loader-v1, fabric-screen-api-v1, fabric-screen-handler-api-v1, fabric-serialization-api-v1]
[00:31:47] [Render thread/DEBUG] (net.fabricmc.fabric.impl.resource.loader.ModResourcePackUtil) [Fabric] cur @ fabric, auto-enabled fabric-sound-api-v1, currently enabled: [vanilla, fabric, cloth-config, fabric-api, fabric-api-base, fabric-api-lookup-api-v1, fabric-biome-api-v1, fabric-block-api-v1, fabric-block-view-api-v2, fabric-client-gametest-api-v1, fabric-command-api-v2, fabric-content-registries-v0, fabric-convention-tags-v1, fabric-convention-tags-v2, fabric-crash-report-info-v1, fabric-data-attachment-api-v1, fabric-data-generation-api-v1, fabric-dimensions-v1, fabric-entity-events-v1, fabric-events-interaction-v0, fabric-game-rule-api-v1, fabric-gametest-api-v1, fabric-item-api-v1, fabric-item-group-api-v1, fabric-key-binding-api-v1, fabric-lifecycle-events-v1, fabric-loot-api-v2, fabric-loot-api-v3, fabric-message-api-v1, fabric-model-loading-api-v1, fabric-networking-api-v1, fabric-object-builder-api-v1, fabric-particles-v1, fabric-recipe-api-v1, fabric-registry-sync-v0, fabric-renderer-api-v1, fabric-renderer-indigo, fabric-rendering-fluids-v1, fabric-rendering-v1, fabric-resource-conditions-api-v1, fabric-resource-loader-v0, fabric-resource-loader-v1, fabric-screen-api-v1, fabric-screen-handler-api-v1, fabric-serialization-api-v1, fabric-sound-api-v1]
[00:31:47] [Render thread/DEBUG] (net.fabricmc.fabric.impl.resource.loader.ModResourcePackUtil) [Fabric] cur @ fabric, auto-enabled fabric-tag-api-v1, currently enabled: [vanilla, fabric, cloth-config, fabric-api, fabric-api-base, fabric-api-lookup-api-v1, fabric-biome-api-v1, fabric-block-api-v1, fabric-block-view-api-v2, fabric-client-gametest-api-v1, fabric-command-api-v2, fabric-content-registries-v0, fabric-convention-tags-v1, fabric-convention-tags-v2, fabric-crash-report-info-v1, fabric-data-attachment-api-v1, fabric-data-generation-api-v1, fabric-dimensions-v1, fabric-entity-events-v1, fabric-events-interaction-v0, fabric-game-rule-api-v1, fabric-gametest-api-v1, fabric-item-api-v1, fabric-item-group-api-v1, fabric-key-binding-api-v1, fabric-lifecycle-events-v1, fabric-loot-api-v2, fabric-loot-api-v3, fabric-message-api-v1, fabric-model-loading-api-v1, fabric-networking-api-v1, fabric-object-builder-api-v1, fabric-particles-v1, fabric-recipe-api-v1, fabric-registry-sync-v0, fabric-renderer-api-v1, fabric-renderer-indigo, fabric-rendering-fluids-v1, fabric-rendering-v1, fabric-resource-conditions-api-v1, fabric-resource-loader-v0, fabric-resource-loader-v1, fabric-screen-api-v1, fabric-screen-handler-api-v1, fabric-serialization-api-v1, fabric-sound-api-v1, fabric-tag-api-v1]
[00:31:47] [Render thread/DEBUG] (net.fabricmc.fabric.impl.resource.loader.ModResourcePackUtil) [Fabric] cur @ fabric, auto-enabled fabric-transfer-api-v1, currently enabled: [vanilla, fabric, cloth-config, fabric-api, fabric-api-base, fabric-api-lookup-api-v1, fabric-biome-api-v1, fabric-block-api-v1, fabric-block-view-api-v2, fabric-client-gametest-api-v1, fabric-command-api-v2, fabric-content-registries-v0, fabric-convention-tags-v1, fabric-convention-tags-v2, fabric-crash-report-info-v1, fabric-data-attachment-api-v1, fabric-data-generation-api-v1, fabric-dimensions-v1, fabric-entity-events-v1, fabric-events-interaction-v0, fabric-game-rule-api-v1, fabric-gametest-api-v1, fabric-item-api-v1, fabric-item-group-api-v1, fabric-key-binding-api-v1, fabric-lifecycle-events-v1, fabric-loot-api-v2, fabric-loot-api-v3, fabric-message-api-v1, fabric-model-loading-api-v1, fabric-networking-api-v1, fabric-object-builder-api-v1, fabric-particles-v1, fabric-recipe-api-v1, fabric-registry-sync-v0, fabric-renderer-api-v1, fabric-renderer-indigo, fabric-rendering-fluids-v1, fabric-rendering-v1, fabric-resource-conditions-api-v1, fabric-resource-loader-v0, fabric-resource-loader-v1, fabric-screen-api-v1, fabric-screen-handler-api-v1, fabric-serialization-api-v1, fabric-sound-api-v1, fabric-tag-api-v1, fabric-transfer-api-v1]
[00:31:47] [Render thread/DEBUG] (net.fabricmc.fabric.impl.resource.loader.ModResourcePackUtil) [Fabric] cur @ fabric, auto-enabled fabric-transitive-access-wideners-v1, currently enabled: [vanilla, fabric, cloth-config, fabric-api, fabric-api-base, fabric-api-lookup-api-v1, fabric-biome-api-v1, fabric-block-api-v1, fabric-block-view-api-v2, fabric-client-gametest-api-v1, fabric-command-api-v2, fabric-content-registries-v0, fabric-convention-tags-v1, fabric-convention-tags-v2, fabric-crash-report-info-v1, fabric-data-attachment-api-v1, fabric-data-generation-api-v1, fabric-dimensions-v1, fabric-entity-events-v1, fabric-events-interaction-v0, fabric-game-rule-api-v1, fabric-gametest-api-v1, fabric-item-api-v1, fabric-item-group-api-v1, fabric-key-binding-api-v1, fabric-lifecycle-events-v1, fabric-loot-api-v2, fabric-loot-api-v3, fabric-message-api-v1, fabric-model-loading-api-v1, fabric-networking-api-v1, fabric-object-builder-api-v1, fabric-particles-v1, fabric-recipe-api-v1, fabric-registry-sync-v0, fabric-renderer-api-v1, fabric-renderer-indigo, fabric-rendering-fluids-v1, fabric-rendering-v1, fabric-resource-conditions-api-v1, fabric-resource-loader-v0, fabric-resource-loader-v1, fabric-screen-api-v1, fabric-screen-handler-api-v1, fabric-serialization-api-v1, fabric-sound-api-v1, fabric-tag-api-v1, fabric-transfer-api-v1, fabric-transitive-access-wideners-v1]
[00:31:47] [Render thread/DEBUG] (net.fabricmc.fabric.impl.resource.loader.ModResourcePackUtil) [Fabric] cur @ fabric, auto-enabled fabricloader, currently enabled: [vanilla, fabric, cloth-config, fabric-api, fabric-api-base, fabric-api-lookup-api-v1, fabric-biome-api-v1, fabric-block-api-v1, fabric-block-view-api-v2, fabric-client-gametest-api-v1, fabric-command-api-v2, fabric-content-registries-v0, fabric-convention-tags-v1, fabric-convention-tags-v2, fabric-crash-report-info-v1, fabric-data-attachment-api-v1, fabric-data-generation-api-v1, fabric-dimensions-v1, fabric-entity-events-v1, fabric-events-interaction-v0, fabric-game-rule-api-v1, fabric-gametest-api-v1, fabric-item-api-v1, fabric-item-group-api-v1, fabric-key-binding-api-v1, fabric-lifecycle-events-v1, fabric-loot-api-v2, fabric-loot-api-v3, fabric-message-api-v1, fabric-model-loading-api-v1, fabric-networking-api-v1, fabric-object-builder-api-v1, fabric-particles-v1, fabric-recipe-api-v1, fabric-registry-sync-v0, fabric-renderer-api-v1, fabric-renderer-indigo, fabric-rendering-fluids-v1, fabric-rendering-v1, fabric-resource-conditions-api-v1, fabric-resource-loader-v0, fabric-resource-loader-v1, fabric-screen-api-v1, fabric-screen-handler-api-v1, fabric-serialization-api-v1, fabric-sound-api-v1, fabric-tag-api-v1, fabric-transfer-api-v1, fabric-transitive-access-wideners-v1, fabricloader]
[00:31:47] [Render thread/DEBUG] (net.fabricmc.fabric.impl.resource.loader.ModResourcePackUtil) [Fabric] cur @ fabric, auto-enabled jade, currently enabled: [vanilla, fabric, cloth-config, fabric-api, fabric-api-base, fabric-api-lookup-api-v1, fabric-biome-api-v1, fabric-block-api-v1, fabric-block-view-api-v2, fabric-client-gametest-api-v1, fabric-command-api-v2, fabric-content-registries-v0, fabric-convention-tags-v1, fabric-convention-tags-v2, fabric-crash-report-info-v1, fabric-data-attachment-api-v1, fabric-data-generation-api-v1, fabric-dimensions-v1, fabric-entity-events-v1, fabric-events-interaction-v0, fabric-game-rule-api-v1, fabric-gametest-api-v1, fabric-item-api-v1, fabric-item-group-api-v1, fabric-key-binding-api-v1, fabric-lifecycle-events-v1, fabric-loot-api-v2, fabric-loot-api-v3, fabric-message-api-v1, fabric-model-loading-api-v1, fabric-networking-api-v1, fabric-object-builder-api-v1, fabric-particles-v1, fabric-recipe-api-v1, fabric-registry-sync-v0, fabric-renderer-api-v1, fabric-renderer-indigo, fabric-rendering-fluids-v1, fabric-rendering-v1, fabric-resource-conditions-api-v1, fabric-resource-loader-v0, fabric-resource-loader-v1, fabric-screen-api-v1, fabric-screen-handler-api-v1, fabric-serialization-api-v1, fabric-sound-api-v1, fabric-tag-api-v1, fabric-transfer-api-v1, fabric-transitive-access-wideners-v1, fabricloader, jade]
[00:31:47] [Render thread/DEBUG] (net.fabricmc.fabric.impl.resource.loader.ModResourcePackUtil) [Fabric] cur @ fabric, auto-enabled modmenu, currently enabled: [vanilla, fabric, cloth-config, fabric-api, fabric-api-base, fabric-api-lookup-api-v1, fabric-biome-api-v1, fabric-block-api-v1, fabric-block-view-api-v2, fabric-client-gametest-api-v1, fabric-command-api-v2, fabric-content-registries-v0, fabric-convention-tags-v1, fabric-convention-tags-v2, fabric-crash-report-info-v1, fabric-data-attachment-api-v1, fabric-data-generation-api-v1, fabric-dimensions-v1, fabric-entity-events-v1, fabric-events-interaction-v0, fabric-game-rule-api-v1, fabric-gametest-api-v1, fabric-item-api-v1, fabric-item-group-api-v1, fabric-key-binding-api-v1, fabric-lifecycle-events-v1, fabric-loot-api-v2, fabric-loot-api-v3, fabric-message-api-v1, fabric-model-loading-api-v1, fabric-networking-api-v1, fabric-object-builder-api-v1, fabric-particles-v1, fabric-recipe-api-v1, fabric-registry-sync-v0, fabric-renderer-api-v1, fabric-renderer-indigo, fabric-rendering-fluids-v1, fabric-rendering-v1, fabric-resource-conditions-api-v1, fabric-resource-loader-v0, fabric-resource-loader-v1, fabric-screen-api-v1, fabric-screen-handler-api-v1, fabric-serialization-api-v1, fabric-sound-api-v1, fabric-tag-api-v1, fabric-transfer-api-v1, fabric-transitive-access-wideners-v1, fabricloader, jade, modmenu]
[00:31:47] [Render thread/DEBUG] (net.fabricmc.fabric.impl.resource.loader.ModResourcePackUtil) [Fabric] cur @ fabric, auto-enabled placeholder-api, currently enabled: [vanilla, fabric, cloth-config, fabric-api, fabric-api-base, fabric-api-lookup-api-v1, fabric-biome-api-v1, fabric-block-api-v1, fabric-block-view-api-v2, fabric-client-gametest-api-v1, fabric-command-api-v2, fabric-content-registries-v0, fabric-convention-tags-v1, fabric-convention-tags-v2, fabric-crash-report-info-v1, fabric-data-attachment-api-v1, fabric-data-generation-api-v1, fabric-dimensions-v1, fabric-entity-events-v1, fabric-events-interaction-v0, fabric-game-rule-api-v1, fabric-gametest-api-v1, fabric-item-api-v1, fabric-item-group-api-v1, fabric-key-binding-api-v1, fabric-lifecycle-events-v1, fabric-loot-api-v2, fabric-loot-api-v3, fabric-message-api-v1, fabric-model-loading-api-v1, fabric-networking-api-v1, fabric-object-builder-api-v1, fabric-particles-v1, fabric-recipe-api-v1, fabric-registry-sync-v0, fabric-renderer-api-v1, fabric-renderer-indigo, fabric-rendering-fluids-v1, fabric-rendering-v1, fabric-resource-conditions-api-v1, fabric-resource-loader-v0, fabric-resource-loader-v1, fabric-screen-api-v1, fabric-screen-handler-api-v1, fabric-serialization-api-v1, fabric-sound-api-v1, fabric-tag-api-v1, fabric-transfer-api-v1, fabric-transitive-access-wideners-v1, fabricloader, jade, modmenu, placeholder-api]
[00:31:47] [Render thread/DEBUG] (net.fabricmc.fabric.impl.resource.loader.ModResourcePackUtil) [Fabric] cur @ fabric, auto-enabled sodium, currently enabled: [vanilla, fabric, cloth-config, fabric-api, fabric-api-base, fabric-api-lookup-api-v1, fabric-biome-api-v1, fabric-block-api-v1, fabric-block-view-api-v2, fabric-client-gametest-api-v1, fabric-command-api-v2, fabric-content-registries-v0, fabric-convention-tags-v1, fabric-convention-tags-v2, fabric-crash-report-info-v1, fabric-data-attachment-api-v1, fabric-data-generation-api-v1, fabric-dimensions-v1, fabric-entity-events-v1, fabric-events-interaction-v0, fabric-game-rule-api-v1, fabric-gametest-api-v1, fabric-item-api-v1, fabric-item-group-api-v1, fabric-key-binding-api-v1, fabric-lifecycle-events-v1, fabric-loot-api-v2, fabric-loot-api-v3, fabric-message-api-v1, fabric-model-loading-api-v1, fabric-networking-api-v1, fabric-object-builder-api-v1, fabric-particles-v1, fabric-recipe-api-v1, fabric-registry-sync-v0, fabric-renderer-api-v1, fabric-renderer-indigo, fabric-rendering-fluids-v1, fabric-rendering-v1, fabric-resource-conditions-api-v1, fabric-resource-loader-v0, fabric-resource-loader-v1, fabric-screen-api-v1, fabric-screen-handler-api-v1, fabric-serialization-api-v1, fabric-sound-api-v1, fabric-tag-api-v1, fabric-transfer-api-v1, fabric-transitive-access-wideners-v1, fabricloader, jade, modmenu, placeholder-api, sodium]
[00:31:47] [Render thread/DEBUG] (net.fabricmc.fabric.impl.resource.loader.ModResourcePackUtil) [Fabric] Final sorting result: [vanilla, fabric, cloth-config, fabric-api, fabric-api-base, fabric-api-lookup-api-v1, fabric-biome-api-v1, fabric-block-api-v1, fabric-block-view-api-v2, fabric-client-gametest-api-v1, fabric-command-api-v2, fabric-content-registries-v0, fabric-convention-tags-v1, fabric-convention-tags-v2, fabric-crash-report-info-v1, fabric-data-attachment-api-v1, fabric-data-generation-api-v1, fabric-dimensions-v1, fabric-entity-events-v1, fabric-events-interaction-v0, fabric-game-rule-api-v1, fabric-gametest-api-v1, fabric-item-api-v1, fabric-item-group-api-v1, fabric-key-binding-api-v1, fabric-lifecycle-events-v1, fabric-loot-api-v2, fabric-loot-api-v3, fabric-message-api-v1, fabric-model-loading-api-v1, fabric-networking-api-v1, fabric-object-builder-api-v1, fabric-particles-v1, fabric-recipe-api-v1, fabric-registry-sync-v0, fabric-renderer-api-v1, fabric-renderer-indigo, fabric-rendering-fluids-v1, fabric-rendering-v1, fabric-resource-conditions-api-v1, fabric-resource-loader-v0, fabric-resource-loader-v1, fabric-screen-api-v1, fabric-screen-handler-api-v1, fabric-serialization-api-v1, fabric-sound-api-v1, fabric-tag-api-v1, fabric-transfer-api-v1, fabric-transitive-access-wideners-v1, fabricloader, jade, modmenu, placeholder-api, sodium]
[00:31:47] [Render thread/DEBUG] (net.fabricmc.fabric.impl.resource.loader.ModResourcePackUtil) [Fabric] Starting internal pack sorting with: [vanilla, fabric, cloth-config, fabric-api, fabric-api-base, fabric-api-lookup-api-v1, fabric-biome-api-v1, fabric-block-api-v1, fabric-block-view-api-v2, fabric-client-gametest-api-v1, fabric-command-api-v2, fabric-content-registries-v0, fabric-convention-tags-v1, fabric-convention-tags-v2, fabric-crash-report-info-v1, fabric-data-attachment-api-v1, fabric-data-generation-api-v1, fabric-dimensions-v1, fabric-entity-events-v1, fabric-events-interaction-v0, fabric-game-rule-api-v1, fabric-gametest-api-v1, fabric-item-api-v1, fabric-item-group-api-v1, fabric-item-group-api-v1_programmer_art, fabric-key-binding-api-v1, fabric-lifecycle-events-v1, fabric-loot-api-v2, fabric-loot-api-v3, fabric-message-api-v1, fabric-model-loading-api-v1, fabric-networking-api-v1, fabric-object-builder-api-v1, fabric-particles-v1, fabric-recipe-api-v1, fabric-registry-sync-v0, fabric-renderer-api-v1, fabric-renderer-indigo, fabric-rendering-fluids-v1, fabric-rendering-v1, fabric-resource-conditions-api-v1, fabric-resource-loader-v0, fabric-resource-loader-v1, fabric-screen-api-v1, fabric-screen-handler-api-v1, fabric-serialization-api-v1, fabric-sound-api-v1, fabric-tag-api-v1, fabric-transfer-api-v1, fabric-transitive-access-wideners-v1, fabricloader, jade, jade_high_contrast, modmenu, modmenu_high_contrast, modmenu_programmer_art, placeholder-api, sodium, sodium_programmer_art]
[00:31:47] [Render thread/DEBUG] (net.fabricmc.fabric.impl.resource.loader.ModResourcePackUtil) [Fabric] Removed all internal packs, result: [vanilla, fabric]
[00:31:47] [Render thread/DEBUG] (net.fabricmc.fabric.impl.resource.loader.ModResourcePackUtil) [Fabric] cur @ fabric, auto-enabled cloth-config, currently enabled: [vanilla, fabric, cloth-config]
[00:31:47] [Render thread/DEBUG] (net.fabricmc.fabric.impl.resource.loader.ModResourcePackUtil) [Fabric] cur @ fabric, auto-enabled fabric-api, currently enabled: [vanilla, fabric, cloth-config, fabric-api]
[00:31:47] [Render thread/DEBUG] (net.fabricmc.fabric.impl.resource.loader.ModResourcePackUtil) [Fabric] cur @ fabric, auto-enabled fabric-api-base, currently enabled: [vanilla, fabric, cloth-config, fabric-api, fabric-api-base]
[00:31:47] [Render thread/DEBUG] (net.fabricmc.fabric.impl.resource.loader.ModResourcePackUtil) [Fabric] cur @ fabric, auto-enabled fabric-api-lookup-api-v1, currently enabled: [vanilla, fabric, cloth-config, fabric-api, fabric-api-base, fabric-api-lookup-api-v1]
[00:31:47] [Render thread/DEBUG] (net.fabricmc.fabric.impl.resource.loader.ModResourcePackUtil) [Fabric] cur @ fabric, auto-enabled fabric-biome-api-v1, currently enabled: [vanilla, fabric, cloth-config, fabric-api, fabric-api-base, fabric-api-lookup-api-v1, fabric-biome-api-v1]
[00:31:47] [Render thread/DEBUG] (net.fabricmc.fabric.impl.resource.loader.ModResourcePackUtil) [Fabric] cur @ fabric, auto-enabled fabric-block-api-v1, currently enabled: [vanilla, fabric, cloth-config, fabric-api, fabric-api-base, fabric-api-lookup-api-v1, fabric-biome-api-v1, fabric-block-api-v1]
[00:31:47] [Render thread/DEBUG] (net.fabricmc.fabric.impl.resource.loader.ModResourcePackUtil) [Fabric] cur @ fabric, auto-enabled fabric-block-view-api-v2, currently enabled: [vanilla, fabric, cloth-config, fabric-api, fabric-api-base, fabric-api-lookup-api-v1, fabric-biome-api-v1, fabric-block-api-v1, fabric-block-view-api-v2]
[00:31:47] [Render thread/DEBUG] (net.fabricmc.fabric.impl.resource.loader.ModResourcePackUtil) [Fabric] cur @ fabric, auto-enabled fabric-client-gametest-api-v1, currently enabled: [vanilla, fabric, cloth-config, fabric-api, fabric-api-base, fabric-api-lookup-api-v1, fabric-biome-api-v1, fabric-block-api-v1, fabric-block-view-api-v2, fabric-client-gametest-api-v1]
[00:31:47] [Render thread/DEBUG] (net.fabricmc.fabric.impl.resource.loader.ModResourcePackUtil) [Fabric] cur @ fabric, auto-enabled fabric-command-api-v2, currently enabled: [vanilla, fabric, cloth-config, fabric-api, fabric-api-base, fabric-api-lookup-api-v1, fabric-biome-api-v1, fabric-block-api-v1, fabric-block-view-api-v2, fabric-client-gametest-api-v1, fabric-command-api-v2]
[00:31:47] [Render thread/DEBUG] (net.fabricmc.fabric.impl.resource.loader.ModResourcePackUtil) [Fabric] cur @ fabric, auto-enabled fabric-content-registries-v0, currently enabled: [vanilla, fabric, cloth-config, fabric-api, fabric-api-base, fabric-api-lookup-api-v1, fabric-biome-api-v1, fabric-block-api-v1, fabric-block-view-api-v2, fabric-client-gametest-api-v1, fabric-command-api-v2, fabric-content-registries-v0]
[00:31:47] [Render thread/DEBUG] (net.fabricmc.fabric.impl.resource.loader.ModResourcePackUtil) [Fabric] cur @ fabric, auto-enabled fabric-convention-tags-v1, currently enabled: [vanilla, fabric, cloth-config, fabric-api, fabric-api-base, fabric-api-lookup-api-v1, fabric-biome-api-v1, fabric-block-api-v1, fabric-block-view-api-v2, fabric-client-gametest-api-v1, fabric-command-api-v2, fabric-content-registries-v0, fabric-convention-tags-v1]
[00:31:47] [Render thread/DEBUG] (net.fabricmc.fabric.impl.resource.loader.ModResourcePackUtil) [Fabric] cur @ fabric, auto-enabled fabric-convention-tags-v2, currently enabled: [vanilla, fabric, cloth-config, fabric-api, fabric-api-base, fabric-api-lookup-api-v1, fabric-biome-api-v1, fabric-block-api-v1, fabric-block-view-api-v2, fabric-client-gametest-api-v1, fabric-command-api-v2, fabric-content-registries-v0, fabric-convention-tags-v1, fabric-convention-tags-v2]
[00:31:47] [Render thread/DEBUG] (net.fabricmc.fabric.impl.resource.loader.ModResourcePackUtil) [Fabric] cur @ fabric, auto-enabled fabric-crash-report-info-v1, currently enabled: [vanilla, fabric, cloth-config, fabric-api, fabric-api-base, fabric-api-lookup-api-v1, fabric-biome-api-v1, fabric-block-api-v1, fabric-block-view-api-v2, fabric-client-gametest-api-v1, fabric-command-api-v2, fabric-content-registries-v0, fabric-convention-tags-v1, fabric-convention-tags-v2, fabric-crash-report-info-v1]
[00:31:47] [Render thread/DEBUG] (net.fabricmc.fabric.impl.resource.loader.ModResourcePackUtil) [Fabric] cur @ fabric, auto-enabled fabric-data-attachment-api-v1, currently enabled: [vanilla, fabric, cloth-config, fabric-api, fabric-api-base, fabric-api-lookup-api-v1, fabric-biome-api-v1, fabric-block-api-v1, fabric-block-view-api-v2, fabric-client-gametest-api-v1, fabric-command-api-v2, fabric-content-registries-v0, fabric-convention-tags-v1, fabric-convention-tags-v2, fabric-crash-report-info-v1, fabric-data-attachment-api-v1]
[00:31:47] [Render thread/DEBUG] (net.fabricmc.fabric.impl.resource.loader.ModResourcePackUtil) [Fabric] cur @ fabric, auto-enabled fabric-data-generation-api-v1, currently enabled: [vanilla, fabric, cloth-config, fabric-api, fabric-api-base, fabric-api-lookup-api-v1, fabric-biome-api-v1, fabric-block-api-v1, fabric-block-view-api-v2, fabric-client-gametest-api-v1, fabric-command-api-v2, fabric-content-registries-v0, fabric-convention-tags-v1, fabric-convention-tags-v2, fabric-crash-report-info-v1, fabric-data-attachment-api-v1, fabric-data-generation-api-v1]
[00:31:47] [Render thread/DEBUG] (net.fabricmc.fabric.impl.resource.loader.ModResourcePackUtil) [Fabric] cur @ fabric, auto-enabled fabric-dimensions-v1, currently enabled: [vanilla, fabric, cloth-config, fabric-api, fabric-api-base, fabric-api-lookup-api-v1, fabric-biome-api-v1, fabric-block-api-v1, fabric-block-view-api-v2, fabric-client-gametest-api-v1, fabric-command-api-v2, fabric-content-registries-v0, fabric-convention-tags-v1, fabric-convention-tags-v2, fabric-crash-report-info-v1, fabric-data-attachment-api-v1, fabric-data-generation-api-v1, fabric-dimensions-v1]
[00:31:47] [Render thread/DEBUG] (net.fabricmc.fabric.impl.resource.loader.ModResourcePackUtil) [Fabric] cur @ fabric, auto-enabled fabric-entity-events-v1, currently enabled: [vanilla, fabric, cloth-config, fabric-api, fabric-api-base, fabric-api-lookup-api-v1, fabric-biome-api-v1, fabric-block-api-v1, fabric-block-view-api-v2, fabric-client-gametest-api-v1, fabric-command-api-v2, fabric-content-registries-v0, fabric-convention-tags-v1, fabric-convention-tags-v2, fabric-crash-report-info-v1, fabric-data-attachment-api-v1, fabric-data-generation-api-v1, fabric-dimensions-v1, fabric-entity-events-v1]
[00:31:47] [Render thread/DEBUG] (net.fabricmc.fabric.impl.resource.loader.ModResourcePackUtil) [Fabric] cur @ fabric, auto-enabled fabric-events-interaction-v0, currently enabled: [vanilla, fabric, cloth-config, fabric-api, fabric-api-base, fabric-api-lookup-api-v1, fabric-biome-api-v1, fabric-block-api-v1, fabric-block-view-api-v2, fabric-client-gametest-api-v1, fabric-command-api-v2, fabric-content-registries-v0, fabric-convention-tags-v1, fabric-convention-tags-v2, fabric-crash-report-info-v1, fabric-data-attachment-api-v1, fabric-data-generation-api-v1, fabric-dimensions-v1, fabric-entity-events-v1, fabric-events-interaction-v0]
[00:31:47] [Render thread/DEBUG] (net.fabricmc.fabric.impl.resource.loader.ModResourcePackUtil) [Fabric] cur @ fabric, auto-enabled fabric-game-rule-api-v1, currently enabled: [vanilla, fabric, cloth-config, fabric-api, fabric-api-base, fabric-api-lookup-api-v1, fabric-biome-api-v1, fabric-block-api-v1, fabric-block-view-api-v2, fabric-client-gametest-api-v1, fabric-command-api-v2, fabric-content-registries-v0, fabric-convention-tags-v1, fabric-convention-tags-v2, fabric-crash-report-info-v1, fabric-data-attachment-api-v1, fabric-data-generation-api-v1, fabric-dimensions-v1, fabric-entity-events-v1, fabric-events-interaction-v0, fabric-game-rule-api-v1]
[00:31:47] [Render thread/DEBUG] (net.fabricmc.fabric.impl.resource.loader.ModResourcePackUtil) [Fabric] cur @ fabric, auto-enabled fabric-gametest-api-v1, currently enabled: [vanilla, fabric, cloth-config, fabric-api, fabric-api-base, fabric-api-lookup-api-v1, fabric-biome-api-v1, fabric-block-api-v1, fabric-block-view-api-v2, fabric-client-gametest-api-v1, fabric-command-api-v2, fabric-content-registries-v0, fabric-convention-tags-v1, fabric-convention-tags-v2, fabric-crash-report-info-v1, fabric-data-attachment-api-v1, fabric-data-generation-api-v1, fabric-dimensions-v1, fabric-entity-events-v1, fabric-events-interaction-v0, fabric-game-rule-api-v1, fabric-gametest-api-v1]
[00:31:47] [Render thread/DEBUG] (net.fabricmc.fabric.impl.resource.loader.ModResourcePackUtil) [Fabric] cur @ fabric, auto-enabled fabric-item-api-v1, currently enabled: [vanilla, fabric, cloth-config, fabric-api, fabric-api-base, fabric-api-lookup-api-v1, fabric-biome-api-v1, fabric-block-api-v1, fabric-block-view-api-v2, fabric-client-gametest-api-v1, fabric-command-api-v2, fabric-content-registries-v0, fabric-convention-tags-v1, fabric-convention-tags-v2, fabric-crash-report-info-v1, fabric-data-attachment-api-v1, fabric-data-generation-api-v1, fabric-dimensions-v1, fabric-entity-events-v1, fabric-events-interaction-v0, fabric-game-rule-api-v1, fabric-gametest-api-v1, fabric-item-api-v1]
[00:31:47] [Render thread/DEBUG] (net.fabricmc.fabric.impl.resource.loader.ModResourcePackUtil) [Fabric] cur @ fabric, auto-enabled fabric-item-group-api-v1, currently enabled: [vanilla, fabric, cloth-config, fabric-api, fabric-api-base, fabric-api-lookup-api-v1, fabric-biome-api-v1, fabric-block-api-v1, fabric-block-view-api-v2, fabric-client-gametest-api-v1, fabric-command-api-v2, fabric-content-registries-v0, fabric-convention-tags-v1, fabric-convention-tags-v2, fabric-crash-report-info-v1, fabric-data-attachment-api-v1, fabric-data-generation-api-v1, fabric-dimensions-v1, fabric-entity-events-v1, fabric-events-interaction-v0, fabric-game-rule-api-v1, fabric-gametest-api-v1, fabric-item-api-v1, fabric-item-group-api-v1]
[00:31:47] [Render thread/DEBUG] (net.fabricmc.fabric.impl.resource.loader.ModResourcePackUtil) [Fabric] cur @ fabric, auto-enabled fabric-key-binding-api-v1, currently enabled: [vanilla, fabric, cloth-config, fabric-api, fabric-api-base, fabric-api-lookup-api-v1, fabric-biome-api-v1, fabric-block-api-v1, fabric-block-view-api-v2, fabric-client-gametest-api-v1, fabric-command-api-v2, fabric-content-registries-v0, fabric-convention-tags-v1, fabric-convention-tags-v2, fabric-crash-report-info-v1, fabric-data-attachment-api-v1, fabric-data-generation-api-v1, fabric-dimensions-v1, fabric-entity-events-v1, fabric-events-interaction-v0, fabric-game-rule-api-v1, fabric-gametest-api-v1, fabric-item-api-v1, fabric-item-group-api-v1, fabric-key-binding-api-v1]
[00:31:47] [Render thread/DEBUG] (net.fabricmc.fabric.impl.resource.loader.ModResourcePackUtil) [Fabric] cur @ fabric, auto-enabled fabric-lifecycle-events-v1, currently enabled: [vanilla, fabric, cloth-config, fabric-api, fabric-api-base, fabric-api-lookup-api-v1, fabric-biome-api-v1, fabric-block-api-v1, fabric-block-view-api-v2, fabric-client-gametest-api-v1, fabric-command-api-v2, fabric-content-registries-v0, fabric-convention-tags-v1, fabric-convention-tags-v2, fabric-crash-report-info-v1, fabric-data-attachment-api-v1, fabric-data-generation-api-v1, fabric-dimensions-v1, fabric-entity-events-v1, fabric-events-interaction-v0, fabric-game-rule-api-v1, fabric-gametest-api-v1, fabric-item-api-v1, fabric-item-group-api-v1, fabric-key-binding-api-v1, fabric-lifecycle-events-v1]
[00:31:47] [Render thread/DEBUG] (net.fabricmc.fabric.impl.resource.loader.ModResourcePackUtil) [Fabric] cur @ fabric, auto-enabled fabric-loot-api-v2, currently enabled: [vanilla, fabric, cloth-config, fabric-api, fabric-api-base, fabric-api-lookup-api-v1, fabric-biome-api-v1, fabric-block-api-v1, fabric-block-view-api-v2, fabric-client-gametest-api-v1, fabric-command-api-v2, fabric-content-registries-v0, fabric-convention-tags-v1, fabric-convention-tags-v2, fabric-crash-report-info-v1, fabric-data-attachment-api-v1, fabric-data-generation-api-v1, fabric-dimensions-v1, fabric-entity-events-v1, fabric-events-interaction-v0, fabric-game-rule-api-v1, fabric-gametest-api-v1, fabric-item-api-v1, fabric-item-group-api-v1, fabric-key-binding-api-v1, fabric-lifecycle-events-v1, fabric-loot-api-v2]
[00:31:47] [Render thread/DEBUG] (net.fabricmc.fabric.impl.resource.loader.ModResourcePackUtil) [Fabric] cur @ fabric, auto-enabled fabric-loot-api-v3, currently enabled: [vanilla, fabric, cloth-config, fabric-api, fabric-api-base, fabric-api-lookup-api-v1, fabric-biome-api-v1, fabric-block-api-v1, fabric-block-view-api-v2, fabric-client-gametest-api-v1, fabric-command-api-v2, fabric-content-registries-v0, fabric-convention-tags-v1, fabric-convention-tags-v2, fabric-crash-report-info-v1, fabric-data-attachment-api-v1, fabric-data-generation-api-v1, fabric-dimensions-v1, fabric-entity-events-v1, fabric-events-interaction-v0, fabric-game-rule-api-v1, fabric-gametest-api-v1, fabric-item-api-v1, fabric-item-group-api-v1, fabric-key-binding-api-v1, fabric-lifecycle-events-v1, fabric-loot-api-v2, fabric-loot-api-v3]
[00:31:47] [Render thread/DEBUG] (net.fabricmc.fabric.impl.resource.loader.ModResourcePackUtil) [Fabric] cur @ fabric, auto-enabled fabric-message-api-v1, currently enabled: [vanilla, fabric, cloth-config, fabric-api, fabric-api-base, fabric-api-lookup-api-v1, fabric-biome-api-v1, fabric-block-api-v1, fabric-block-view-api-v2, fabric-client-gametest-api-v1, fabric-command-api-v2, fabric-content-registries-v0, fabric-convention-tags-v1, fabric-convention-tags-v2, fabric-crash-report-info-v1, fabric-data-attachment-api-v1, fabric-data-generation-api-v1, fabric-dimensions-v1, fabric-entity-events-v1, fabric-events-interaction-v0, fabric-game-rule-api-v1, fabric-gametest-api-v1, fabric-item-api-v1, fabric-item-group-api-v1, fabric-key-binding-api-v1, fabric-lifecycle-events-v1, fabric-loot-api-v2, fabric-loot-api-v3, fabric-message-api-v1]
[00:31:47] [Render thread/DEBUG] (net.fabricmc.fabric.impl.resource.loader.ModResourcePackUtil) [Fabric] cur @ fabric, auto-enabled fabric-model-loading-api-v1, currently enabled: [vanilla, fabric, cloth-config, fabric-api, fabric-api-base, fabric-api-lookup-api-v1, fabric-biome-api-v1, fabric-block-api-v1, fabric-block-view-api-v2, fabric-client-gametest-api-v1, fabric-command-api-v2, fabric-content-registries-v0, fabric-convention-tags-v1, fabric-convention-tags-v2, fabric-crash-report-info-v1, fabric-data-attachment-api-v1, fabric-data-generation-api-v1, fabric-dimensions-v1, fabric-entity-events-v1, fabric-events-interaction-v0, fabric-game-rule-api-v1, fabric-gametest-api-v1, fabric-item-api-v1, fabric-item-group-api-v1, fabric-key-binding-api-v1, fabric-lifecycle-events-v1, fabric-loot-api-v2, fabric-loot-api-v3, fabric-message-api-v1, fabric-model-loading-api-v1]
[00:31:47] [Render thread/DEBUG] (net.fabricmc.fabric.impl.resource.loader.ModResourcePackUtil) [Fabric] cur @ fabric, auto-enabled fabric-networking-api-v1, currently enabled: [vanilla, fabric, cloth-config, fabric-api, fabric-api-base, fabric-api-lookup-api-v1, fabric-biome-api-v1, fabric-block-api-v1, fabric-block-view-api-v2, fabric-client-gametest-api-v1, fabric-command-api-v2, fabric-content-registries-v0, fabric-convention-tags-v1, fabric-convention-tags-v2, fabric-crash-report-info-v1, fabric-data-attachment-api-v1, fabric-data-generation-api-v1, fabric-dimensions-v1, fabric-entity-events-v1, fabric-events-interaction-v0, fabric-game-rule-api-v1, fabric-gametest-api-v1, fabric-item-api-v1, fabric-item-group-api-v1, fabric-key-binding-api-v1, fabric-lifecycle-events-v1, fabric-loot-api-v2, fabric-loot-api-v3, fabric-message-api-v1, fabric-model-loading-api-v1, fabric-networking-api-v1]
[00:31:47] [Render thread/DEBUG] (net.fabricmc.fabric.impl.resource.loader.ModResourcePackUtil) [Fabric] cur @ fabric, auto-enabled fabric-object-builder-api-v1, currently enabled: [vanilla, fabric, cloth-config, fabric-api, fabric-api-base, fabric-api-lookup-api-v1, fabric-biome-api-v1, fabric-block-api-v1, fabric-block-view-api-v2, fabric-client-gametest-api-v1, fabric-command-api-v2, fabric-content-registries-v0, fabric-convention-tags-v1, fabric-convention-tags-v2, fabric-crash-report-info-v1, fabric-data-attachment-api-v1, fabric-data-generation-api-v1, fabric-dimensions-v1, fabric-entity-events-v1, fabric-events-interaction-v0, fabric-game-rule-api-v1, fabric-gametest-api-v1, fabric-item-api-v1, fabric-item-group-api-v1, fabric-key-binding-api-v1, fabric-lifecycle-events-v1, fabric-loot-api-v2, fabric-loot-api-v3, fabric-message-api-v1, fabric-model-loading-api-v1, fabric-networking-api-v1, fabric-object-builder-api-v1]
[00:31:47] [Render thread/DEBUG] (net.fabricmc.fabric.impl.resource.loader.ModResourcePackUtil) [Fabric] cur @ fabric, auto-enabled fabric-particles-v1, currently enabled: [vanilla, fabric, cloth-config, fabric-api, fabric-api-base, fabric-api-lookup-api-v1, fabric-biome-api-v1, fabric-block-api-v1, fabric-block-view-api-v2, fabric-client-gametest-api-v1, fabric-command-api-v2, fabric-content-registries-v0, fabric-convention-tags-v1, fabric-convention-tags-v2, fabric-crash-report-info-v1, fabric-data-attachment-api-v1, fabric-data-generation-api-v1, fabric-dimensions-v1, fabric-entity-events-v1, fabric-events-interaction-v0, fabric-game-rule-api-v1, fabric-gametest-api-v1, fabric-item-api-v1, fabric-item-group-api-v1, fabric-key-binding-api-v1, fabric-lifecycle-events-v1, fabric-loot-api-v2, fabric-loot-api-v3, fabric-message-api-v1, fabric-model-loading-api-v1, fabric-networking-api-v1, fabric-object-builder-api-v1, fabric-particles-v1]
[00:31:47] [Render thread/DEBUG] (net.fabricmc.fabric.impl.resource.loader.ModResourcePackUtil) [Fabric] cur @ fabric, auto-enabled fabric-recipe-api-v1, currently enabled: [vanilla, fabric, cloth-config, fabric-api, fabric-api-base, fabric-api-lookup-api-v1, fabric-biome-api-v1, fabric-block-api-v1, fabric-block-view-api-v2, fabric-client-gametest-api-v1, fabric-command-api-v2, fabric-content-registries-v0, fabric-convention-tags-v1, fabric-convention-tags-v2, fabric-crash-report-info-v1, fabric-data-attachment-api-v1, fabric-data-generation-api-v1, fabric-dimensions-v1, fabric-entity-events-v1, fabric-events-interaction-v0, fabric-game-rule-api-v1, fabric-gametest-api-v1, fabric-item-api-v1, fabric-item-group-api-v1, fabric-key-binding-api-v1, fabric-lifecycle-events-v1, fabric-loot-api-v2, fabric-loot-api-v3, fabric-message-api-v1, fabric-model-loading-api-v1, fabric-networking-api-v1, fabric-object-builder-api-v1, fabric-particles-v1, fabric-recipe-api-v1]
[00:31:47] [Render thread/DEBUG] (net.fabricmc.fabric.impl.resource.loader.ModResourcePackUtil) [Fabric] cur @ fabric, auto-enabled fabric-registry-sync-v0, currently enabled: [vanilla, fabric, cloth-config, fabric-api, fabric-api-base, fabric-api-lookup-api-v1, fabric-biome-api-v1, fabric-block-api-v1, fabric-block-view-api-v2, fabric-client-gametest-api-v1, fabric-command-api-v2, fabric-content-registries-v0, fabric-convention-tags-v1, fabric-convention-tags-v2, fabric-crash-report-info-v1, fabric-data-attachment-api-v1, fabric-data-generation-api-v1, fabric-dimensions-v1, fabric-entity-events-v1, fabric-events-interaction-v0, fabric-game-rule-api-v1, fabric-gametest-api-v1, fabric-item-api-v1, fabric-item-group-api-v1, fabric-key-binding-api-v1, fabric-lifecycle-events-v1, fabric-loot-api-v2, fabric-loot-api-v3, fabric-message-api-v1, fabric-model-loading-api-v1, fabric-networking-api-v1, fabric-object-builder-api-v1, fabric-particles-v1, fabric-recipe-api-v1, fabric-registry-sync-v0]
[00:31:47] [Render thread/DEBUG] (net.fabricmc.fabric.impl.resource.loader.ModResourcePackUtil) [Fabric] cur @ fabric, auto-enabled fabric-renderer-api-v1, currently enabled: [vanilla, fabric, cloth-config, fabric-api, fabric-api-base, fabric-api-lookup-api-v1, fabric-biome-api-v1, fabric-block-api-v1, fabric-block-view-api-v2, fabric-client-gametest-api-v1, fabric-command-api-v2, fabric-content-registries-v0, fabric-convention-tags-v1, fabric-convention-tags-v2, fabric-crash-report-info-v1, fabric-data-attachment-api-v1, fabric-data-generation-api-v1, fabric-dimensions-v1, fabric-entity-events-v1, fabric-events-interaction-v0, fabric-game-rule-api-v1, fabric-gametest-api-v1, fabric-item-api-v1, fabric-item-group-api-v1, fabric-key-binding-api-v1, fabric-lifecycle-events-v1, fabric-loot-api-v2, fabric-loot-api-v3, fabric-message-api-v1, fabric-model-loading-api-v1, fabric-networking-api-v1, fabric-object-builder-api-v1, fabric-particles-v1, fabric-recipe-api-v1, fabric-registry-sync-v0, fabric-renderer-api-v1]
[00:31:47] [Render thread/DEBUG] (net.fabricmc.fabric.impl.resource.loader.ModResourcePackUtil) [Fabric] cur @ fabric, auto-enabled fabric-renderer-indigo, currently enabled: [vanilla, fabric, cloth-config, fabric-api, fabric-api-base, fabric-api-lookup-api-v1, fabric-biome-api-v1, fabric-block-api-v1, fabric-block-view-api-v2, fabric-client-gametest-api-v1, fabric-command-api-v2, fabric-content-registries-v0, fabric-convention-tags-v1, fabric-convention-tags-v2, fabric-crash-report-info-v1, fabric-data-attachment-api-v1, fabric-data-generation-api-v1, fabric-dimensions-v1, fabric-entity-events-v1, fabric-events-interaction-v0, fabric-game-rule-api-v1, fabric-gametest-api-v1, fabric-item-api-v1, fabric-item-group-api-v1, fabric-key-binding-api-v1, fabric-lifecycle-events-v1, fabric-loot-api-v2, fabric-loot-api-v3, fabric-message-api-v1, fabric-model-loading-api-v1, fabric-networking-api-v1, fabric-object-builder-api-v1, fabric-particles-v1, fabric-recipe-api-v1, fabric-registry-sync-v0, fabric-renderer-api-v1, fabric-renderer-indigo]
[00:31:47] [Render thread/DEBUG] (net.fabricmc.fabric.impl.resource.loader.ModResourcePackUtil) [Fabric] cur @ fabric, auto-enabled fabric-rendering-fluids-v1, currently enabled: [vanilla, fabric, cloth-config, fabric-api, fabric-api-base, fabric-api-lookup-api-v1, fabric-biome-api-v1, fabric-block-api-v1, fabric-block-view-api-v2, fabric-client-gametest-api-v1, fabric-command-api-v2, fabric-content-registries-v0, fabric-convention-tags-v1, fabric-convention-tags-v2, fabric-crash-report-info-v1, fabric-data-attachment-api-v1, fabric-data-generation-api-v1, fabric-dimensions-v1, fabric-entity-events-v1, fabric-events-interaction-v0, fabric-game-rule-api-v1, fabric-gametest-api-v1, fabric-item-api-v1, fabric-item-group-api-v1, fabric-key-binding-api-v1, fabric-lifecycle-events-v1, fabric-loot-api-v2, fabric-loot-api-v3, fabric-message-api-v1, fabric-model-loading-api-v1, fabric-networking-api-v1, fabric-object-builder-api-v1, fabric-particles-v1, fabric-recipe-api-v1, fabric-registry-sync-v0, fabric-renderer-api-v1, fabric-renderer-indigo, fabric-rendering-fluids-v1]
[00:31:47] [Render thread/DEBUG] (net.fabricmc.fabric.impl.resource.loader.ModResourcePackUtil) [Fabric] cur @ fabric, auto-enabled fabric-rendering-v1, currently enabled: [vanilla, fabric, cloth-config, fabric-api, fabric-api-base, fabric-api-lookup-api-v1, fabric-biome-api-v1, fabric-block-api-v1, fabric-block-view-api-v2, fabric-client-gametest-api-v1, fabric-command-api-v2, fabric-content-registries-v0, fabric-convention-tags-v1, fabric-convention-tags-v2, fabric-crash-report-info-v1, fabric-data-attachment-api-v1, fabric-data-generation-api-v1, fabric-dimensions-v1, fabric-entity-events-v1, fabric-events-interaction-v0, fabric-game-rule-api-v1, fabric-gametest-api-v1, fabric-item-api-v1, fabric-item-group-api-v1, fabric-key-binding-api-v1, fabric-lifecycle-events-v1, fabric-loot-api-v2, fabric-loot-api-v3, fabric-message-api-v1, fabric-model-loading-api-v1, fabric-networking-api-v1, fabric-object-builder-api-v1, fabric-particles-v1, fabric-recipe-api-v1, fabric-registry-sync-v0, fabric-renderer-api-v1, fabric-renderer-indigo, fabric-rendering-fluids-v1, fabric-rendering-v1]
[00:31:47] [Render thread/DEBUG] (net.fabricmc.fabric.impl.resource.loader.ModResourcePackUtil) [Fabric] cur @ fabric, auto-enabled fabric-resource-conditions-api-v1, currently enabled: [vanilla, fabric, cloth-config, fabric-api, fabric-api-base, fabric-api-lookup-api-v1, fabric-biome-api-v1, fabric-block-api-v1, fabric-block-view-api-v2, fabric-client-gametest-api-v1, fabric-command-api-v2, fabric-content-registries-v0, fabric-convention-tags-v1, fabric-convention-tags-v2, fabric-crash-report-info-v1, fabric-data-attachment-api-v1, fabric-data-generation-api-v1, fabric-dimensions-v1, fabric-entity-events-v1, fabric-events-interaction-v0, fabric-game-rule-api-v1, fabric-gametest-api-v1, fabric-item-api-v1, fabric-item-group-api-v1, fabric-key-binding-api-v1, fabric-lifecycle-events-v1, fabric-loot-api-v2, fabric-loot-api-v3, fabric-message-api-v1, fabric-model-loading-api-v1, fabric-networking-api-v1, fabric-object-builder-api-v1, fabric-particles-v1, fabric-recipe-api-v1, fabric-registry-sync-v0, fabric-renderer-api-v1, fabric-renderer-indigo, fabric-rendering-fluids-v1, fabric-rendering-v1, fabric-resource-conditions-api-v1]
[00:31:47] [Render thread/DEBUG] (net.fabricmc.fabric.impl.resource.loader.ModResourcePackUtil) [Fabric] cur @ fabric, auto-enabled fabric-resource-loader-v0, currently enabled: [vanilla, fabric, cloth-config, fabric-api, fabric-api-base, fabric-api-lookup-api-v1, fabric-biome-api-v1, fabric-block-api-v1, fabric-block-view-api-v2, fabric-client-gametest-api-v1, fabric-command-api-v2, fabric-content-registries-v0, fabric-convention-tags-v1, fabric-convention-tags-v2, fabric-crash-report-info-v1, fabric-data-attachment-api-v1, fabric-data-generation-api-v1, fabric-dimensions-v1, fabric-entity-events-v1, fabric-events-interaction-v0, fabric-game-rule-api-v1, fabric-gametest-api-v1, fabric-item-api-v1, fabric-item-group-api-v1, fabric-key-binding-api-v1, fabric-lifecycle-events-v1, fabric-loot-api-v2, fabric-loot-api-v3, fabric-message-api-v1, fabric-model-loading-api-v1, fabric-networking-api-v1, fabric-object-builder-api-v1, fabric-particles-v1, fabric-recipe-api-v1, fabric-registry-sync-v0, fabric-renderer-api-v1, fabric-renderer-indigo, fabric-rendering-fluids-v1, fabric-rendering-v1, fabric-resource-conditions-api-v1, fabric-resource-loader-v0]
[00:31:47] [Render thread/DEBUG] (net.fabricmc.fabric.impl.resource.loader.ModResourcePackUtil) [Fabric] cur @ fabric, auto-enabled fabric-resource-loader-v1, currently enabled: [vanilla, fabric, cloth-config, fabric-api, fabric-api-base, fabric-api-lookup-api-v1, fabric-biome-api-v1, fabric-block-api-v1, fabric-block-view-api-v2, fabric-client-gametest-api-v1, fabric-command-api-v2, fabric-content-registries-v0, fabric-convention-tags-v1, fabric-convention-tags-v2, fabric-crash-report-info-v1, fabric-data-attachment-api-v1, fabric-data-generation-api-v1, fabric-dimensions-v1, fabric-entity-events-v1, fabric-events-interaction-v0, fabric-game-rule-api-v1, fabric-gametest-api-v1, fabric-item-api-v1, fabric-item-group-api-v1, fabric-key-binding-api-v1, fabric-lifecycle-events-v1, fabric-loot-api-v2, fabric-loot-api-v3, fabric-message-api-v1, fabric-model-loading-api-v1, fabric-networking-api-v1, fabric-object-builder-api-v1, fabric-particles-v1, fabric-recipe-api-v1, fabric-registry-sync-v0, fabric-renderer-api-v1, fabric-renderer-indigo, fabric-rendering-fluids-v1, fabric-rendering-v1, fabric-resource-conditions-api-v1, fabric-resource-loader-v0, fabric-resource-loader-v1]
[00:31:47] [Render thread/DEBUG] (net.fabricmc.fabric.impl.resource.loader.ModResourcePackUtil) [Fabric] cur @ fabric, auto-enabled fabric-screen-api-v1, currently enabled: [vanilla, fabric, cloth-config, fabric-api, fabric-api-base, fabric-api-lookup-api-v1, fabric-biome-api-v1, fabric-block-api-v1, fabric-block-view-api-v2, fabric-client-gametest-api-v1, fabric-command-api-v2, fabric-content-registries-v0, fabric-convention-tags-v1, fabric-convention-tags-v2, fabric-crash-report-info-v1, fabric-data-attachment-api-v1, fabric-data-generation-api-v1, fabric-dimensions-v1, fabric-entity-events-v1, fabric-events-interaction-v0, fabric-game-rule-api-v1, fabric-gametest-api-v1, fabric-item-api-v1, fabric-item-group-api-v1, fabric-key-binding-api-v1, fabric-lifecycle-events-v1, fabric-loot-api-v2, fabric-loot-api-v3, fabric-message-api-v1, fabric-model-loading-api-v1, fabric-networking-api-v1, fabric-object-builder-api-v1, fabric-particles-v1, fabric-recipe-api-v1, fabric-registry-sync-v0, fabric-renderer-api-v1, fabric-renderer-indigo, fabric-rendering-fluids-v1, fabric-rendering-v1, fabric-resource-conditions-api-v1, fabric-resource-loader-v0, fabric-resource-loader-v1, fabric-screen-api-v1]
[00:31:47] [Render thread/DEBUG] (net.fabricmc.fabric.impl.resource.loader.ModResourcePackUtil) [Fabric] cur @ fabric, auto-enabled fabric-screen-handler-api-v1, currently enabled: [vanilla, fabric, cloth-config, fabric-api, fabric-api-base, fabric-api-lookup-api-v1, fabric-biome-api-v1, fabric-block-api-v1, fabric-block-view-api-v2, fabric-client-gametest-api-v1, fabric-command-api-v2, fabric-content-registries-v0, fabric-convention-tags-v1, fabric-convention-tags-v2, fabric-crash-report-info-v1, fabric-data-attachment-api-v1, fabric-data-generation-api-v1, fabric-dimensions-v1, fabric-entity-events-v1, fabric-events-interaction-v0, fabric-game-rule-api-v1, fabric-gametest-api-v1, fabric-item-api-v1, fabric-item-group-api-v1, fabric-key-binding-api-v1, fabric-lifecycle-events-v1, fabric-loot-api-v2, fabric-loot-api-v3, fabric-message-api-v1, fabric-model-loading-api-v1, fabric-networking-api-v1, fabric-object-builder-api-v1, fabric-particles-v1, fabric-recipe-api-v1, fabric-registry-sync-v0, fabric-renderer-api-v1, fabric-renderer-indigo, fabric-rendering-fluids-v1, fabric-rendering-v1, fabric-resource-conditions-api-v1, fabric-resource-loader-v0, fabric-resource-loader-v1, fabric-screen-api-v1, fabric-screen-handler-api-v1]
[00:31:47] [Render thread/DEBUG] (net.fabricmc.fabric.impl.resource.loader.ModResourcePackUtil) [Fabric] cur @ fabric, auto-enabled fabric-serialization-api-v1, currently enabled: [vanilla, fabric, cloth-config, fabric-api, fabric-api-base, fabric-api-lookup-api-v1, fabric-biome-api-v1, fabric-block-api-v1, fabric-block-view-api-v2, fabric-client-gametest-api-v1, fabric-command-api-v2, fabric-content-registries-v0, fabric-convention-tags-v1, fabric-convention-tags-v2, fabric-crash-report-info-v1, fabric-data-attachment-api-v1, fabric-data-generation-api-v1, fabric-dimensions-v1, fabric-entity-events-v1, fabric-events-interaction-v0, fabric-game-rule-api-v1, fabric-gametest-api-v1, fabric-item-api-v1, fabric-item-group-api-v1, fabric-key-binding-api-v1, fabric-lifecycle-events-v1, fabric-loot-api-v2, fabric-loot-api-v3, fabric-message-api-v1, fabric-model-loading-api-v1, fabric-networking-api-v1, fabric-object-builder-api-v1, fabric-particles-v1, fabric-recipe-api-v1, fabric-registry-sync-v0, fabric-renderer-api-v1, fabric-renderer-indigo, fabric-rendering-fluids-v1, fabric-rendering-v1, fabric-resource-conditions-api-v1, fabric-resource-loader-v0, fabric-resource-loader-v1, fabric-screen-api-v1, fabric-screen-handler-api-v1, fabric-serialization-api-v1]
[00:31:47] [Render thread/DEBUG] (net.fabricmc.fabric.impl.resource.loader.ModResourcePackUtil) [Fabric] cur @ fabric, auto-enabled fabric-sound-api-v1, currently enabled: [vanilla, fabric, cloth-config, fabric-api, fabric-api-base, fabric-api-lookup-api-v1, fabric-biome-api-v1, fabric-block-api-v1, fabric-block-view-api-v2, fabric-client-gametest-api-v1, fabric-command-api-v2, fabric-content-registries-v0, fabric-convention-tags-v1, fabric-convention-tags-v2, fabric-crash-report-info-v1, fabric-data-attachment-api-v1, fabric-data-generation-api-v1, fabric-dimensions-v1, fabric-entity-events-v1, fabric-events-interaction-v0, fabric-game-rule-api-v1, fabric-gametest-api-v1, fabric-item-api-v1, fabric-item-group-api-v1, fabric-key-binding-api-v1, fabric-lifecycle-events-v1, fabric-loot-api-v2, fabric-loot-api-v3, fabric-message-api-v1, fabric-model-loading-api-v1, fabric-networking-api-v1, fabric-object-builder-api-v1, fabric-particles-v1, fabric-recipe-api-v1, fabric-registry-sync-v0, fabric-renderer-api-v1, fabric-renderer-indigo, fabric-rendering-fluids-v1, fabric-rendering-v1, fabric-resource-conditions-api-v1, fabric-resource-loader-v0, fabric-resource-loader-v1, fabric-screen-api-v1, fabric-screen-handler-api-v1, fabric-serialization-api-v1, fabric-sound-api-v1]
[00:31:47] [Render thread/DEBUG] (net.fabricmc.fabric.impl.resource.loader.ModResourcePackUtil) [Fabric] cur @ fabric, auto-enabled fabric-tag-api-v1, currently enabled: [vanilla, fabric, cloth-config, fabric-api, fabric-api-base, fabric-api-lookup-api-v1, fabric-biome-api-v1, fabric-block-api-v1, fabric-block-view-api-v2, fabric-client-gametest-api-v1, fabric-command-api-v2, fabric-content-registries-v0, fabric-convention-tags-v1, fabric-convention-tags-v2, fabric-crash-report-info-v1, fabric-data-attachment-api-v1, fabric-data-generation-api-v1, fabric-dimensions-v1, fabric-entity-events-v1, fabric-events-interaction-v0, fabric-game-rule-api-v1, fabric-gametest-api-v1, fabric-item-api-v1, fabric-item-group-api-v1, fabric-key-binding-api-v1, fabric-lifecycle-events-v1, fabric-loot-api-v2, fabric-loot-api-v3, fabric-message-api-v1, fabric-model-loading-api-v1, fabric-networking-api-v1, fabric-object-builder-api-v1, fabric-particles-v1, fabric-recipe-api-v1, fabric-registry-sync-v0, fabric-renderer-api-v1, fabric-renderer-indigo, fabric-rendering-fluids-v1, fabric-rendering-v1, fabric-resource-conditions-api-v1, fabric-resource-loader-v0, fabric-resource-loader-v1, fabric-screen-api-v1, fabric-screen-handler-api-v1, fabric-serialization-api-v1, fabric-sound-api-v1, fabric-tag-api-v1]
[00:31:47] [Render thread/DEBUG] (net.fabricmc.fabric.impl.resource.loader.ModResourcePackUtil) [Fabric] cur @ fabric, auto-enabled fabric-transfer-api-v1, currently enabled: [vanilla, fabric, cloth-config, fabric-api, fabric-api-base, fabric-api-lookup-api-v1, fabric-biome-api-v1, fabric-block-api-v1, fabric-block-view-api-v2, fabric-client-gametest-api-v1, fabric-command-api-v2, fabric-content-registries-v0, fabric-convention-tags-v1, fabric-convention-tags-v2, fabric-crash-report-info-v1, fabric-data-attachment-api-v1, fabric-data-generation-api-v1, fabric-dimensions-v1, fabric-entity-events-v1, fabric-events-interaction-v0, fabric-game-rule-api-v1, fabric-gametest-api-v1, fabric-item-api-v1, fabric-item-group-api-v1, fabric-key-binding-api-v1, fabric-lifecycle-events-v1, fabric-loot-api-v2, fabric-loot-api-v3, fabric-message-api-v1, fabric-model-loading-api-v1, fabric-networking-api-v1, fabric-object-builder-api-v1, fabric-particles-v1, fabric-recipe-api-v1, fabric-registry-sync-v0, fabric-renderer-api-v1, fabric-renderer-indigo, fabric-rendering-fluids-v1, fabric-rendering-v1, fabric-resource-conditions-api-v1, fabric-resource-loader-v0, fabric-resource-loader-v1, fabric-screen-api-v1, fabric-screen-handler-api-v1, fabric-serialization-api-v1, fabric-sound-api-v1, fabric-tag-api-v1, fabric-transfer-api-v1]
[00:31:47] [Render thread/DEBUG] (net.fabricmc.fabric.impl.resource.loader.ModResourcePackUtil) [Fabric] cur @ fabric, auto-enabled fabric-transitive-access-wideners-v1, currently enabled: [vanilla, fabric, cloth-config, fabric-api, fabric-api-base, fabric-api-lookup-api-v1, fabric-biome-api-v1, fabric-block-api-v1, fabric-block-view-api-v2, fabric-client-gametest-api-v1, fabric-command-api-v2, fabric-content-registries-v0, fabric-convention-tags-v1, fabric-convention-tags-v2, fabric-crash-report-info-v1, fabric-data-attachment-api-v1, fabric-data-generation-api-v1, fabric-dimensions-v1, fabric-entity-events-v1, fabric-events-interaction-v0, fabric-game-rule-api-v1, fabric-gametest-api-v1, fabric-item-api-v1, fabric-item-group-api-v1, fabric-key-binding-api-v1, fabric-lifecycle-events-v1, fabric-loot-api-v2, fabric-loot-api-v3, fabric-message-api-v1, fabric-model-loading-api-v1, fabric-networking-api-v1, fabric-object-builder-api-v1, fabric-particles-v1, fabric-recipe-api-v1, fabric-registry-sync-v0, fabric-renderer-api-v1, fabric-renderer-indigo, fabric-rendering-fluids-v1, fabric-rendering-v1, fabric-resource-conditions-api-v1, fabric-resource-loader-v0, fabric-resource-loader-v1, fabric-screen-api-v1, fabric-screen-handler-api-v1, fabric-serialization-api-v1, fabric-sound-api-v1, fabric-tag-api-v1, fabric-transfer-api-v1, fabric-transitive-access-wideners-v1]
[00:31:47] [Render thread/DEBUG] (net.fabricmc.fabric.impl.resource.loader.ModResourcePackUtil) [Fabric] cur @ fabric, auto-enabled fabricloader, currently enabled: [vanilla, fabric, cloth-config, fabric-api, fabric-api-base, fabric-api-lookup-api-v1, fabric-biome-api-v1, fabric-block-api-v1, fabric-block-view-api-v2, fabric-client-gametest-api-v1, fabric-command-api-v2, fabric-content-registries-v0, fabric-convention-tags-v1, fabric-convention-tags-v2, fabric-crash-report-info-v1, fabric-data-attachment-api-v1, fabric-data-generation-api-v1, fabric-dimensions-v1, fabric-entity-events-v1, fabric-events-interaction-v0, fabric-game-rule-api-v1, fabric-gametest-api-v1, fabric-item-api-v1, fabric-item-group-api-v1, fabric-key-binding-api-v1, fabric-lifecycle-events-v1, fabric-loot-api-v2, fabric-loot-api-v3, fabric-message-api-v1, fabric-model-loading-api-v1, fabric-networking-api-v1, fabric-object-builder-api-v1, fabric-particles-v1, fabric-recipe-api-v1, fabric-registry-sync-v0, fabric-renderer-api-v1, fabric-renderer-indigo, fabric-rendering-fluids-v1, fabric-rendering-v1, fabric-resource-conditions-api-v1, fabric-resource-loader-v0, fabric-resource-loader-v1, fabric-screen-api-v1, fabric-screen-handler-api-v1, fabric-serialization-api-v1, fabric-sound-api-v1, fabric-tag-api-v1, fabric-transfer-api-v1, fabric-transitive-access-wideners-v1, fabricloader]
[00:31:47] [Render thread/DEBUG] (net.fabricmc.fabric.impl.resource.loader.ModResourcePackUtil) [Fabric] cur @ fabric, auto-enabled jade, currently enabled: [vanilla, fabric, cloth-config, fabric-api, fabric-api-base, fabric-api-lookup-api-v1, fabric-biome-api-v1, fabric-block-api-v1, fabric-block-view-api-v2, fabric-client-gametest-api-v1, fabric-command-api-v2, fabric-content-registries-v0, fabric-convention-tags-v1, fabric-convention-tags-v2, fabric-crash-report-info-v1, fabric-data-attachment-api-v1, fabric-data-generation-api-v1, fabric-dimensions-v1, fabric-entity-events-v1, fabric-events-interaction-v0, fabric-game-rule-api-v1, fabric-gametest-api-v1, fabric-item-api-v1, fabric-item-group-api-v1, fabric-key-binding-api-v1, fabric-lifecycle-events-v1, fabric-loot-api-v2, fabric-loot-api-v3, fabric-message-api-v1, fabric-model-loading-api-v1, fabric-networking-api-v1, fabric-object-builder-api-v1, fabric-particles-v1, fabric-recipe-api-v1, fabric-registry-sync-v0, fabric-renderer-api-v1, fabric-renderer-indigo, fabric-rendering-fluids-v1, fabric-rendering-v1, fabric-resource-conditions-api-v1, fabric-resource-loader-v0, fabric-resource-loader-v1, fabric-screen-api-v1, fabric-screen-handler-api-v1, fabric-serialization-api-v1, fabric-sound-api-v1, fabric-tag-api-v1, fabric-transfer-api-v1, fabric-transitive-access-wideners-v1, fabricloader, jade]
[00:31:47] [Render thread/DEBUG] (net.fabricmc.fabric.impl.resource.loader.ModResourcePackUtil) [Fabric] cur @ fabric, auto-enabled modmenu, currently enabled: [vanilla, fabric, cloth-config, fabric-api, fabric-api-base, fabric-api-lookup-api-v1, fabric-biome-api-v1, fabric-block-api-v1, fabric-block-view-api-v2, fabric-client-gametest-api-v1, fabric-command-api-v2, fabric-content-registries-v0, fabric-convention-tags-v1, fabric-convention-tags-v2, fabric-crash-report-info-v1, fabric-data-attachment-api-v1, fabric-data-generation-api-v1, fabric-dimensions-v1, fabric-entity-events-v1, fabric-events-interaction-v0, fabric-game-rule-api-v1, fabric-gametest-api-v1, fabric-item-api-v1, fabric-item-group-api-v1, fabric-key-binding-api-v1, fabric-lifecycle-events-v1, fabric-loot-api-v2, fabric-loot-api-v3, fabric-message-api-v1, fabric-model-loading-api-v1, fabric-networking-api-v1, fabric-object-builder-api-v1, fabric-particles-v1, fabric-recipe-api-v1, fabric-registry-sync-v0, fabric-renderer-api-v1, fabric-renderer-indigo, fabric-rendering-fluids-v1, fabric-rendering-v1, fabric-resource-conditions-api-v1, fabric-resource-loader-v0, fabric-resource-loader-v1, fabric-screen-api-v1, fabric-screen-handler-api-v1, fabric-serialization-api-v1, fabric-sound-api-v1, fabric-tag-api-v1, fabric-transfer-api-v1, fabric-transitive-access-wideners-v1, fabricloader, jade, modmenu]
[00:31:47] [Render thread/DEBUG] (net.fabricmc.fabric.impl.resource.loader.ModResourcePackUtil) [Fabric] cur @ fabric, auto-enabled placeholder-api, currently enabled: [vanilla, fabric, cloth-config, fabric-api, fabric-api-base, fabric-api-lookup-api-v1, fabric-biome-api-v1, fabric-block-api-v1, fabric-block-view-api-v2, fabric-client-gametest-api-v1, fabric-command-api-v2, fabric-content-registries-v0, fabric-convention-tags-v1, fabric-convention-tags-v2, fabric-crash-report-info-v1, fabric-data-attachment-api-v1, fabric-data-generation-api-v1, fabric-dimensions-v1, fabric-entity-events-v1, fabric-events-interaction-v0, fabric-game-rule-api-v1, fabric-gametest-api-v1, fabric-item-api-v1, fabric-item-group-api-v1, fabric-key-binding-api-v1, fabric-lifecycle-events-v1, fabric-loot-api-v2, fabric-loot-api-v3, fabric-message-api-v1, fabric-model-loading-api-v1, fabric-networking-api-v1, fabric-object-builder-api-v1, fabric-particles-v1, fabric-recipe-api-v1, fabric-registry-sync-v0, fabric-renderer-api-v1, fabric-renderer-indigo, fabric-rendering-fluids-v1, fabric-rendering-v1, fabric-resource-conditions-api-v1, fabric-resource-loader-v0, fabric-resource-loader-v1, fabric-screen-api-v1, fabric-screen-handler-api-v1, fabric-serialization-api-v1, fabric-sound-api-v1, fabric-tag-api-v1, fabric-transfer-api-v1, fabric-transitive-access-wideners-v1, fabricloader, jade, modmenu, placeholder-api]
[00:31:47] [Render thread/DEBUG] (net.fabricmc.fabric.impl.resource.loader.ModResourcePackUtil) [Fabric] cur @ fabric, auto-enabled sodium, currently enabled: [vanilla, fabric, cloth-config, fabric-api, fabric-api-base, fabric-api-lookup-api-v1, fabric-biome-api-v1, fabric-block-api-v1, fabric-block-view-api-v2, fabric-client-gametest-api-v1, fabric-command-api-v2, fabric-content-registries-v0, fabric-convention-tags-v1, fabric-convention-tags-v2, fabric-crash-report-info-v1, fabric-data-attachment-api-v1, fabric-data-generation-api-v1, fabric-dimensions-v1, fabric-entity-events-v1, fabric-events-interaction-v0, fabric-game-rule-api-v1, fabric-gametest-api-v1, fabric-item-api-v1, fabric-item-group-api-v1, fabric-key-binding-api-v1, fabric-lifecycle-events-v1, fabric-loot-api-v2, fabric-loot-api-v3, fabric-message-api-v1, fabric-model-loading-api-v1, fabric-networking-api-v1, fabric-object-builder-api-v1, fabric-particles-v1, fabric-recipe-api-v1, fabric-registry-sync-v0, fabric-renderer-api-v1, fabric-renderer-indigo, fabric-rendering-fluids-v1, fabric-rendering-v1, fabric-resource-conditions-api-v1, fabric-resource-loader-v0, fabric-resource-loader-v1, fabric-screen-api-v1, fabric-screen-handler-api-v1, fabric-serialization-api-v1, fabric-sound-api-v1, fabric-tag-api-v1, fabric-transfer-api-v1, fabric-transitive-access-wideners-v1, fabricloader, jade, modmenu, placeholder-api, sodium]
[00:31:47] [Render thread/DEBUG] (net.fabricmc.fabric.impl.resource.loader.ModResourcePackUtil) [Fabric] Final sorting result: [vanilla, fabric, cloth-config, fabric-api, fabric-api-base, fabric-api-lookup-api-v1, fabric-biome-api-v1, fabric-block-api-v1, fabric-block-view-api-v2, fabric-client-gametest-api-v1, fabric-command-api-v2, fabric-content-registries-v0, fabric-convention-tags-v1, fabric-convention-tags-v2, fabric-crash-report-info-v1, fabric-data-attachment-api-v1, fabric-data-generation-api-v1, fabric-dimensions-v1, fabric-entity-events-v1, fabric-events-interaction-v0, fabric-game-rule-api-v1, fabric-gametest-api-v1, fabric-item-api-v1, fabric-item-group-api-v1, fabric-key-binding-api-v1, fabric-lifecycle-events-v1, fabric-loot-api-v2, fabric-loot-api-v3, fabric-message-api-v1, fabric-model-loading-api-v1, fabric-networking-api-v1, fabric-object-builder-api-v1, fabric-particles-v1, fabric-recipe-api-v1, fabric-registry-sync-v0, fabric-renderer-api-v1, fabric-renderer-indigo, fabric-rendering-fluids-v1, fabric-rendering-v1, fabric-resource-conditions-api-v1, fabric-resource-loader-v0, fabric-resource-loader-v1, fabric-screen-api-v1, fabric-screen-handler-api-v1, fabric-serialization-api-v1, fabric-sound-api-v1, fabric-tag-api-v1, fabric-transfer-api-v1, fabric-transitive-access-wideners-v1, fabricloader, jade, modmenu, placeholder-api, sodium]
[00:31:47] [Render thread/DEBUG] (FabricLoader/Mixin) Mixing KeyedClientResourceReloadListenerMixin from fabric-resource-loader-v1.client.mixins.json into net.minecraft.client.resource.language.LanguageManager
[00:31:47] [Render thread/DEBUG] (FabricLoader/Mixin) Mixing LanguageManagerMixin from jade.mixins.json into net.minecraft.client.resource.language.LanguageManager
[00:31:47] [Render thread/DEBUG] (FabricLoader/Mixin) jade.mixins.json:LanguageManagerMixin from mod jade->@Inject::jade$onResourceManagerReload(Lnet/minecraft/resource/ResourceManager;Lorg/spongepowered/asm/mixin/injection/callback/CallbackInfo;)V doesn't use it's CallbackInfo
[00:31:47] [Render thread/DEBUG] (FabricLoader/Mixin) jade.mixins.json:LanguageManagerMixin from mod jade->@Inject::jade$onResourceManagerReload(Lnet/minecraft/resource/ResourceManager;Lorg/spongepowered/asm/mixin/injection/callback/CallbackInfo;)V has 0 override(s) in child classes
[00:31:47] [Render thread/DEBUG] (FabricLoader/Mixin) jade.mixins.json:LanguageManagerMixin from mod jade->@Inject::jade$onResourceManagerReload(Lnet/minecraft/resource/ResourceManager;Lorg/spongepowered/asm/mixin/injection/callback/CallbackInfo;)V won't be passed a CallbackInfo as a result
[00:31:47] [Render thread/DEBUG] (FabricLoader/Mixin) Mixing KeyedClientResourceReloadListenerMixin from fabric-resource-loader-v1.client.mixins.json into net.minecraft.client.texture.TextureManager
[00:31:47] [Render thread/DEBUG] (FabricLoader/Mixin) Mixing KeyedClientResourceReloadListenerMixin from fabric-resource-loader-v1.client.mixins.json into net.minecraft.client.gl.ShaderLoader
[00:31:47] [Render thread/DEBUG] (FabricLoader/Mixin) Mixing KeyedClientResourceReloadListenerMixin from fabric-resource-loader-v1.client.mixins.json into net.minecraft.client.sound.SoundManager
[00:31:47] [Render thread/DEBUG] (FabricLoader/Mixin) Mixing SoundSystemMixin from fabric-sound-api-v1.mixins.json into net.minecraft.client.sound.SoundSystem
[00:31:47] [Render thread/DEBUG] (FabricLoader/Mixin) Mixing KeyedClientResourceReloadListenerMixin from fabric-resource-loader-v1.client.mixins.json into net.minecraft.client.resource.SplashTextResourceSupplier
[00:31:47] [Render thread/DEBUG] (FabricLoader/Mixin) Mixing KeyedClientResourceReloadListenerMixin from fabric-resource-loader-v1.client.mixins.json into net.minecraft.client.texture.AtlasManager
[00:31:47] [Render thread/DEBUG] (FabricLoader/Mixin) Mixing features.textures.animations.tracking.AtlasManagerMixin from sodium-common.mixins.json into net.minecraft.client.texture.AtlasManager
[00:31:47] [Render thread/DEBUG] (FabricLoader/Mixin) sodium-common.mixins.json:features.textures.animations.tracking.AtlasManagerMixin from mod sodium: Class version 65 required is higher than the class version supported by the current version of Mixin (JAVA_17 supports class version 61)
[00:31:47] [Render thread/DEBUG] (FabricLoader/Mixin) sodium-common.mixins.json:features.textures.animations.tracking.AtlasManagerMixin from mod sodium->@Inject::sodium$catchUsedSprites(Lnet/minecraft/client/util/SpriteIdentifier;Lorg/spongepowered/asm/mixin/injection/callback/CallbackInfoReturnable;)V does use it's CallbackInfoReturnable
[00:31:47] [Render thread/DEBUG] (FabricLoader/Mixin) sodium-common.mixins.json:features.textures.animations.tracking.AtlasManagerMixin from mod sodium->@Inject::sodium$catchUsedSprites(Lnet/minecraft/client/util/SpriteIdentifier;Lorg/spongepowered/asm/mixin/injection/callback/CallbackInfoReturnable;)V does use it's CallbackInfoReturnable
[00:31:47] [Render thread/DEBUG] (FabricLoader/Mixin) Mixing KeyedClientResourceReloadListenerMixin from fabric-resource-loader-v1.client.mixins.json into net.minecraft.client.font.FontManager
[00:31:47] [Render thread/DEBUG] (FabricLoader/Mixin) Mixing features.render.gui.font.BakedGlyphMixin from sodium-common.mixins.json into net.minecraft.client.font.BakedGlyphImpl
[00:31:47] [Render thread/DEBUG] (FabricLoader/Mixin) sodium-common.mixins.json:features.render.gui.font.BakedGlyphMixin from mod sodium: Class version 65 required is higher than the class version supported by the current version of Mixin (JAVA_17 supports class version 61)
[00:31:47] [Render thread/DEBUG] (FabricLoader/Mixin) sodium-common.mixins.json:features.render.gui.font.BakedGlyphMixin from mod sodium->@Inject::drawFast(ZFFFLorg/joml/Matrix4f;Lnet/minecraft/client/render/VertexConsumer;IZILorg/spongepowered/asm/mixin/injection/callback/CallbackInfo;)V does use it's CallbackInfo
[00:31:47] [Render thread/DEBUG] (FabricLoader/Mixin) sodium-common.mixins.json:features.render.gui.font.BakedGlyphMixin from mod sodium->@Inject::drawEffectFast(Lnet/minecraft/client/font/BakedGlyphImpl$Rectangle;FFILnet/minecraft/client/render/VertexConsumer;ILorg/joml/Matrix4f;Lorg/spongepowered/asm/mixin/injection/callback/CallbackInfo;)V does use it's CallbackInfo
[00:31:47] [Render thread/DEBUG] (FabricLoader/Mixin) Mixing KeyedClientResourceReloadListenerMixin from fabric-resource-loader-v1.client.mixins.json into net.minecraft.client.resource.GrassColormapResourceSupplier
[00:31:47] [Render thread/DEBUG] (FabricLoader/Mixin) Mixing KeyedClientResourceReloadListenerMixin from fabric-resource-loader-v1.client.mixins.json into net.minecraft.client.resource.FoliageColormapResourceSupplier
[00:31:47] [Render thread/DEBUG] (FabricLoader/Mixin) Mixing KeyedClientResourceReloadListenerMixin from fabric-resource-loader-v1.client.mixins.json into net.minecraft.client.resource.DryFoliageColormapResourceSupplier
[00:31:47] [Render thread/DEBUG] (FabricLoader/Mixin) Mixing BlockColorsMixin from fabric-rendering-v1.mixins.json into net.minecraft.client.color.block.BlockColors
[00:31:47] [Render thread/DEBUG] (FabricLoader/Mixin) Mixing core.model.colors.BlockColorsMixin from sodium-common.mixins.json into net.minecraft.client.color.block.BlockColors
[00:31:47] [Render thread/DEBUG] (FabricLoader/Mixin) sodium-common.mixins.json:core.model.colors.BlockColorsMixin from mod sodium: Class version 65 required is higher than the class version supported by the current version of Mixin (JAVA_17 supports class version 61)
[00:31:47] [Render thread/DEBUG] (FabricLoader/Mixin) Mixing BlockColorsMixin from fabric-registry-sync-v0.client.mixins.json into net.minecraft.client.color.block.BlockColors
[00:31:47] [Render thread/DEBUG] (FabricLoader/Mixin) fabric-rendering-v1.mixins.json:BlockColorsMixin from mod fabric-rendering-v1->@Inject::create(Lorg/spongepowered/asm/mixin/injection/callback/CallbackInfoReturnable;)V does use it's CallbackInfoReturnable
[00:31:47] [Render thread/DEBUG] (FabricLoader/Mixin) sodium-common.mixins.json:core.model.colors.BlockColorsMixin from mod sodium->@Inject::preRegisterColorProvider(Lnet/minecraft/client/color/block/BlockColorProvider;[Lnet/minecraft/block/Block;Lorg/spongepowered/asm/mixin/injection/callback/CallbackInfo;)V doesn't use it's CallbackInfo
[00:31:47] [Render thread/DEBUG] (FabricLoader/Mixin) sodium-common.mixins.json:core.model.colors.BlockColorsMixin from mod sodium->@Inject::preRegisterColorProvider(Lnet/minecraft/client/color/block/BlockColorProvider;[Lnet/minecraft/block/Block;Lorg/spongepowered/asm/mixin/injection/callback/CallbackInfo;)V has 0 override(s) in child classes
[00:31:47] [Render thread/DEBUG] (FabricLoader/Mixin) sodium-common.mixins.json:core.model.colors.BlockColorsMixin from mod sodium->@Inject::preRegisterColorProvider(Lnet/minecraft/client/color/block/BlockColorProvider;[Lnet/minecraft/block/Block;Lorg/spongepowered/asm/mixin/injection/callback/CallbackInfo;)V won't be passed a CallbackInfo as a result
[00:31:47] [Render thread/DEBUG] (FabricLoader/Mixin) fabric-registry-sync-v0.client.mixins.json:BlockColorsMixin from mod fabric-registry-sync-v0->@Inject::create(Lorg/spongepowered/asm/mixin/injection/callback/CallbackInfo;)V doesn't use it's CallbackInfo
[00:31:47] [Render thread/DEBUG] (FabricLoader/Mixin) fabric-registry-sync-v0.client.mixins.json:BlockColorsMixin from mod fabric-registry-sync-v0->@Inject::create(Lorg/spongepowered/asm/mixin/injection/callback/CallbackInfo;)V has 0 override(s) in child classes
[00:31:47] [Render thread/DEBUG] (FabricLoader/Mixin) fabric-registry-sync-v0.client.mixins.json:BlockColorsMixin from mod fabric-registry-sync-v0->@Inject::create(Lorg/spongepowered/asm/mixin/injection/callback/CallbackInfo;)V won't be passed a CallbackInfo as a result
[00:31:47] [Render thread/DEBUG] (FabricLoader/Mixin) Mixing KeyedClientResourceReloadListenerMixin from fabric-resource-loader-v1.client.mixins.json into net.minecraft.client.render.model.BakedModelManager
[00:31:47] [Render thread/DEBUG] (FabricLoader/Mixin) Mixing BakedModelManagerMixin from fabric-model-loading-api-v1.mixins.json into net.minecraft.client.render.model.BakedModelManager
[00:31:47] [Render thread/DEBUG] (FabricLoader/Mixin) Renaming synthetic method lambda$withModelDispatcher$3(Ljava/util/concurrent/CompletableFuture;Ljava/util/function/Function;Ljava/lang/Object;)Ljava/lang/Object; to md040614$fabric-model-loading-api-v1$lambda$withModelDispatcher$3$0 in fabric-model-loading-api-v1.mixins.json:BakedModelManagerMixin from mod fabric-model-loading-api-v1
[00:31:47] [Render thread/DEBUG] (FabricLoader/Mixin) Renaming synthetic method lambda$hookBlockStateModels$2(Lnet/minecraft/client/render/model/BlockStatesLoader$LoadedModels;Lnet/fabricmc/fabric/impl/client/model/loading/ModelLoadingEventDispatcher;)Lnet/minecraft/client/render/model/BlockStatesLoader$LoadedModels; to md040614$fabric-model-loading-api-v1$lambda$hookBlockStateModels$2$1 in fabric-model-loading-api-v1.mixins.json:BakedModelManagerMixin from mod fabric-model-loading-api-v1
[00:31:47] [Render thread/DEBUG] (FabricLoader/Mixin) Renaming synthetic method lambda$hookModels$1(Ljava/util/Map;Lnet/fabricmc/fabric/impl/client/model/loading/ModelLoadingEventDispatcher;)Ljava/util/Map; to md040614$fabric-model-loading-api-v1$lambda$hookModels$1$2 in fabric-model-loading-api-v1.mixins.json:BakedModelManagerMixin from mod fabric-model-loading-api-v1
[00:31:47] [Render thread/DEBUG] (FabricLoader/Mixin) Renaming synthetic method lambda$resetEventDispatcherFuture$0(Ljava/lang/Void;)Ljava/lang/Void; to md040614$fabric-model-loading-api-v1$lambda$resetEventDispatcherFuture$0$3 in fabric-model-loading-api-v1.mixins.json:BakedModelManagerMixin from mod fabric-model-loading-api-v1
[00:31:47] [Render thread/DEBUG] (FabricLoader/Mixin) fabric-model-loading-api-v1.mixins.json:BakedModelManagerMixin from mod fabric-model-loading-api-v1->@Inject::onHeadReload(Lnet/minecraft/resource/ResourceReloader$Store;Ljava/util/concurrent/Executor;Lnet/minecraft/resource/ResourceReloader$Synchronizer;Ljava/util/concurrent/Executor;Lorg/spongepowered/asm/mixin/injection/callback/CallbackInfoReturnable;)V doesn't use it's CallbackInfoReturnable
[00:31:47] [Render thread/DEBUG] (FabricLoader/Mixin) fabric-model-loading-api-v1.mixins.json:BakedModelManagerMixin from mod fabric-model-loading-api-v1->@Inject::onHeadReload(Lnet/minecraft/resource/ResourceReloader$Store;Ljava/util/concurrent/Executor;Lnet/minecraft/resource/ResourceReloader$Synchronizer;Ljava/util/concurrent/Executor;Lorg/spongepowered/asm/mixin/injection/callback/CallbackInfoReturnable;)V has 0 override(s) in child classes
[00:31:47] [Render thread/DEBUG] (FabricLoader/Mixin) fabric-model-loading-api-v1.mixins.json:BakedModelManagerMixin from mod fabric-model-loading-api-v1->@Inject::onHeadReload(Lnet/minecraft/resource/ResourceReloader$Store;Ljava/util/concurrent/Executor;Lnet/minecraft/resource/ResourceReloader$Synchronizer;Ljava/util/concurrent/Executor;Lorg/spongepowered/asm/mixin/injection/callback/CallbackInfoReturnable;)V won't be passed a CallbackInfoReturnable as a result
[00:31:47] [Render thread/DEBUG] (FabricLoader/Mixin) fabric-model-loading-api-v1.mixins.json:BakedModelManagerMixin from mod fabric-model-loading-api-v1->@Inject::resolveExtraModels(Ljava/util/Map;Lnet/minecraft/client/render/model/BlockStatesLoader$LoadedModels;Lnet/minecraft/client/item/ItemAssetsLoader$Result;Lorg/spongepowered/asm/mixin/injection/callback/CallbackInfoReturnable;)V doesn't use it's CallbackInfoReturnable
[00:31:47] [Render thread/DEBUG] (FabricLoader/Mixin) fabric-model-loading-api-v1.mixins.json:BakedModelManagerMixin from mod fabric-model-loading-api-v1->@Inject::onReturnUpload(Lorg/spongepowered/asm/mixin/injection/callback/CallbackInfo;)V doesn't use it's CallbackInfo
[00:31:47] [Render thread/DEBUG] (FabricLoader/Mixin) fabric-model-loading-api-v1.mixins.json:BakedModelManagerMixin from mod fabric-model-loading-api-v1->@Inject::onReturnUpload(Lorg/spongepowered/asm/mixin/injection/callback/CallbackInfo;)V has 0 override(s) in child classes
[00:31:47] [Render thread/DEBUG] (FabricLoader/Mixin) fabric-model-loading-api-v1.mixins.json:BakedModelManagerMixin from mod fabric-model-loading-api-v1->@Inject::onReturnUpload(Lorg/spongepowered/asm/mixin/injection/callback/CallbackInfo;)V won't be passed a CallbackInfo as a result
[00:31:47] [Render thread/DEBUG] (FabricLoader/Mixin) Mixing client.sprite.ErrorCollectingSpriteGetterMixin from fabric-renderer-api-v1.mixins.json into net.minecraft.client.render.model.ErrorCollectingSpriteGetter
[00:31:47] [Render thread/DEBUG] (FabricLoader/Mixin) Mixing client.block.particle.BlockModelsMixin from fabric-renderer-api-v1.mixins.json into net.minecraft.client.render.block.BlockModels
[00:31:47] [Render thread/DEBUG] (FabricLoader/Mixin) Mixing KeyedClientResourceReloadListenerMixin from fabric-resource-loader-v1.client.mixins.json into net.minecraft.client.render.entity.equipment.EquipmentModelLoader
[00:31:47] [Render thread/DEBUG] (FabricLoader/Mixin) Mixing core.render.world.RenderBuffersMixin from sodium-common.mixins.json into net.minecraft.client.render.BufferBuilderStorage
[00:31:47] [Render thread/DEBUG] (FabricLoader/Mixin) sodium-common.mixins.json:core.render.world.RenderBuffersMixin from mod sodium: Class version 65 required is higher than the class version supported by the current version of Mixin (JAVA_17 supports class version 61)
[00:31:47] [Render thread/DEBUG] (FabricLoader/Mixin) Mixing features.render.immediate.buffer_builder.sorting.MultiBufferSourceMixin from sodium-common.mixins.json into net.minecraft.client.render.VertexConsumerProvider$Immediate
[00:31:47] [Render thread/DEBUG] (FabricLoader/Mixin) sodium-common.mixins.json:features.render.immediate.buffer_builder.sorting.MultiBufferSourceMixin from mod sodium: Class version 65 required is higher than the class version supported by the current version of Mixin (JAVA_17 supports class version 61)
[00:31:47] [Render thread/DEBUG] (FabricLoader/Mixin) Mixing ModelBakerMixin from fabric-model-loading-api-v1.mixins.json into net.minecraft.client.render.model.ModelBaker
[00:31:47] [Render thread/DEBUG] (FabricLoader/Mixin) Renaming synthetic method lambda$withExtraModels$2(Lnet/minecraft/client/render/model/ModelBaker$BakedModels;Ljava/util/Map;)Lnet/minecraft/client/render/model/ModelBaker$BakedModels; to md040614$fabric-model-loading-api-v1$lambda$withExtraModels$2$0 in fabric-model-loading-api-v1.mixins.json:ModelBakerMixin from mod fabric-model-loading-api-v1
[00:31:47] [Render thread/DEBUG] (FabricLoader/Mixin) Renaming synthetic method lambda$withExtraModels$1(Lnet/minecraft/client/render/model/ModelBaker$BakerImpl;Lnet/fabricmc/fabric/api/client/model/loading/v1/ExtraModelKey;Lnet/fabricmc/fabric/api/client/model/loading/v1/UnbakedExtraModel;)Ljava/lang/Object; to md040614$fabric-model-loading-api-v1$lambda$withExtraModels$1$1 in fabric-model-loading-api-v1.mixins.json:ModelBakerMixin from mod fabric-model-loading-api-v1
[00:31:47] [Render thread/DEBUG] (FabricLoader/Mixin) Renaming synthetic method lambda$hookBlockModelBake$0(Ljava/util/function/BiFunction;Lnet/minecraft/block/BlockState;Lnet/minecraft/client/render/model/BlockStateModel$UnbakedGrouped;)Lnet/minecraft/client/render/model/BlockStateModel; to md040614$fabric-model-loading-api-v1$lambda$hookBlockModelBake$0$2 in fabric-model-loading-api-v1.mixins.json:ModelBakerMixin from mod fabric-model-loading-api-v1
[00:31:47] [Render thread/DEBUG] (FabricLoader/Mixin) fabric-model-loading-api-v1.mixins.json:ModelBakerMixin from mod fabric-model-loading-api-v1->@Inject::onReturnInit(Lorg/spongepowered/asm/mixin/injection/callback/CallbackInfo;)V doesn't use it's CallbackInfo
[00:31:47] [Render thread/DEBUG] (FabricLoader/Mixin) fabric-model-loading-api-v1.mixins.json:ModelBakerMixin from mod fabric-model-loading-api-v1->@Inject::onReturnInit(Lorg/spongepowered/asm/mixin/injection/callback/CallbackInfo;)V has 0 override(s) in child classes
[00:31:47] [Render thread/DEBUG] (FabricLoader/Mixin) fabric-model-loading-api-v1.mixins.json:ModelBakerMixin from mod fabric-model-loading-api-v1->@Inject::onReturnInit(Lorg/spongepowered/asm/mixin/injection/callback/CallbackInfo;)V won't be passed a CallbackInfo as a result
[00:31:47] [Render thread/DEBUG] (FabricLoader/Mixin) Mixing KeyedClientResourceReloadListenerMixin from fabric-resource-loader-v1.client.mixins.json into net.minecraft.client.render.block.BlockRenderManager
[00:31:47] [Render thread/DEBUG] (FabricLoader/Mixin) Mixing features.render.frapi.BlockRenderDispatcherAccessor from sodium-common.mixins.json into net.minecraft.client.render.block.BlockRenderManager
[00:31:47] [Render thread/DEBUG] (FabricLoader/Mixin) sodium-common.mixins.json:features.render.frapi.BlockRenderDispatcherAccessor from mod sodium: Class version 65 required is higher than the class version supported by the current version of Mixin (JAVA_17 supports class version 61)
[00:31:47] [Render thread/DEBUG] (FabricLoader/Mixin) Mixing features.render.frapi.BlockRenderDispatcherMixin from sodium-common.mixins.json into net.minecraft.client.render.block.BlockRenderManager
[00:31:47] [Render thread/DEBUG] (FabricLoader/Mixin) sodium-common.mixins.json:features.render.frapi.BlockRenderDispatcherMixin from mod sodium: Class version 65 required is higher than the class version supported by the current version of Mixin (JAVA_17 supports class version 61)
[00:31:47] [Render thread/DEBUG] (FabricLoader/Mixin) Renaming synthetic method lambda$renderProxyNeo$2(Lnet/minecraft/client/render/VertexConsumerProvider;Lnet/minecraft/client/render/BlockRenderLayer;)Lnet/minecraft/client/render/VertexConsumer; to md040614$sodium$lambda$renderProxyNeo$2$0 in sodium-common.mixins.json:features.render.frapi.BlockRenderDispatcherMixin from mod sodium
[00:31:47] [Render thread/DEBUG] (FabricLoader/Mixin) Renaming synthetic method lambda$renderProxy$1(Lnet/minecraft/client/render/VertexConsumerProvider;Lnet/minecraft/client/render/BlockRenderLayer;)Lnet/minecraft/client/render/VertexConsumer; to md040614$sodium$lambda$renderProxy$1$1 in sodium-common.mixins.json:features.render.frapi.BlockRenderDispatcherMixin from mod sodium
[00:31:47] [Render thread/DEBUG] (FabricLoader/Mixin) Renaming synthetic method lambda$afterGetModel$0(Lnet/minecraft/client/render/VertexConsumer;Lnet/minecraft/client/render/BlockRenderLayer;)Lnet/minecraft/client/render/VertexConsumer; to md040614$sodium$lambda$afterGetModel$0$2 in sodium-common.mixins.json:features.render.frapi.BlockRenderDispatcherMixin from mod sodium
[00:31:47] [Render thread/DEBUG] (FabricLoader/Mixin) Mixing client.block.render.BlockRenderManagerMixin from fabric-renderer-api-v1.mixins.json into net.minecraft.client.render.block.BlockRenderManager
[00:31:47] [Render thread/DEBUG] (FabricLoader/Mixin) sodium-common.mixins.json:features.render.frapi.BlockRenderDispatcherMixin from mod sodium->@Inject::afterGetModel(Lnet/minecraft/block/BlockState;Lnet/minecraft/util/math/BlockPos;Lnet/minecraft/world/BlockRenderView;Lnet/minecraft/client/util/math/MatrixStack;Lnet/minecraft/client/render/VertexConsumer;Lorg/spongepowered/asm/mixin/injection/callback/CallbackInfo;)V does use it's CallbackInfo
[00:31:47] [Render thread/DEBUG] (FabricLoader/Mixin) Mixing features.render.frapi.ModelBlockRendererMixin from sodium-common.mixins.json into net.minecraft.client.render.block.BlockModelRenderer
[00:31:47] [Render thread/DEBUG] (FabricLoader/Mixin) sodium-common.mixins.json:features.render.frapi.ModelBlockRendererMixin from mod sodium: Class version 65 required is higher than the class version supported by the current version of Mixin (JAVA_17 supports class version 61)
[00:31:47] [Render thread/DEBUG] (FabricLoader/Mixin) Renaming synthetic method lambda$renderModel$0(Lnet/minecraft/client/render/VertexConsumer;Lnet/minecraft/client/render/BlockRenderLayer;)Lnet/minecraft/client/render/VertexConsumer; to md040614$sodium$lambda$renderModel$0$0 in sodium-common.mixins.json:features.render.frapi.ModelBlockRendererMixin from mod sodium
[00:31:47] [Render thread/DEBUG] (FabricLoader/Mixin) Mixing features.render.frapi.ModelBlockRendererAccessor from sodium-common.mixins.json into net.minecraft.client.render.block.BlockModelRenderer
[00:31:47] [Render thread/DEBUG] (FabricLoader/Mixin) sodium-common.mixins.json:features.render.frapi.ModelBlockRendererAccessor from mod sodium: Class version 65 required is higher than the class version supported by the current version of Mixin (JAVA_17 supports class version 61)
[00:31:47] [Render thread/DEBUG] (FabricLoader/Mixin) Mixing features.textures.animations.tracking.ModelBlockRendererMixin from sodium-common.mixins.json into net.minecraft.client.render.block.BlockModelRenderer
[00:31:47] [Render thread/DEBUG] (FabricLoader/Mixin) sodium-common.mixins.json:features.textures.animations.tracking.ModelBlockRendererMixin from mod sodium: Class version 65 required is higher than the class version supported by the current version of Mixin (JAVA_17 supports class version 61)
[00:31:47] [Render thread/DEBUG] (FabricLoader/Mixin) Mixing features.render.model.block.ModelBlockRendererMixin from sodium-fabric.mixins.json into net.minecraft.client.render.block.BlockModelRenderer
[00:31:47] [Render thread/DEBUG] (FabricLoader/Mixin) sodium-fabric.mixins.json:features.render.model.block.ModelBlockRendererMixin from mod sodium: Class version 65 required is higher than the class version supported by the current version of Mixin (JAVA_17 supports class version 61)
[00:31:47] [Render thread/DEBUG] (FabricLoader/Mixin) Renaming synthetic method lambda$static$1()Ljava/util/List; to md040614$sodium$lambda$static$1$1 in sodium-fabric.mixins.json:features.render.model.block.ModelBlockRendererMixin from mod sodium
[00:31:47] [Render thread/DEBUG] (FabricLoader/Mixin) Renaming synthetic method lambda$static$0()Lnet/minecraft/util/math/random/Random; to md040614$sodium$lambda$static$0$2 in sodium-fabric.mixins.json:features.render.model.block.ModelBlockRendererMixin from mod sodium
[00:31:47] [Render thread/DEBUG] (FabricLoader/Mixin) Mixing client.block.render.BlockModelRendererMixin from fabric-renderer-api-v1.mixins.json into net.minecraft.client.render.block.BlockModelRenderer
[00:31:47] [Render thread/DEBUG] (FabricLoader/Mixin) sodium-common.mixins.json:features.textures.animations.tracking.ModelBlockRendererMixin from mod sodium->@Inject::preRenderQuad(Lnet/minecraft/world/BlockRenderView;Lnet/minecraft/block/BlockState;Lnet/minecraft/util/math/BlockPos;Lnet/minecraft/client/render/VertexConsumer;Lnet/minecraft/client/util/math/MatrixStack$Entry;Lnet/minecraft/client/render/model/BakedQuad;Ljava/lang/Object;ILorg/spongepowered/asm/mixin/injection/callback/CallbackInfo;)V doesn't use it's CallbackInfo
[00:31:47] [Render thread/DEBUG] (FabricLoader/Mixin) sodium-common.mixins.json:features.textures.animations.tracking.ModelBlockRendererMixin from mod sodium->@Inject::preRenderQuad(Lnet/minecraft/world/BlockRenderView;Lnet/minecraft/block/BlockState;Lnet/minecraft/util/math/BlockPos;Lnet/minecraft/client/render/VertexConsumer;Lnet/minecraft/client/util/math/MatrixStack$Entry;Lnet/minecraft/client/render/model/BakedQuad;Ljava/lang/Object;ILorg/spongepowered/asm/mixin/injection/callback/CallbackInfo;)V has 0 override(s) in child classes
[00:31:47] [Render thread/DEBUG] (FabricLoader/Mixin) sodium-common.mixins.json:features.textures.animations.tracking.ModelBlockRendererMixin from mod sodium->@Inject::preRenderQuad(Lnet/minecraft/world/BlockRenderView;Lnet/minecraft/block/BlockState;Lnet/minecraft/util/math/BlockPos;Lnet/minecraft/client/render/VertexConsumer;Lnet/minecraft/client/util/math/MatrixStack$Entry;Lnet/minecraft/client/render/model/BakedQuad;Ljava/lang/Object;ILorg/spongepowered/asm/mixin/injection/callback/CallbackInfo;)V won't be passed a CallbackInfo as a result
[00:31:47] [Render thread/DEBUG] (FabricLoader/Mixin) sodium-fabric.mixins.json:features.render.model.block.ModelBlockRendererMixin from mod sodium->@Inject::renderFast(Lnet/minecraft/client/util/math/MatrixStack$Entry;Lnet/minecraft/client/render/VertexConsumer;Lnet/minecraft/client/render/model/BlockStateModel;FFFIILorg/spongepowered/asm/mixin/injection/callback/CallbackInfo;)V does use it's CallbackInfo
[00:31:47] [Render thread/DEBUG] (FabricLoader/Mixin) Mixing FluidRendererMixin from fabric-rendering-fluids-v1.mixins.json into net.minecraft.client.render.block.FluidRenderer
[00:31:48] [Render thread/DEBUG] (FabricLoader/Mixin) fabric-rendering-fluids-v1.mixins.json:FluidRendererMixin from mod fabric-rendering-fluids-v1->@Inject::onResourceReloadReturn(Lorg/spongepowered/asm/mixin/injection/callback/CallbackInfo;)V doesn't use it's CallbackInfo
[00:31:48] [Render thread/DEBUG] (FabricLoader/Mixin) fabric-rendering-fluids-v1.mixins.json:FluidRendererMixin from mod fabric-rendering-fluids-v1->@Inject::onResourceReloadReturn(Lorg/spongepowered/asm/mixin/injection/callback/CallbackInfo;)V has 0 override(s) in child classes
[00:31:48] [Render thread/DEBUG] (FabricLoader/Mixin) fabric-rendering-fluids-v1.mixins.json:FluidRendererMixin from mod fabric-rendering-fluids-v1->@Inject::onResourceReloadReturn(Lorg/spongepowered/asm/mixin/injection/callback/CallbackInfo;)V won't be passed a CallbackInfo as a result
[00:31:48] [Render thread/DEBUG] (FabricLoader/Mixin) fabric-rendering-fluids-v1.mixins.json:FluidRendererMixin from mod fabric-rendering-fluids-v1->@Inject::onHeadRender(Lnet/minecraft/world/BlockRenderView;Lnet/minecraft/util/math/BlockPos;Lnet/minecraft/client/render/VertexConsumer;Lnet/minecraft/block/BlockState;Lnet/minecraft/fluid/FluidState;Lorg/spongepowered/asm/mixin/injection/callback/CallbackInfo;)V does use it's CallbackInfo
[00:31:48] [Render thread/DEBUG] (FabricLoader/Mixin) Mixing core.model.TextureAtlasSpriteMixin from sodium-common.mixins.json into net.minecraft.client.texture.Sprite
[00:31:48] [Render thread/DEBUG] (FabricLoader/Mixin) sodium-common.mixins.json:core.model.TextureAtlasSpriteMixin from mod sodium: Class version 65 required is higher than the class version supported by the current version of Mixin (JAVA_17 supports class version 61)
[00:31:48] [Render thread/DEBUG] (FabricLoader/Mixin) Mixing features.textures.animations.tracking.TextureAtlasSpriteMixin from sodium-common.mixins.json into net.minecraft.client.texture.Sprite
[00:31:48] [Render thread/DEBUG] (FabricLoader/Mixin) sodium-common.mixins.json:features.textures.animations.tracking.TextureAtlasSpriteMixin from mod sodium: Class version 65 required is higher than the class version supported by the current version of Mixin (JAVA_17 supports class version 61)
[00:31:48] [Render thread/DEBUG] (FabricLoader/Mixin) Mixing features.textures.scan.TextureAtlasSpriteMixin from sodium-common.mixins.json into net.minecraft.client.texture.Sprite
[00:31:48] [Render thread/DEBUG] (FabricLoader/Mixin) sodium-common.mixins.json:features.textures.scan.TextureAtlasSpriteMixin from mod sodium: Class version 65 required is higher than the class version supported by the current version of Mixin (JAVA_17 supports class version 61)
[00:31:48] [Render thread/DEBUG] (FabricLoader/Mixin) sodium-common.mixins.json:features.textures.animations.tracking.TextureAtlasSpriteMixin from mod sodium->@Inject::markSpriteAsActive(Lorg/spongepowered/asm/mixin/injection/callback/CallbackInfoReturnable;)V doesn't use it's CallbackInfoReturnable
[00:31:48] [Render thread/DEBUG] (FabricLoader/Mixin) sodium-common.mixins.json:features.textures.animations.tracking.TextureAtlasSpriteMixin from mod sodium->@Inject::markSpriteAsActive(Lorg/spongepowered/asm/mixin/injection/callback/CallbackInfoReturnable;)V has 0 override(s) in child classes
[00:31:48] [Render thread/DEBUG] (FabricLoader/Mixin) sodium-common.mixins.json:features.textures.animations.tracking.TextureAtlasSpriteMixin from mod sodium->@Inject::markSpriteAsActive(Lorg/spongepowered/asm/mixin/injection/callback/CallbackInfoReturnable;)V won't be passed a CallbackInfoReturnable as a result
[00:31:48] [Render thread/DEBUG] (FabricLoader/Mixin) Mixing KeyedClientResourceReloadListenerMixin from fabric-resource-loader-v1.client.mixins.json into net.minecraft.client.render.entity.EntityRenderManager
[00:31:48] [Render thread/DEBUG] (FabricLoader/Mixin) Mixing EntityRenderManagerMixin from fabric-rendering-v1.mixins.json into net.minecraft.client.render.entity.EntityRenderManager
[00:31:48] [Render thread/DEBUG] (FabricLoader/Mixin) fabric-rendering-v1.mixins.json:EntityRenderManagerMixin from mod fabric-rendering-v1->@Inject::createArmorRenderers(Lnet/minecraft/resource/ResourceManager;Lorg/spongepowered/asm/mixin/injection/callback/CallbackInfo;)V doesn't use it's CallbackInfo
[00:31:48] [Render thread/DEBUG] (FabricLoader/Mixin) fabric-rendering-v1.mixins.json:EntityRenderManagerMixin from mod fabric-rendering-v1->@Inject::createArmorRenderers(Lnet/minecraft/resource/ResourceManager;Lorg/spongepowered/asm/mixin/injection/callback/CallbackInfo;)V has 0 override(s) in child classes
[00:31:48] [Render thread/DEBUG] (FabricLoader/Mixin) fabric-rendering-v1.mixins.json:EntityRenderManagerMixin from mod fabric-rendering-v1->@Inject::createArmorRenderers(Lnet/minecraft/resource/ResourceManager;Lorg/spongepowered/asm/mixin/injection/callback/CallbackInfo;)V won't be passed a CallbackInfo as a result
[00:31:48] [Render thread/DEBUG] (FabricLoader/Mixin) Mixing core.render.world.EntityRendererAccessor from sodium-common.mixins.json into net.minecraft.client.render.entity.EntityRenderer
[00:31:48] [Render thread/DEBUG] (FabricLoader/Mixin) sodium-common.mixins.json:core.render.world.EntityRendererAccessor from mod sodium: Class version 65 required is higher than the class version supported by the current version of Mixin (JAVA_17 supports class version 61)
[00:31:48] [Render thread/DEBUG] (FabricLoader/Mixin) Mixing features.render.entity.cull.EntityRendererMixin from sodium-common.mixins.json into net.minecraft.client.render.entity.EntityRenderer
[00:31:48] [Render thread/DEBUG] (FabricLoader/Mixin) sodium-common.mixins.json:features.render.entity.cull.EntityRendererMixin from mod sodium: Class version 65 required is higher than the class version supported by the current version of Mixin (JAVA_17 supports class version 61)
[00:31:48] [Render thread/DEBUG] (FabricLoader/Mixin) Mixing LivingEntityRendererAccessor from fabric-rendering-v1.mixins.json into net.minecraft.client.render.entity.LivingEntityRenderer
[00:31:48] [Render thread/DEBUG] (FabricLoader/Mixin) Mixing LivingEntityRendererMixin from fabric-rendering-v1.mixins.json into net.minecraft.client.render.entity.LivingEntityRenderer
[00:31:48] [Render thread/DEBUG] (FabricLoader/Mixin) Mixing HeldItemRendererMixin from fabric-item-api-v1.client.mixins.json into net.minecraft.client.render.item.HeldItemRenderer
[00:31:48] [Render thread/DEBUG] (FabricLoader/Mixin) fabric-item-api-v1.client.mixins.json:HeldItemRendererMixin from mod fabric-item-api-v1->@Inject::modifyProgressAnimation(Lorg/spongepowered/asm/mixin/injection/callback/CallbackInfo;)V doesn't use it's CallbackInfo
[00:31:48] [Render thread/DEBUG] (FabricLoader/Mixin) fabric-item-api-v1.client.mixins.json:HeldItemRendererMixin from mod fabric-item-api-v1->@Inject::modifyProgressAnimation(Lorg/spongepowered/asm/mixin/injection/callback/CallbackInfo;)V has 0 override(s) in child classes
[00:31:48] [Render thread/DEBUG] (FabricLoader/Mixin) fabric-item-api-v1.client.mixins.json:HeldItemRendererMixin from mod fabric-item-api-v1->@Inject::modifyProgressAnimation(Lorg/spongepowered/asm/mixin/injection/callback/CallbackInfo;)V won't be passed a CallbackInfo as a result
[00:31:48] [Render thread/DEBUG] (FabricLoader/Mixin) Mixing RenderStateMixin from fabric-rendering-v1.mixins.json into net.minecraft.client.render.MapRenderState
[00:31:48] [Render thread/DEBUG] (FabricLoader/Mixin) Mixing KeyedClientResourceReloadListenerMixin from fabric-resource-loader-v1.client.mixins.json into net.minecraft.client.render.block.entity.BlockEntityRenderManager
[00:31:48] [Render thread/DEBUG] (FabricLoader/Mixin) Mixing KeyedClientResourceReloadListenerMixin from fabric-resource-loader-v1.client.mixins.json into net.minecraft.client.particle.ParticleSpriteManager
[00:31:48] [Render thread/DEBUG] (FabricLoader/Mixin) Mixing ParticleSpriteManagerMixin from fabric-particles-v1.client.mixins.json into net.minecraft.client.particle.ParticleSpriteManager
[00:31:48] [Render thread/DEBUG] (FabricLoader/Mixin) Mixing ParticleSpriteManagerMixin from fabric-registry-sync-v0.client.mixins.json into net.minecraft.client.particle.ParticleSpriteManager
[00:31:48] [Render thread/DEBUG] (FabricLoader/Mixin) fabric-particles-v1.client.mixins.json:ParticleSpriteManagerMixin from mod fabric-particles-v1->@Inject::onRegisterDefaultFactories(Lorg/spongepowered/asm/mixin/injection/callback/CallbackInfo;)V doesn't use it's CallbackInfo
[00:31:48] [Render thread/DEBUG] (FabricLoader/Mixin) fabric-particles-v1.client.mixins.json:ParticleSpriteManagerMixin from mod fabric-particles-v1->@Inject::onRegisterDefaultFactories(Lorg/spongepowered/asm/mixin/injection/callback/CallbackInfo;)V has 0 override(s) in child classes
[00:31:48] [Render thread/DEBUG] (FabricLoader/Mixin) fabric-particles-v1.client.mixins.json:ParticleSpriteManagerMixin from mod fabric-particles-v1->@Inject::onRegisterDefaultFactories(Lorg/spongepowered/asm/mixin/injection/callback/CallbackInfo;)V won't be passed a CallbackInfo as a result
[00:31:48] [Render thread/DEBUG] (FabricLoader/Mixin) fabric-registry-sync-v0.client.mixins.json:ParticleSpriteManagerMixin from mod fabric-registry-sync-v0->@Inject::onInit(Lorg/spongepowered/asm/mixin/injection/callback/CallbackInfo;)V doesn't use it's CallbackInfo
[00:31:48] [Render thread/DEBUG] (FabricLoader/Mixin) fabric-registry-sync-v0.client.mixins.json:ParticleSpriteManagerMixin from mod fabric-registry-sync-v0->@Inject::onInit(Lorg/spongepowered/asm/mixin/injection/callback/CallbackInfo;)V has 0 override(s) in child classes
[00:31:48] [Render thread/DEBUG] (FabricLoader/Mixin) fabric-registry-sync-v0.client.mixins.json:ParticleSpriteManagerMixin from mod fabric-registry-sync-v0->@Inject::onInit(Lorg/spongepowered/asm/mixin/injection/callback/CallbackInfo;)V won't be passed a CallbackInfo as a result
[00:31:48] [Render thread/DEBUG] (FabricLoader/Mixin) Mixing features.textures.animations.tracking.TextureSheetParticleMixin from sodium-common.mixins.json into net.minecraft.client.particle.BillboardParticle
[00:31:48] [Render thread/DEBUG] (FabricLoader/Mixin) sodium-common.mixins.json:features.textures.animations.tracking.TextureSheetParticleMixin from mod sodium: Class version 65 required is higher than the class version supported by the current version of Mixin (JAVA_17 supports class version 61)
[00:31:48] [Render thread/DEBUG] (FabricLoader/Mixin) sodium-common.mixins.json:features.textures.animations.tracking.TextureSheetParticleMixin from mod sodium->@Inject::afterSetSprite(Lnet/minecraft/client/texture/Sprite;Lorg/spongepowered/asm/mixin/injection/callback/CallbackInfo;)V doesn't use it's CallbackInfo
[00:31:48] [Render thread/DEBUG] (FabricLoader/Mixin) sodium-common.mixins.json:features.textures.animations.tracking.TextureSheetParticleMixin from mod sodium->@Inject::afterSetSprite(Lnet/minecraft/client/texture/Sprite;Lorg/spongepowered/asm/mixin/injection/callback/CallbackInfo;)V has 0 override(s) in child classes
[00:31:48] [Render thread/DEBUG] (FabricLoader/Mixin) sodium-common.mixins.json:features.textures.animations.tracking.TextureSheetParticleMixin from mod sodium->@Inject::afterSetSprite(Lnet/minecraft/client/texture/Sprite;Lorg/spongepowered/asm/mixin/injection/callback/CallbackInfo;)V won't be passed a CallbackInfo as a result
[00:31:48] [Render thread/DEBUG] (FabricLoader/Mixin) sodium-common.mixins.json:features.textures.animations.tracking.TextureSheetParticleMixin from mod sodium->@Inject::sodium$tickSprite(Lnet/minecraft/client/particle/BillboardParticleSubmittable;Lorg/joml/Quaternionf;FFFFLorg/spongepowered/asm/mixin/injection/callback/CallbackInfo;)V doesn't use it's CallbackInfo
[00:31:48] [Render thread/DEBUG] (FabricLoader/Mixin) sodium-common.mixins.json:features.textures.animations.tracking.TextureSheetParticleMixin from mod sodium->@Inject::sodium$tickSprite(Lnet/minecraft/client/particle/BillboardParticleSubmittable;Lorg/joml/Quaternionf;FFFFLorg/spongepowered/asm/mixin/injection/callback/CallbackInfo;)V has 0 override(s) in child classes
[00:31:48] [Render thread/DEBUG] (FabricLoader/Mixin) sodium-common.mixins.json:features.textures.animations.tracking.TextureSheetParticleMixin from mod sodium->@Inject::sodium$tickSprite(Lnet/minecraft/client/particle/BillboardParticleSubmittable;Lorg/joml/Quaternionf;FFFFLorg/spongepowered/asm/mixin/injection/callback/CallbackInfo;)V won't be passed a CallbackInfo as a result
[00:31:48] [Render thread/DEBUG] (FabricLoader/Mixin) Mixing client.block.particle.BlockMarkerParticleMixin from fabric-renderer-api-v1.mixins.json into net.minecraft.client.particle.BlockMarkerParticle
[00:31:48] [Render thread/DEBUG] (FabricLoader/Mixin) Mixing BlockDustParticleMixin from fabric-particles-v1.client.mixins.json into net.minecraft.client.particle.BlockDustParticle
[00:31:48] [Render thread/DEBUG] (FabricLoader/Mixin) Mixing client.block.particle.BlockDustParticleMixin from fabric-renderer-api-v1.mixins.json into net.minecraft.client.particle.BlockDustParticle
[00:31:48] [Render thread/DEBUG] (FabricLoader/Mixin) Mixing RenderStateMixin from fabric-rendering-v1.mixins.json into net.minecraft.client.render.item.ItemRenderState
[00:31:48] [Render thread/DEBUG] (FabricLoader/Mixin) Mixing renderstate.ItemRenderStateMixin from fabric-rendering-v1.mixins.json into net.minecraft.client.render.item.ItemRenderState
[00:31:48] [Render thread/DEBUG] (FabricLoader/Mixin) Mixing features.render.frapi.ItemRenderStateMixin from sodium-common.mixins.json into net.minecraft.client.render.item.ItemRenderState
[00:31:48] [Render thread/DEBUG] (FabricLoader/Mixin) sodium-common.mixins.json:features.render.frapi.ItemRenderStateMixin from mod sodium: Class version 65 required is higher than the class version supported by the current version of Mixin (JAVA_17 supports class version 61)
[00:31:48] [Render thread/DEBUG] (FabricLoader/Mixin) fabric-rendering-v1.mixins.json:renderstate.ItemRenderStateMixin from mod fabric-rendering-v1->@Inject::clearExtraRenderData(Lorg/spongepowered/asm/mixin/injection/callback/CallbackInfo;)V doesn't use it's CallbackInfo
[00:31:48] [Render thread/DEBUG] (FabricLoader/Mixin) fabric-rendering-v1.mixins.json:renderstate.ItemRenderStateMixin from mod fabric-rendering-v1->@Inject::clearExtraRenderData(Lorg/spongepowered/asm/mixin/injection/callback/CallbackInfo;)V has 0 override(s) in child classes
[00:31:48] [Render thread/DEBUG] (FabricLoader/Mixin) fabric-rendering-v1.mixins.json:renderstate.ItemRenderStateMixin from mod fabric-rendering-v1->@Inject::clearExtraRenderData(Lorg/spongepowered/asm/mixin/injection/callback/CallbackInfo;)V won't be passed a CallbackInfo as a result
[00:31:48] [Render thread/DEBUG] (FabricLoader/Mixin) sodium-common.mixins.json:features.render.frapi.ItemRenderStateMixin from mod sodium->@Inject::afterLayerLoad(Ljava/util/function/Consumer;Lorg/spongepowered/asm/mixin/injection/callback/CallbackInfo;)V doesn't use it's CallbackInfo
[00:31:48] [Render thread/DEBUG] (FabricLoader/Mixin) sodium-common.mixins.json:features.render.frapi.ItemRenderStateMixin from mod sodium->@Inject::afterLayerLoad(Ljava/util/function/Consumer;Lorg/spongepowered/asm/mixin/injection/callback/CallbackInfo;)V has 0 override(s) in child classes
[00:31:48] [Render thread/DEBUG] (FabricLoader/Mixin) sodium-common.mixins.json:features.render.frapi.ItemRenderStateMixin from mod sodium->@Inject::afterLayerLoad(Ljava/util/function/Consumer;Lorg/spongepowered/asm/mixin/injection/callback/CallbackInfo;)V won't be passed a CallbackInfo as a result
[00:31:48] [Render thread/DEBUG] (FabricLoader/Mixin) Mixing RenderStateMixin from fabric-rendering-v1.mixins.json into net.minecraft.client.render.item.ItemRenderState$LayerRenderState
[00:31:48] [Render thread/DEBUG] (FabricLoader/Mixin) Mixing renderstate.ItemRenderStateLayerRenderStateMixin from fabric-rendering-v1.mixins.json into net.minecraft.client.render.item.ItemRenderState$LayerRenderState
[00:31:48] [Render thread/DEBUG] (FabricLoader/Mixin) Mixing features.render.frapi.ItemLayerRenderStateMixin from sodium-common.mixins.json into net.minecraft.client.render.item.ItemRenderState$LayerRenderState
[00:31:48] [Render thread/DEBUG] (FabricLoader/Mixin) sodium-common.mixins.json:features.render.frapi.ItemLayerRenderStateMixin from mod sodium: Class version 65 required is higher than the class version supported by the current version of Mixin (JAVA_17 supports class version 61)
[00:31:48] [Render thread/DEBUG] (FabricLoader/Mixin) Mixing client.item.ItemRenderStateLayerRenderStateMixin from fabric-renderer-api-v1.mixins.json into net.minecraft.client.render.item.ItemRenderState$LayerRenderState
[00:31:48] [Render thread/DEBUG] (FabricLoader/Mixin) fabric-rendering-v1.mixins.json:renderstate.ItemRenderStateLayerRenderStateMixin from mod fabric-rendering-v1->@Inject::clearExtraRenderData(Lorg/spongepowered/asm/mixin/injection/callback/CallbackInfo;)V doesn't use it's CallbackInfo
[00:31:48] [Render thread/DEBUG] (FabricLoader/Mixin) fabric-rendering-v1.mixins.json:renderstate.ItemRenderStateLayerRenderStateMixin from mod fabric-rendering-v1->@Inject::clearExtraRenderData(Lorg/spongepowered/asm/mixin/injection/callback/CallbackInfo;)V has 0 override(s) in child classes
[00:31:48] [Render thread/DEBUG] (FabricLoader/Mixin) fabric-rendering-v1.mixins.json:renderstate.ItemRenderStateLayerRenderStateMixin from mod fabric-rendering-v1->@Inject::clearExtraRenderData(Lorg/spongepowered/asm/mixin/injection/callback/CallbackInfo;)V won't be passed a CallbackInfo as a result
[00:31:48] [Render thread/DEBUG] (FabricLoader/Mixin) sodium-common.mixins.json:features.render.frapi.ItemLayerRenderStateMixin from mod sodium->@Inject::onReturnClear(Lorg/spongepowered/asm/mixin/injection/callback/CallbackInfo;)V doesn't use it's CallbackInfo
[00:31:48] [Render thread/DEBUG] (FabricLoader/Mixin) sodium-common.mixins.json:features.render.frapi.ItemLayerRenderStateMixin from mod sodium->@Inject::onReturnClear(Lorg/spongepowered/asm/mixin/injection/callback/CallbackInfo;)V has 0 override(s) in child classes
[00:31:48] [Render thread/DEBUG] (FabricLoader/Mixin) sodium-common.mixins.json:features.render.frapi.ItemLayerRenderStateMixin from mod sodium->@Inject::onReturnClear(Lorg/spongepowered/asm/mixin/injection/callback/CallbackInfo;)V won't be passed a CallbackInfo as a result
[00:31:48] [Render thread/DEBUG] (FabricLoader/Mixin) Mixing ParticleManagerAccessor from fabric-particles-v1.client.mixins.json into net.minecraft.client.particle.ParticleManager
[00:31:48] [Render thread/DEBUG] (FabricLoader/Mixin) Renaming @Accessor method getParticleTextureSheets()Ljava/util/List; to getParticleTextureSheets$fabric-particles-v1_$md$040614$0 in fabric-particles-v1.client.mixins.json:ParticleManagerAccessor from mod fabric-particles-v1
[00:31:48] [Render thread/DEBUG] (FabricLoader/Mixin) Mixing ParticleManagerMixin from fabric-particles-v1.client.mixins.json into net.minecraft.client.particle.ParticleManager
[00:31:48] [Render thread/DEBUG] (FabricLoader/Mixin) fabric-particles-v1.client.mixins.json:ParticleManagerMixin from mod fabric-particles-v1->@Inject::classInit(Lorg/spongepowered/asm/mixin/injection/callback/CallbackInfo;)V doesn't use it's CallbackInfo
[00:31:48] [Render thread/DEBUG] (FabricLoader/Mixin) fabric-particles-v1.client.mixins.json:ParticleManagerMixin from mod fabric-particles-v1->@Inject::createParticleRenderer(Lnet/minecraft/client/particle/ParticleTextureSheet;Lorg/spongepowered/asm/mixin/injection/callback/CallbackInfoReturnable;)V does use it's CallbackInfoReturnable
[00:31:48] [Render thread/DEBUG] (FabricLoader/Mixin) Mixing KeyedClientResourceReloadListenerMixin from fabric-resource-loader-v1.client.mixins.json into net.minecraft.client.resource.waypoint.WaypointStyleAssetManager
[00:31:48] [Render thread/DEBUG] (FabricLoader/Mixin) Mixing GameRendererMixin from fabric-rendering-v1.mixins.json into net.minecraft.client.render.GameRenderer
[00:31:48] [Render thread/DEBUG] (FabricLoader/Mixin) Mixing core.render.world.GameRendererMixin from sodium-common.mixins.json into net.minecraft.client.render.GameRenderer
[00:31:48] [Render thread/DEBUG] (FabricLoader/Mixin) sodium-common.mixins.json:core.render.world.GameRendererMixin from mod sodium: Class version 65 required is higher than the class version supported by the current version of Mixin (JAVA_17 supports class version 61)
[00:31:48] [Render thread/DEBUG] (FabricLoader/Mixin) Mixing features.gui.hooks.console.GameRendererMixin from sodium-common.mixins.json into net.minecraft.client.render.GameRenderer
[00:31:48] [Render thread/DEBUG] (FabricLoader/Mixin) sodium-common.mixins.json:features.gui.hooks.console.GameRendererMixin from mod sodium: Class version 65 required is higher than the class version supported by the current version of Mixin (JAVA_17 supports class version 61)
[00:31:48] [Render thread/DEBUG] (FabricLoader/Mixin) Mixing GameRendererMixin from fabric-screen-api-v1.mixins.json into net.minecraft.client.render.GameRenderer
[00:31:48] [Render thread/DEBUG] (FabricLoader/Mixin) fabric-rendering-v1.mixins.json:GameRendererMixin from mod fabric-rendering-v1->@Inject::guiRendererReady(Lnet/minecraft/client/MinecraftClient;Lnet/minecraft/client/render/item/HeldItemRenderer;Lnet/minecraft/client/render/BufferBuilderStorage;Lnet/minecraft/client/render/block/BlockRenderManager;Lorg/spongepowered/asm/mixin/injection/callback/CallbackInfo;)V doesn't use it's CallbackInfo
[00:31:48] [Render thread/DEBUG] (FabricLoader/Mixin) fabric-rendering-v1.mixins.json:GameRendererMixin from mod fabric-rendering-v1->@Inject::guiRendererReady(Lnet/minecraft/client/MinecraftClient;Lnet/minecraft/client/render/item/HeldItemRenderer;Lnet/minecraft/client/render/BufferBuilderStorage;Lnet/minecraft/client/render/block/BlockRenderManager;Lorg/spongepowered/asm/mixin/injection/callback/CallbackInfo;)V has 0 override(s) in child classes
[00:31:48] [Render thread/DEBUG] (FabricLoader/Mixin) fabric-rendering-v1.mixins.json:GameRendererMixin from mod fabric-rendering-v1->@Inject::guiRendererReady(Lnet/minecraft/client/MinecraftClient;Lnet/minecraft/client/render/item/HeldItemRenderer;Lnet/minecraft/client/render/BufferBuilderStorage;Lnet/minecraft/client/render/block/BlockRenderManager;Lorg/spongepowered/asm/mixin/injection/callback/CallbackInfo;)V won't be passed a CallbackInfo as a result
[00:31:48] [Render thread/DEBUG] (FabricLoader/Mixin) sodium-common.mixins.json:features.gui.hooks.console.GameRendererMixin from mod sodium->@Inject::onRender(Lnet/minecraft/client/render/RenderTickCounter;ZLorg/spongepowered/asm/mixin/injection/callback/CallbackInfo;)V doesn't use it's CallbackInfo
[00:31:48] [Render thread/DEBUG] (FabricLoader/Mixin) sodium-common.mixins.json:features.gui.hooks.console.GameRendererMixin from mod sodium->@Inject::onRender(Lnet/minecraft/client/render/RenderTickCounter;ZLorg/spongepowered/asm/mixin/injection/callback/CallbackInfo;)V has 0 override(s) in child classes
[00:31:48] [Render thread/DEBUG] (FabricLoader/Mixin) sodium-common.mixins.json:features.gui.hooks.console.GameRendererMixin from mod sodium->@Inject::onRender(Lnet/minecraft/client/render/RenderTickCounter;ZLorg/spongepowered/asm/mixin/injection/callback/CallbackInfo;)V won't be passed a CallbackInfo as a result
[00:31:48] [Render thread/DEBUG] (FabricLoader/Mixin) Mixing core.render.immediate.consumer.BufferBuilderMixin from sodium-common.mixins.json into net.minecraft.client.render.BufferBuilder
[00:31:48] [Render thread/DEBUG] (FabricLoader/Mixin) sodium-common.mixins.json:core.render.immediate.consumer.BufferBuilderMixin from mod sodium: Class version 65 required is higher than the class version supported by the current version of Mixin (JAVA_17 supports class version 61)
[00:31:48] [Render thread/DEBUG] (FabricLoader/Mixin) Mixing features.render.immediate.buffer_builder.intrinsics.BufferBuilderMixin from sodium-common.mixins.json into net.minecraft.client.render.BufferBuilder
[00:31:48] [Render thread/DEBUG] (FabricLoader/Mixin) sodium-common.mixins.json:features.render.immediate.buffer_builder.intrinsics.BufferBuilderMixin from mod sodium: Class version 65 required is higher than the class version supported by the current version of Mixin (JAVA_17 supports class version 61)
[00:31:48] [Render thread/DEBUG] (FabricLoader/Mixin) Mixing features.render.immediate.buffer_builder.sorting.MeshDataAccessor from sodium-common.mixins.json into net.minecraft.client.render.BuiltBuffer
[00:31:48] [Render thread/DEBUG] (FabricLoader/Mixin) sodium-common.mixins.json:features.render.immediate.buffer_builder.sorting.MeshDataAccessor from mod sodium: Class version 65 required is higher than the class version supported by the current version of Mixin (JAVA_17 supports class version 61)
[00:31:48] [Render thread/DEBUG] (FabricLoader/Mixin) Mixing core.render.world.FogRendererMixin from sodium-common.mixins.json into net.minecraft.client.render.fog.FogRenderer
[00:31:48] [Render thread/DEBUG] (FabricLoader/Mixin) sodium-common.mixins.json:core.render.world.FogRendererMixin from mod sodium: Class version 65 required is higher than the class version supported by the current version of Mixin (JAVA_17 supports class version 61)
[00:31:48] [Render thread/DEBUG] (FabricLoader/Mixin) Mixing FogRendererMixin from jade.mixins.json into net.minecraft.client.render.fog.FogRenderer
[00:31:48] [Render thread/DEBUG] (FabricLoader/Mixin) sodium-common.mixins.json:core.render.world.FogRendererMixin from mod sodium->@Inject::sodium$storeFogParameters(Lnet/minecraft/client/render/Camera;IZLnet/minecraft/client/render/RenderTickCounter;FLnet/minecraft/client/world/ClientWorld;Lorg/spongepowered/asm/mixin/injection/callback/CallbackInfoReturnable;)V doesn't use it's CallbackInfoReturnable
[00:31:48] [Render thread/DEBUG] (FabricLoader/Mixin) sodium-common.mixins.json:core.render.world.FogRendererMixin from mod sodium->@Inject::sodium$storeFogParameters(Lnet/minecraft/client/render/Camera;IZLnet/minecraft/client/render/RenderTickCounter;FLnet/minecraft/client/world/ClientWorld;Lorg/spongepowered/asm/mixin/injection/callback/CallbackInfoReturnable;)V has 0 override(s) in child classes
[00:31:48] [Render thread/DEBUG] (FabricLoader/Mixin) sodium-common.mixins.json:core.render.world.FogRendererMixin from mod sodium->@Inject::sodium$storeFogParameters(Lnet/minecraft/client/render/Camera;IZLnet/minecraft/client/render/RenderTickCounter;FLnet/minecraft/client/world/ClientWorld;Lorg/spongepowered/asm/mixin/injection/callback/CallbackInfoReturnable;)V won't be passed a CallbackInfoReturnable as a result
[00:31:48] [Render thread/DEBUG] (FabricLoader/Mixin) jade.mixins.json:FogRendererMixin from mod jade->@Inject::jade$setupFog(Lnet/minecraft/client/render/Camera;IZLnet/minecraft/client/render/RenderTickCounter;FLnet/minecraft/client/world/ClientWorld;Lorg/spongepowered/asm/mixin/injection/callback/CallbackInfoReturnable;)V doesn't use it's CallbackInfoReturnable
[00:31:48] [Render thread/DEBUG] (FabricLoader/Mixin) jade.mixins.json:FogRendererMixin from mod jade->@Inject::jade$setupFog(Lnet/minecraft/client/render/Camera;IZLnet/minecraft/client/render/RenderTickCounter;FLnet/minecraft/client/world/ClientWorld;Lorg/spongepowered/asm/mixin/injection/callback/CallbackInfoReturnable;)V has 0 override(s) in child classes
[00:31:48] [Render thread/DEBUG] (FabricLoader/Mixin) jade.mixins.json:FogRendererMixin from mod jade->@Inject::jade$setupFog(Lnet/minecraft/client/render/Camera;IZLnet/minecraft/client/render/RenderTickCounter;FLnet/minecraft/client/world/ClientWorld;Lorg/spongepowered/asm/mixin/injection/callback/CallbackInfoReturnable;)V won't be passed a CallbackInfoReturnable as a result
[00:31:48] [Render thread/DEBUG] (FabricLoader/Mixin) Mixing features.render.world.sky.FogRendererMixin from sodium-common.mixins.json into net.minecraft.client.render.fog.StandardFogModifier
[00:31:48] [Render thread/DEBUG] (FabricLoader/Mixin) sodium-common.mixins.json:features.render.world.sky.FogRendererMixin from mod sodium: Class version 65 required is higher than the class version supported by the current version of Mixin (JAVA_17 supports class version 61)
[00:31:48] [Render thread/DEBUG] (FabricLoader/Mixin) Renaming synthetic method lambda$redirectSampleColor$1(Lnet/minecraft/util/math/Vec3d;)Lnet/minecraft/util/math/Vec3d; to md040614$sodium$lambda$redirectSampleColor$1$0 in sodium-common.mixins.json:features.render.world.sky.FogRendererMixin from mod sodium
[00:31:48] [Render thread/DEBUG] (FabricLoader/Mixin) Renaming synthetic method lambda$redirectSampleColor$0(Lnet/minecraft/world/biome/source/BiomeAccess;III)I to md040614$sodium$lambda$redirectSampleColor$0$1 in sodium-common.mixins.json:features.render.world.sky.FogRendererMixin from mod sodium
[00:31:48] [Render thread/DEBUG] (FabricLoader/Mixin) Mixing RenderStateMixin from fabric-rendering-v1.mixins.json into net.minecraft.client.render.state.WorldRenderState
[00:31:48] [Render thread/DEBUG] (FabricLoader/Mixin) Mixing renderstate.WorldRenderStateMixin from fabric-rendering-v1.mixins.json into net.minecraft.client.render.state.WorldRenderState
[00:31:48] [Render thread/DEBUG] (FabricLoader/Mixin) fabric-rendering-v1.mixins.json:renderstate.WorldRenderStateMixin from mod fabric-rendering-v1->@Inject::clearExtraRenderData(Lorg/spongepowered/asm/mixin/injection/callback/CallbackInfo;)V doesn't use it's CallbackInfo
[00:31:48] [Render thread/DEBUG] (FabricLoader/Mixin) fabric-rendering-v1.mixins.json:renderstate.WorldRenderStateMixin from mod fabric-rendering-v1->@Inject::clearExtraRenderData(Lorg/spongepowered/asm/mixin/injection/callback/CallbackInfo;)V has 0 override(s) in child classes
[00:31:48] [Render thread/DEBUG] (FabricLoader/Mixin) fabric-rendering-v1.mixins.json:renderstate.WorldRenderStateMixin from mod fabric-rendering-v1->@Inject::clearExtraRenderData(Lorg/spongepowered/asm/mixin/injection/callback/CallbackInfo;)V won't be passed a CallbackInfo as a result
[00:31:48] [Render thread/DEBUG] (FabricLoader/Mixin) Mixing RenderStateMixin from fabric-rendering-v1.mixins.json into net.minecraft.client.render.state.CameraRenderState
[00:31:48] [Render thread/DEBUG] (FabricLoader/Mixin) Mixing RenderStateMixin from fabric-rendering-v1.mixins.json into net.minecraft.client.render.state.WeatherRenderState
[00:31:48] [Render thread/DEBUG] (FabricLoader/Mixin) Mixing renderstate.WeatherRenderStateMixin from fabric-rendering-v1.mixins.json into net.minecraft.client.render.state.WeatherRenderState
[00:31:48] [Render thread/DEBUG] (FabricLoader/Mixin) fabric-rendering-v1.mixins.json:renderstate.WeatherRenderStateMixin from mod fabric-rendering-v1->@Inject::clearExtraRenderData(Lorg/spongepowered/asm/mixin/injection/callback/CallbackInfo;)V doesn't use it's CallbackInfo
[00:31:48] [Render thread/DEBUG] (FabricLoader/Mixin) fabric-rendering-v1.mixins.json:renderstate.WeatherRenderStateMixin from mod fabric-rendering-v1->@Inject::clearExtraRenderData(Lorg/spongepowered/asm/mixin/injection/callback/CallbackInfo;)V has 0 override(s) in child classes
[00:31:48] [Render thread/DEBUG] (FabricLoader/Mixin) fabric-rendering-v1.mixins.json:renderstate.WeatherRenderStateMixin from mod fabric-rendering-v1->@Inject::clearExtraRenderData(Lorg/spongepowered/asm/mixin/injection/callback/CallbackInfo;)V won't be passed a CallbackInfo as a result
[00:31:48] [Render thread/DEBUG] (FabricLoader/Mixin) Mixing RenderStateMixin from fabric-rendering-v1.mixins.json into net.minecraft.client.render.state.WorldBorderRenderState
[00:31:48] [Render thread/DEBUG] (FabricLoader/Mixin) Mixing renderstate.WorldBorderRenderStateMixin from fabric-rendering-v1.mixins.json into net.minecraft.client.render.state.WorldBorderRenderState
[00:31:48] [Render thread/DEBUG] (FabricLoader/Mixin) fabric-rendering-v1.mixins.json:renderstate.WorldBorderRenderStateMixin from mod fabric-rendering-v1->@Inject::clearExtraRenderData(Lorg/spongepowered/asm/mixin/injection/callback/CallbackInfo;)V doesn't use it's CallbackInfo
[00:31:48] [Render thread/DEBUG] (FabricLoader/Mixin) fabric-rendering-v1.mixins.json:renderstate.WorldBorderRenderStateMixin from mod fabric-rendering-v1->@Inject::clearExtraRenderData(Lorg/spongepowered/asm/mixin/injection/callback/CallbackInfo;)V has 0 override(s) in child classes
[00:31:48] [Render thread/DEBUG] (FabricLoader/Mixin) fabric-rendering-v1.mixins.json:renderstate.WorldBorderRenderStateMixin from mod fabric-rendering-v1->@Inject::clearExtraRenderData(Lorg/spongepowered/asm/mixin/injection/callback/CallbackInfo;)V won't be passed a CallbackInfo as a result
[00:31:48] [Render thread/DEBUG] (FabricLoader/Mixin) Mixing RenderStateMixin from fabric-rendering-v1.mixins.json into net.minecraft.client.render.state.SkyRenderState
[00:31:48] [Render thread/DEBUG] (FabricLoader/Mixin) Mixing renderstate.SkyRenderStateMixin from fabric-rendering-v1.mixins.json into net.minecraft.client.render.state.SkyRenderState
[00:31:48] [Render thread/DEBUG] (FabricLoader/Mixin) fabric-rendering-v1.mixins.json:renderstate.SkyRenderStateMixin from mod fabric-rendering-v1->@Inject::clearExtraRenderData(Lorg/spongepowered/asm/mixin/injection/callback/CallbackInfo;)V doesn't use it's CallbackInfo
[00:31:48] [Render thread/DEBUG] (FabricLoader/Mixin) fabric-rendering-v1.mixins.json:renderstate.SkyRenderStateMixin from mod fabric-rendering-v1->@Inject::clearExtraRenderData(Lorg/spongepowered/asm/mixin/injection/callback/CallbackInfo;)V has 0 override(s) in child classes
[00:31:48] [Render thread/DEBUG] (FabricLoader/Mixin) fabric-rendering-v1.mixins.json:renderstate.SkyRenderStateMixin from mod fabric-rendering-v1->@Inject::clearExtraRenderData(Lorg/spongepowered/asm/mixin/injection/callback/CallbackInfo;)V won't be passed a CallbackInfo as a result
[00:31:48] [Render thread/DEBUG] (FabricLoader/Mixin) Mixing features.render.frapi.SubmitNodeStorageMixin from sodium-common.mixins.json into net.minecraft.client.render.command.OrderedRenderCommandQueueImpl
[00:31:48] [Render thread/DEBUG] (FabricLoader/Mixin) sodium-common.mixins.json:features.render.frapi.SubmitNodeStorageMixin from mod sodium: Class version 65 required is higher than the class version supported by the current version of Mixin (JAVA_17 supports class version 61)
[00:31:48] [Render thread/DEBUG] (FabricLoader/Mixin) Mixing client.block.render.OrderedRenderCommandQueueImplMixin from fabric-renderer-api-v1.mixins.json into net.minecraft.client.render.command.OrderedRenderCommandQueueImpl
[00:31:48] [Render thread/DEBUG] (FabricLoader/Mixin) Mixing features.render.entity.shadows.ShadowFeatureRendererMixin from sodium-common.mixins.json into net.minecraft.client.render.command.ShadowPiecesCommandRenderer
[00:31:48] [Render thread/DEBUG] (FabricLoader/Mixin) sodium-common.mixins.json:features.render.entity.shadows.ShadowFeatureRendererMixin from mod sodium: Class version 65 required is higher than the class version supported by the current version of Mixin (JAVA_17 supports class version 61)
[00:31:48] [Render thread/DEBUG] (FabricLoader/Mixin) sodium-common.mixins.json:features.render.entity.shadows.ShadowFeatureRendererMixin from mod sodium->@Inject::renderShadowPartFast(Lnet/minecraft/client/render/command/BatchingRenderCommandQueue;Lnet/minecraft/client/render/VertexConsumerProvider$Immediate;Lorg/spongepowered/asm/mixin/injection/callback/CallbackInfo;)V does use it's CallbackInfo
[00:31:48] [Render thread/DEBUG] (FabricLoader/Mixin) Mixing features.render.frapi.ItemFeatureRendererMixin from sodium-common.mixins.json into net.minecraft.client.render.command.ItemCommandRenderer
[00:31:48] [Render thread/DEBUG] (FabricLoader/Mixin) sodium-common.mixins.json:features.render.frapi.ItemFeatureRendererMixin from mod sodium: Class version 65 required is higher than the class version supported by the current version of Mixin (JAVA_17 supports class version 61)
[00:31:48] [Render thread/DEBUG] (FabricLoader/Mixin) sodium-common.mixins.json:features.render.frapi.ItemFeatureRendererMixin from mod sodium->@Inject::onReturnRender(Lnet/minecraft/client/render/command/BatchingRenderCommandQueue;Lnet/minecraft/client/render/VertexConsumerProvider$Immediate;Lnet/minecraft/client/render/OutlineVertexConsumerProvider;Lorg/spongepowered/asm/mixin/injection/callback/CallbackInfo;)V doesn't use it's CallbackInfo
[00:31:48] [Render thread/DEBUG] (FabricLoader/Mixin) sodium-common.mixins.json:features.render.frapi.ItemFeatureRendererMixin from mod sodium->@Inject::onReturnRender(Lnet/minecraft/client/render/command/BatchingRenderCommandQueue;Lnet/minecraft/client/render/VertexConsumerProvider$Immediate;Lnet/minecraft/client/render/OutlineVertexConsumerProvider;Lorg/spongepowered/asm/mixin/injection/callback/CallbackInfo;)V has 0 override(s) in child classes
[00:31:48] [Render thread/DEBUG] (FabricLoader/Mixin) sodium-common.mixins.json:features.render.frapi.ItemFeatureRendererMixin from mod sodium->@Inject::onReturnRender(Lnet/minecraft/client/render/command/BatchingRenderCommandQueue;Lnet/minecraft/client/render/VertexConsumerProvider$Immediate;Lnet/minecraft/client/render/OutlineVertexConsumerProvider;Lorg/spongepowered/asm/mixin/injection/callback/CallbackInfo;)V won't be passed a CallbackInfo as a result
[00:31:48] [Render thread/DEBUG] (FabricLoader/Mixin) Mixing client.block.render.FallingBlockCommandRendererMixin from fabric-renderer-api-v1.mixins.json into net.minecraft.client.render.command.FallingBlockCommandRenderer
[00:31:48] [Render thread/DEBUG] (FabricLoader/Mixin) fabric-renderer-api-v1.mixins.json:client.block.render.FallingBlockCommandRendererMixin from mod fabric-renderer-api-v1->@Inject::beforeRenderMovingBlocks(Lnet/minecraft/client/render/command/BatchingRenderCommandQueue;Lnet/minecraft/client/render/VertexConsumerProvider$Immediate;Lnet/minecraft/client/render/block/BlockRenderManager;Lnet/minecraft/client/render/OutlineVertexConsumerProvider;Lorg/spongepowered/asm/mixin/injection/callback/CallbackInfo;)V doesn't use it's CallbackInfo
[00:31:48] [Render thread/DEBUG] (FabricLoader/Mixin) fabric-renderer-api-v1.mixins.json:client.block.render.FallingBlockCommandRendererMixin from mod fabric-renderer-api-v1->@Inject::beforeRenderMovingBlocks(Lnet/minecraft/client/render/command/BatchingRenderCommandQueue;Lnet/minecraft/client/render/VertexConsumerProvider$Immediate;Lnet/minecraft/client/render/block/BlockRenderManager;Lnet/minecraft/client/render/OutlineVertexConsumerProvider;Lorg/spongepowered/asm/mixin/injection/callback/CallbackInfo;)V has 0 override(s) in child classes
[00:31:48] [Render thread/DEBUG] (FabricLoader/Mixin) fabric-renderer-api-v1.mixins.json:client.block.render.FallingBlockCommandRendererMixin from mod fabric-renderer-api-v1->@Inject::beforeRenderMovingBlocks(Lnet/minecraft/client/render/command/BatchingRenderCommandQueue;Lnet/minecraft/client/render/VertexConsumerProvider$Immediate;Lnet/minecraft/client/render/block/BlockRenderManager;Lnet/minecraft/client/render/OutlineVertexConsumerProvider;Lorg/spongepowered/asm/mixin/injection/callback/CallbackInfo;)V won't be passed a CallbackInfo as a result
[00:31:48] [Render thread/DEBUG] (FabricLoader/Mixin) fabric-renderer-api-v1.mixins.json:client.block.render.FallingBlockCommandRendererMixin from mod fabric-renderer-api-v1->@Inject::onReturnRender(Lnet/minecraft/client/render/command/BatchingRenderCommandQueue;Lnet/minecraft/client/render/VertexConsumerProvider$Immediate;Lnet/minecraft/client/render/block/BlockRenderManager;Lnet/minecraft/client/render/OutlineVertexConsumerProvider;Lorg/spongepowered/asm/mixin/injection/callback/CallbackInfo;)V doesn't use it's CallbackInfo
[00:31:48] [Render thread/DEBUG] (FabricLoader/Mixin) fabric-renderer-api-v1.mixins.json:client.block.render.FallingBlockCommandRendererMixin from mod fabric-renderer-api-v1->@Inject::onReturnRender(Lnet/minecraft/client/render/command/BatchingRenderCommandQueue;Lnet/minecraft/client/render/VertexConsumerProvider$Immediate;Lnet/minecraft/client/render/block/BlockRenderManager;Lnet/minecraft/client/render/OutlineVertexConsumerProvider;Lorg/spongepowered/asm/mixin/injection/callback/CallbackInfo;)V has 0 override(s) in child classes
[00:31:48] [Render thread/DEBUG] (FabricLoader/Mixin) fabric-renderer-api-v1.mixins.json:client.block.render.FallingBlockCommandRendererMixin from mod fabric-renderer-api-v1->@Inject::onReturnRender(Lnet/minecraft/client/render/command/BatchingRenderCommandQueue;Lnet/minecraft/client/render/VertexConsumerProvider$Immediate;Lnet/minecraft/client/render/block/BlockRenderManager;Lnet/minecraft/client/render/OutlineVertexConsumerProvider;Lorg/spongepowered/asm/mixin/injection/callback/CallbackInfo;)V won't be passed a CallbackInfo as a result
[00:31:48] [Render thread/DEBUG] (FabricLoader/Mixin) Mixing GuiRendererMixin from fabric-rendering-v1.mixins.json into net.minecraft.client.gui.render.GuiRenderer
[00:31:48] [Render thread/DEBUG] (FabricLoader/Mixin) Renaming synthetic method lambda$substituteSpecialElementRenderer$0(Ljava/lang/Class;)Lnet/fabricmc/fabric/impl/client/rendering/SpecialGuiElementRendererPool; to md040614$fabric-rendering-v1$lambda$substituteSpecialElementRenderer$0$0 in fabric-rendering-v1.mixins.json:GuiRendererMixin from mod fabric-rendering-v1
[00:31:48] [Render thread/DEBUG] (FabricLoader/Mixin) fabric-rendering-v1.mixins.json:GuiRendererMixin from mod fabric-rendering-v1->@Inject::mutableSpecialElementRenderers(Lnet/minecraft/client/gui/render/state/GuiRenderState;Lnet/minecraft/client/render/VertexConsumerProvider$Immediate;Lnet/minecraft/client/render/command/OrderedRenderCommandQueue;Lnet/minecraft/client/render/command/RenderDispatcher;Ljava/util/List;Lorg/spongepowered/asm/mixin/injection/callback/CallbackInfo;)V doesn't use it's CallbackInfo
[00:31:48] [Render thread/DEBUG] (FabricLoader/Mixin) fabric-rendering-v1.mixins.json:GuiRendererMixin from mod fabric-rendering-v1->@Inject::mutableSpecialElementRenderers(Lnet/minecraft/client/gui/render/state/GuiRenderState;Lnet/minecraft/client/render/VertexConsumerProvider$Immediate;Lnet/minecraft/client/render/command/OrderedRenderCommandQueue;Lnet/minecraft/client/render/command/RenderDispatcher;Ljava/util/List;Lorg/spongepowered/asm/mixin/injection/callback/CallbackInfo;)V has 0 override(s) in child classes
[00:31:48] [Render thread/DEBUG] (FabricLoader/Mixin) fabric-rendering-v1.mixins.json:GuiRendererMixin from mod fabric-rendering-v1->@Inject::mutableSpecialElementRenderers(Lnet/minecraft/client/gui/render/state/GuiRenderState;Lnet/minecraft/client/render/VertexConsumerProvider$Immediate;Lnet/minecraft/client/render/command/OrderedRenderCommandQueue;Lnet/minecraft/client/render/command/RenderDispatcher;Ljava/util/List;Lorg/spongepowered/asm/mixin/injection/callback/CallbackInfo;)V won't be passed a CallbackInfo as a result
[00:31:48] [Render thread/DEBUG] (FabricLoader/Mixin) fabric-rendering-v1.mixins.json:GuiRendererMixin from mod fabric-rendering-v1->@Inject::prePrepareSpecialElements(Lorg/spongepowered/asm/mixin/injection/callback/CallbackInfo;)V doesn't use it's CallbackInfo
[00:31:48] [Render thread/DEBUG] (FabricLoader/Mixin) fabric-rendering-v1.mixins.json:GuiRendererMixin from mod fabric-rendering-v1->@Inject::prePrepareSpecialElements(Lorg/spongepowered/asm/mixin/injection/callback/CallbackInfo;)V has 0 override(s) in child classes
[00:31:48] [Render thread/DEBUG] (FabricLoader/Mixin) fabric-rendering-v1.mixins.json:GuiRendererMixin from mod fabric-rendering-v1->@Inject::prePrepareSpecialElements(Lorg/spongepowered/asm/mixin/injection/callback/CallbackInfo;)V won't be passed a CallbackInfo as a result
[00:31:48] [Render thread/DEBUG] (FabricLoader/Mixin) fabric-rendering-v1.mixins.json:GuiRendererMixin from mod fabric-rendering-v1->@Inject::postPrepareSpecialElements(Lorg/spongepowered/asm/mixin/injection/callback/CallbackInfo;)V doesn't use it's CallbackInfo
[00:31:48] [Render thread/DEBUG] (FabricLoader/Mixin) fabric-rendering-v1.mixins.json:GuiRendererMixin from mod fabric-rendering-v1->@Inject::postPrepareSpecialElements(Lorg/spongepowered/asm/mixin/injection/callback/CallbackInfo;)V has 0 override(s) in child classes
[00:31:48] [Render thread/DEBUG] (FabricLoader/Mixin) fabric-rendering-v1.mixins.json:GuiRendererMixin from mod fabric-rendering-v1->@Inject::postPrepareSpecialElements(Lorg/spongepowered/asm/mixin/injection/callback/CallbackInfo;)V won't be passed a CallbackInfo as a result
[00:31:48] [Render thread/DEBUG] (FabricLoader/Mixin) fabric-rendering-v1.mixins.json:GuiRendererMixin from mod fabric-rendering-v1->@Inject::closeRendererPools(Lorg/spongepowered/asm/mixin/injection/callback/CallbackInfo;)V doesn't use it's CallbackInfo
[00:31:48] [Render thread/DEBUG] (FabricLoader/Mixin) fabric-rendering-v1.mixins.json:GuiRendererMixin from mod fabric-rendering-v1->@Inject::closeRendererPools(Lorg/spongepowered/asm/mixin/injection/callback/CallbackInfo;)V has 0 override(s) in child classes
[00:31:48] [Render thread/DEBUG] (FabricLoader/Mixin) fabric-rendering-v1.mixins.json:GuiRendererMixin from mod fabric-rendering-v1->@Inject::closeRendererPools(Lorg/spongepowered/asm/mixin/injection/callback/CallbackInfo;)V won't be passed a CallbackInfo as a result
[00:31:48] [Render thread/DEBUG] (FabricLoader/Mixin) Mixing client.block.particle.InGameOverlayRendererMixin from fabric-renderer-api-v1.mixins.json into net.minecraft.client.gui.hud.InGameOverlayRenderer
[00:31:48] [Render thread/DEBUG] (FabricLoader/Mixin) fabric-renderer-api-v1.mixins.json:client.block.particle.InGameOverlayRendererMixin from mod fabric-renderer-api-v1->@Inject::onReturnGetInWallBlockState(Lorg/spongepowered/asm/mixin/injection/callback/CallbackInfoReturnable;)V does use it's CallbackInfoReturnable
[00:31:48] [Render thread/DEBUG] (FabricLoader/Mixin) Mixing KeyedClientResourceReloadListenerMixin from fabric-resource-loader-v1.client.mixins.json into net.minecraft.client.render.WorldRenderer
[00:31:48] [Render thread/DEBUG] (FabricLoader/Mixin) Mixing WorldRendererMixin from fabric-rendering-v1.mixins.json into net.minecraft.client.render.WorldRenderer
[00:31:48] [Render thread/DEBUG] (FabricLoader/Mixin) Mixing core.render.world.LevelRendererMixin from sodium-common.mixins.json into net.minecraft.client.render.WorldRenderer
[00:31:48] [Render thread/DEBUG] (FabricLoader/Mixin) sodium-common.mixins.json:core.render.world.LevelRendererMixin from mod sodium: Class version 65 required is higher than the class version supported by the current version of Mixin (JAVA_17 supports class version 61)
[00:31:48] [Render thread/DEBUG] (FabricLoader/Mixin) Mixing features.render.world.sky.LevelRendererMixin from sodium-common.mixins.json into net.minecraft.client.render.WorldRenderer
[00:31:48] [Render thread/DEBUG] (FabricLoader/Mixin) sodium-common.mixins.json:features.render.world.sky.LevelRendererMixin from mod sodium: Class version 65 required is higher than the class version supported by the current version of Mixin (JAVA_17 supports class version 61)
[00:31:48] [Render thread/DEBUG] (FabricLoader/Mixin) fabric-rendering-v1.mixins.json:WorldRendererMixin from mod fabric-rendering-v1->@Inject::beforeRender(Lnet/minecraft/client/util/ObjectAllocator;Lnet/minecraft/client/render/RenderTickCounter;ZLnet/minecraft/client/render/Camera;Lorg/joml/Matrix4f;Lorg/joml/Matrix4f;Lorg/joml/Matrix4f;Lcom/mojang/blaze3d/buffers/GpuBufferSlice;Lorg/joml/Vector4f;ZLorg/spongepowered/asm/mixin/injection/callback/CallbackInfo;)V doesn't use it's CallbackInfo
[00:31:48] [Render thread/DEBUG] (FabricLoader/Mixin) fabric-rendering-v1.mixins.json:WorldRendererMixin from mod fabric-rendering-v1->@Inject::beforeRender(Lnet/minecraft/client/util/ObjectAllocator;Lnet/minecraft/client/render/RenderTickCounter;ZLnet/minecraft/client/render/Camera;Lorg/joml/Matrix4f;Lorg/joml/Matrix4f;Lorg/joml/Matrix4f;Lcom/mojang/blaze3d/buffers/GpuBufferSlice;Lorg/joml/Vector4f;ZLorg/spongepowered/asm/mixin/injection/callback/CallbackInfo;)V has 0 override(s) in child classes
[00:31:48] [Render thread/DEBUG] (FabricLoader/Mixin) fabric-rendering-v1.mixins.json:WorldRendererMixin from mod fabric-rendering-v1->@Inject::beforeRender(Lnet/minecraft/client/util/ObjectAllocator;Lnet/minecraft/client/render/RenderTickCounter;ZLnet/minecraft/client/render/Camera;Lorg/joml/Matrix4f;Lorg/joml/Matrix4f;Lorg/joml/Matrix4f;Lcom/mojang/blaze3d/buffers/GpuBufferSlice;Lorg/joml/Vector4f;ZLorg/spongepowered/asm/mixin/injection/callback/CallbackInfo;)V won't be passed a CallbackInfo as a result
[00:31:48] [Render thread/DEBUG] (FabricLoader/Mixin) fabric-rendering-v1.mixins.json:WorldRendererMixin from mod fabric-rendering-v1->@Inject::afterBlockOutlineExtraction(Lnet/minecraft/client/render/Camera;Lnet/minecraft/client/render/state/WorldRenderState;Lorg/spongepowered/asm/mixin/injection/callback/CallbackInfo;)V doesn't use it's CallbackInfo
[00:31:48] [Render thread/DEBUG] (FabricLoader/Mixin) fabric-rendering-v1.mixins.json:WorldRendererMixin from mod fabric-rendering-v1->@Inject::afterBlockOutlineExtraction(Lnet/minecraft/client/render/Camera;Lnet/minecraft/client/render/state/WorldRenderState;Lorg/spongepowered/asm/mixin/injection/callback/CallbackInfo;)V has 0 override(s) in child classes
[00:31:48] [Render thread/DEBUG] (FabricLoader/Mixin) fabric-rendering-v1.mixins.json:WorldRendererMixin from mod fabric-rendering-v1->@Inject::afterBlockOutlineExtraction(Lnet/minecraft/client/render/Camera;Lnet/minecraft/client/render/state/WorldRenderState;Lorg/spongepowered/asm/mixin/injection/callback/CallbackInfo;)V won't be passed a CallbackInfo as a result
[00:31:48] [Render thread/DEBUG] (FabricLoader/Mixin) fabric-rendering-v1.mixins.json:WorldRendererMixin from mod fabric-rendering-v1->@Inject::afterBlockOutlineExtraction(Lnet/minecraft/client/render/Camera;Lnet/minecraft/client/render/state/WorldRenderState;Lorg/spongepowered/asm/mixin/injection/callback/CallbackInfo;)V doesn't use it's CallbackInfo
[00:31:48] [Render thread/DEBUG] (FabricLoader/Mixin) fabric-rendering-v1.mixins.json:WorldRendererMixin from mod fabric-rendering-v1->@Inject::afterBlockOutlineExtraction(Lnet/minecraft/client/render/Camera;Lnet/minecraft/client/render/state/WorldRenderState;Lorg/spongepowered/asm/mixin/injection/callback/CallbackInfo;)V has 0 override(s) in child classes
[00:31:48] [Render thread/DEBUG] (FabricLoader/Mixin) fabric-rendering-v1.mixins.json:WorldRendererMixin from mod fabric-rendering-v1->@Inject::afterBlockOutlineExtraction(Lnet/minecraft/client/render/Camera;Lnet/minecraft/client/render/state/WorldRenderState;Lorg/spongepowered/asm/mixin/injection/callback/CallbackInfo;)V won't be passed a CallbackInfo as a result
[00:31:48] [Render thread/DEBUG] (FabricLoader/Mixin) fabric-rendering-v1.mixins.json:WorldRendererMixin from mod fabric-rendering-v1->@Inject::afterBlockOutlineExtraction(Lnet/minecraft/client/render/Camera;Lnet/minecraft/client/render/state/WorldRenderState;Lorg/spongepowered/asm/mixin/injection/callback/CallbackInfo;)V doesn't use it's CallbackInfo
[00:31:48] [Render thread/DEBUG] (FabricLoader/Mixin) fabric-rendering-v1.mixins.json:WorldRendererMixin from mod fabric-rendering-v1->@Inject::afterBlockOutlineExtraction(Lnet/minecraft/client/render/Camera;Lnet/minecraft/client/render/state/WorldRenderState;Lorg/spongepowered/asm/mixin/injection/callback/CallbackInfo;)V has 0 override(s) in child classes
[00:31:48] [Render thread/DEBUG] (FabricLoader/Mixin) fabric-rendering-v1.mixins.json:WorldRendererMixin from mod fabric-rendering-v1->@Inject::afterBlockOutlineExtraction(Lnet/minecraft/client/render/Camera;Lnet/minecraft/client/render/state/WorldRenderState;Lorg/spongepowered/asm/mixin/injection/callback/CallbackInfo;)V won't be passed a CallbackInfo as a result
[00:31:48] [Render thread/DEBUG] (FabricLoader/Mixin) fabric-rendering-v1.mixins.json:WorldRendererMixin from mod fabric-rendering-v1->@Inject::beforeTerrainRender(Lorg/spongepowered/asm/mixin/injection/callback/CallbackInfo;)V doesn't use it's CallbackInfo
[00:31:48] [Render thread/DEBUG] (FabricLoader/Mixin) fabric-rendering-v1.mixins.json:WorldRendererMixin from mod fabric-rendering-v1->@Inject::beforeTerrainRender(Lorg/spongepowered/asm/mixin/injection/callback/CallbackInfo;)V has 0 override(s) in child classes
[00:31:48] [Render thread/DEBUG] (FabricLoader/Mixin) fabric-rendering-v1.mixins.json:WorldRendererMixin from mod fabric-rendering-v1->@Inject::beforeTerrainRender(Lorg/spongepowered/asm/mixin/injection/callback/CallbackInfo;)V won't be passed a CallbackInfo as a result
[00:31:48] [Render thread/DEBUG] (FabricLoader/Mixin) fabric-rendering-v1.mixins.json:WorldRendererMixin from mod fabric-rendering-v1->@Inject::beforeEntitySubmission(Lorg/spongepowered/asm/mixin/injection/callback/CallbackInfo;)V doesn't use it's CallbackInfo
[00:31:48] [Render thread/DEBUG] (FabricLoader/Mixin) fabric-rendering-v1.mixins.json:WorldRendererMixin from mod fabric-rendering-v1->@Inject::beforeEntitySubmission(Lorg/spongepowered/asm/mixin/injection/callback/CallbackInfo;)V has 0 override(s) in child classes
[00:31:48] [Render thread/DEBUG] (FabricLoader/Mixin) fabric-rendering-v1.mixins.json:WorldRendererMixin from mod fabric-rendering-v1->@Inject::beforeEntitySubmission(Lorg/spongepowered/asm/mixin/injection/callback/CallbackInfo;)V won't be passed a CallbackInfo as a result
[00:31:48] [Render thread/DEBUG] (FabricLoader/Mixin) fabric-rendering-v1.mixins.json:WorldRendererMixin from mod fabric-rendering-v1->@Inject::beforeDebugRender(Lorg/spongepowered/asm/mixin/injection/callback/CallbackInfo;)V doesn't use it's CallbackInfo
[00:31:48] [Render thread/DEBUG] (FabricLoader/Mixin) fabric-rendering-v1.mixins.json:WorldRendererMixin from mod fabric-rendering-v1->@Inject::beforeDebugRender(Lorg/spongepowered/asm/mixin/injection/callback/CallbackInfo;)V has 0 override(s) in child classes
[00:31:48] [Render thread/DEBUG] (FabricLoader/Mixin) fabric-rendering-v1.mixins.json:WorldRendererMixin from mod fabric-rendering-v1->@Inject::beforeDebugRender(Lorg/spongepowered/asm/mixin/injection/callback/CallbackInfo;)V won't be passed a CallbackInfo as a result
[00:31:48] [Render thread/DEBUG] (FabricLoader/Mixin) fabric-rendering-v1.mixins.json:WorldRendererMixin from mod fabric-rendering-v1->@Inject::beforeTranslucentRender(Lorg/spongepowered/asm/mixin/injection/callback/CallbackInfo;)V doesn't use it's CallbackInfo
[00:31:48] [Render thread/DEBUG] (FabricLoader/Mixin) fabric-rendering-v1.mixins.json:WorldRendererMixin from mod fabric-rendering-v1->@Inject::beforeTranslucentRender(Lorg/spongepowered/asm/mixin/injection/callback/CallbackInfo;)V has 0 override(s) in child classes
[00:31:48] [Render thread/DEBUG] (FabricLoader/Mixin) fabric-rendering-v1.mixins.json:WorldRendererMixin from mod fabric-rendering-v1->@Inject::beforeTranslucentRender(Lorg/spongepowered/asm/mixin/injection/callback/CallbackInfo;)V won't be passed a CallbackInfo as a result
[00:31:48] [Render thread/DEBUG] (FabricLoader/Mixin) fabric-rendering-v1.mixins.json:WorldRendererMixin from mod fabric-rendering-v1->@Inject::beforeDrawBlockOutline(Lnet/minecraft/client/render/VertexConsumerProvider$Immediate;Lnet/minecraft/client/util/math/MatrixStack;ZLnet/minecraft/client/render/state/WorldRenderState;Lorg/spongepowered/asm/mixin/injection/callback/CallbackInfo;)V does use it's CallbackInfo
[00:31:48] [Render thread/DEBUG] (FabricLoader/Mixin) fabric-rendering-v1.mixins.json:WorldRendererMixin from mod fabric-rendering-v1->@Inject::endMainRender(Lorg/spongepowered/asm/mixin/injection/callback/CallbackInfo;)V doesn't use it's CallbackInfo
[00:31:48] [Render thread/DEBUG] (FabricLoader/Mixin) fabric-rendering-v1.mixins.json:WorldRendererMixin from mod fabric-rendering-v1->@Inject::endMainRender(Lorg/spongepowered/asm/mixin/injection/callback/CallbackInfo;)V has 0 override(s) in child classes
[00:31:48] [Render thread/DEBUG] (FabricLoader/Mixin) fabric-rendering-v1.mixins.json:WorldRendererMixin from mod fabric-rendering-v1->@Inject::endMainRender(Lorg/spongepowered/asm/mixin/injection/callback/CallbackInfo;)V won't be passed a CallbackInfo as a result
[00:31:48] [Render thread/DEBUG] (FabricLoader/Mixin) fabric-rendering-v1.mixins.json:WorldRendererMixin from mod fabric-rendering-v1->@Inject::onReload(Lorg/spongepowered/asm/mixin/injection/callback/CallbackInfo;)V doesn't use it's CallbackInfo
[00:31:48] [Render thread/DEBUG] (FabricLoader/Mixin) fabric-rendering-v1.mixins.json:WorldRendererMixin from mod fabric-rendering-v1->@Inject::onReload(Lorg/spongepowered/asm/mixin/injection/callback/CallbackInfo;)V has 0 override(s) in child classes
[00:31:48] [Render thread/DEBUG] (FabricLoader/Mixin) fabric-rendering-v1.mixins.json:WorldRendererMixin from mod fabric-rendering-v1->@Inject::onReload(Lorg/spongepowered/asm/mixin/injection/callback/CallbackInfo;)V won't be passed a CallbackInfo as a result
[00:31:48] [Render thread/DEBUG] (FabricLoader/Mixin) sodium-common.mixins.json:core.render.world.LevelRendererMixin from mod sodium->@Inject::init(Lnet/minecraft/client/MinecraftClient;Lnet/minecraft/client/render/entity/EntityRenderManager;Lnet/minecraft/client/render/block/entity/BlockEntityRenderManager;Lnet/minecraft/client/render/BufferBuilderStorage;Lnet/minecraft/client/render/state/WorldRenderState;Lnet/minecraft/client/render/command/RenderDispatcher;Lorg/spongepowered/asm/mixin/injection/callback/CallbackInfo;)V doesn't use it's CallbackInfo
[00:31:48] [Render thread/DEBUG] (FabricLoader/Mixin) sodium-common.mixins.json:core.render.world.LevelRendererMixin from mod sodium->@Inject::init(Lnet/minecraft/client/MinecraftClient;Lnet/minecraft/client/render/entity/EntityRenderManager;Lnet/minecraft/client/render/block/entity/BlockEntityRenderManager;Lnet/minecraft/client/render/BufferBuilderStorage;Lnet/minecraft/client/render/state/WorldRenderState;Lnet/minecraft/client/render/command/RenderDispatcher;Lorg/spongepowered/asm/mixin/injection/callback/CallbackInfo;)V has 0 override(s) in child classes
[00:31:48] [Render thread/DEBUG] (FabricLoader/Mixin) sodium-common.mixins.json:core.render.world.LevelRendererMixin from mod sodium->@Inject::init(Lnet/minecraft/client/MinecraftClient;Lnet/minecraft/client/render/entity/EntityRenderManager;Lnet/minecraft/client/render/block/entity/BlockEntityRenderManager;Lnet/minecraft/client/render/BufferBuilderStorage;Lnet/minecraft/client/render/state/WorldRenderState;Lnet/minecraft/client/render/command/RenderDispatcher;Lorg/spongepowered/asm/mixin/injection/callback/CallbackInfo;)V won't be passed a CallbackInfo as a result
[00:31:48] [Render thread/DEBUG] (FabricLoader/Mixin) sodium-common.mixins.json:core.render.world.LevelRendererMixin from mod sodium->@Inject::onWorldChanged(Lnet/minecraft/client/world/ClientWorld;Lorg/spongepowered/asm/mixin/injection/callback/CallbackInfo;)V doesn't use it's CallbackInfo
[00:31:48] [Render thread/DEBUG] (FabricLoader/Mixin) sodium-common.mixins.json:core.render.world.LevelRendererMixin from mod sodium->@Inject::onWorldChanged(Lnet/minecraft/client/world/ClientWorld;Lorg/spongepowered/asm/mixin/injection/callback/CallbackInfo;)V has 0 override(s) in child classes
[00:31:48] [Render thread/DEBUG] (FabricLoader/Mixin) sodium-common.mixins.json:core.render.world.LevelRendererMixin from mod sodium->@Inject::onWorldChanged(Lnet/minecraft/client/world/ClientWorld;Lorg/spongepowered/asm/mixin/injection/callback/CallbackInfo;)V won't be passed a CallbackInfo as a result
[00:31:48] [Render thread/DEBUG] (FabricLoader/Mixin) sodium-common.mixins.json:core.render.world.LevelRendererMixin from mod sodium->@Inject::onTerrainUpdateScheduled(Lorg/spongepowered/asm/mixin/injection/callback/CallbackInfo;)V doesn't use it's CallbackInfo
[00:31:48] [Render thread/DEBUG] (FabricLoader/Mixin) sodium-common.mixins.json:core.render.world.LevelRendererMixin from mod sodium->@Inject::onTerrainUpdateScheduled(Lorg/spongepowered/asm/mixin/injection/callback/CallbackInfo;)V has 0 override(s) in child classes
[00:31:48] [Render thread/DEBUG] (FabricLoader/Mixin) sodium-common.mixins.json:core.render.world.LevelRendererMixin from mod sodium->@Inject::onTerrainUpdateScheduled(Lorg/spongepowered/asm/mixin/injection/callback/CallbackInfo;)V won't be passed a CallbackInfo as a result
[00:31:48] [Render thread/DEBUG] (FabricLoader/Mixin) sodium-common.mixins.json:core.render.world.LevelRendererMixin from mod sodium->@Inject::sodium$setMatrices(Lnet/minecraft/client/util/ObjectAllocator;Lnet/minecraft/client/render/RenderTickCounter;ZLnet/minecraft/client/render/Camera;Lorg/joml/Matrix4f;Lorg/joml/Matrix4f;Lorg/joml/Matrix4f;Lcom/mojang/blaze3d/buffers/GpuBufferSlice;Lorg/joml/Vector4f;ZLorg/spongepowered/asm/mixin/injection/callback/CallbackInfo;)V doesn't use it's CallbackInfo
[00:31:48] [Render thread/DEBUG] (FabricLoader/Mixin) sodium-common.mixins.json:core.render.world.LevelRendererMixin from mod sodium->@Inject::sodium$setMatrices(Lnet/minecraft/client/util/ObjectAllocator;Lnet/minecraft/client/render/RenderTickCounter;ZLnet/minecraft/client/render/Camera;Lorg/joml/Matrix4f;Lorg/joml/Matrix4f;Lorg/joml/Matrix4f;Lcom/mojang/blaze3d/buffers/GpuBufferSlice;Lorg/joml/Vector4f;ZLorg/spongepowered/asm/mixin/injection/callback/CallbackInfo;)V has 0 override(s) in child classes
[00:31:48] [Render thread/DEBUG] (FabricLoader/Mixin) sodium-common.mixins.json:core.render.world.LevelRendererMixin from mod sodium->@Inject::sodium$setMatrices(Lnet/minecraft/client/util/ObjectAllocator;Lnet/minecraft/client/render/RenderTickCounter;ZLnet/minecraft/client/render/Camera;Lorg/joml/Matrix4f;Lorg/joml/Matrix4f;Lorg/joml/Matrix4f;Lcom/mojang/blaze3d/buffers/GpuBufferSlice;Lorg/joml/Vector4f;ZLorg/spongepowered/asm/mixin/injection/callback/CallbackInfo;)V won't be passed a CallbackInfo as a result
[00:31:48] [Render thread/DEBUG] (FabricLoader/Mixin) sodium-common.mixins.json:core.render.world.LevelRendererMixin from mod sodium->@Inject::onReload(Lorg/spongepowered/asm/mixin/injection/callback/CallbackInfo;)V doesn't use it's CallbackInfo
[00:31:48] [Render thread/DEBUG] (FabricLoader/Mixin) sodium-common.mixins.json:core.render.world.LevelRendererMixin from mod sodium->@Inject::onReload(Lorg/spongepowered/asm/mixin/injection/callback/CallbackInfo;)V has 0 override(s) in child classes
[00:31:48] [Render thread/DEBUG] (FabricLoader/Mixin) sodium-common.mixins.json:core.render.world.LevelRendererMixin from mod sodium->@Inject::onReload(Lorg/spongepowered/asm/mixin/injection/callback/CallbackInfo;)V won't be passed a CallbackInfo as a result
[00:31:48] [Render thread/DEBUG] (FabricLoader/Mixin) sodium-common.mixins.json:core.render.world.LevelRendererMixin from mod sodium->@Inject::onReload(Lorg/spongepowered/asm/mixin/injection/callback/CallbackInfo;)V doesn't use it's CallbackInfo
[00:31:48] [Render thread/DEBUG] (FabricLoader/Mixin) sodium-common.mixins.json:core.render.world.LevelRendererMixin from mod sodium->@Inject::onReload(Lorg/spongepowered/asm/mixin/injection/callback/CallbackInfo;)V has 0 override(s) in child classes
[00:31:48] [Render thread/DEBUG] (FabricLoader/Mixin) sodium-common.mixins.json:core.render.world.LevelRendererMixin from mod sodium->@Inject::onReload(Lorg/spongepowered/asm/mixin/injection/callback/CallbackInfo;)V won't be passed a CallbackInfo as a result
[00:31:48] [Render thread/DEBUG] (FabricLoader/Mixin) sodium-common.mixins.json:core.render.world.LevelRendererMixin from mod sodium->@Inject::extractVisibleBlockEntities(Lnet/minecraft/client/render/Camera;FLnet/minecraft/client/render/state/WorldRenderState;Lorg/spongepowered/asm/mixin/injection/callback/CallbackInfo;)V does use it's CallbackInfo
[00:31:48] [Render thread/DEBUG] (FabricLoader/Mixin) sodium-common.mixins.json:features.render.world.sky.LevelRendererMixin from mod sodium->@Inject::preRenderSky(Lorg/spongepowered/asm/mixin/injection/callback/CallbackInfo;)V does use it's CallbackInfo
[00:31:48] [Render thread/DEBUG] (FabricLoader/Mixin) Mixing KeyedClientResourceReloadListenerMixin from fabric-resource-loader-v1.client.mixins.json into net.minecraft.client.render.CloudRenderer
[00:31:48] [Render thread/DEBUG] (FabricLoader/Mixin) Mixing features.render.world.clouds.CloudRendererMixin from sodium-common.mixins.json into net.minecraft.client.render.CloudRenderer
[00:31:48] [Render thread/DEBUG] (FabricLoader/Mixin) sodium-common.mixins.json:features.render.world.clouds.CloudRendererMixin from mod sodium: Class version 65 required is higher than the class version supported by the current version of Mixin (JAVA_17 supports class version 61)
[00:31:48] [Render thread/DEBUG] (FabricLoader/Mixin) Mixing features.options.weather.LevelRendererMixin from sodium-common.mixins.json into net.minecraft.client.render.WeatherRendering
[00:31:48] [Render thread/DEBUG] (FabricLoader/Mixin) sodium-common.mixins.json:features.options.weather.LevelRendererMixin from mod sodium: Class version 65 required is higher than the class version supported by the current version of Mixin (JAVA_17 supports class version 61)
[00:31:48] [Render thread/DEBUG] (FabricLoader/Mixin) Mixing KeyedClientResourceReloadListenerMixin from fabric-resource-loader-v1.client.mixins.json into net.minecraft.client.resource.VideoWarningManager
[00:31:48] [Render thread/DEBUG] (FabricLoader/Mixin) Mixing InGameHudAccessor from fabric-rendering-v1.mixins.json into net.minecraft.client.gui.hud.InGameHud
[00:31:48] [Render thread/DEBUG] (FabricLoader/Mixin) Mixing InGameHudMixin from fabric-rendering-v1.mixins.json into net.minecraft.client.gui.hud.InGameHud
[00:31:48] [Render thread/DEBUG] (FabricLoader/Mixin) Renaming synthetic method lambda$wrapSubtitlesHud$22(Lcom/llamalad7/mixinextras/injector/wrapoperation/Operation;Lnet/minecraft/client/gui/hud/InGameHud;ZLnet/minecraft/client/gui/DrawContext;Lnet/minecraft/client/render/RenderTickCounter;)V to md040614$fabric-rendering-v1$lambda$wrapSubtitlesHud$22$0 in fabric-rendering-v1.mixins.json:InGameHudMixin from mod fabric-rendering-v1
[00:31:48] [Render thread/DEBUG] (FabricLoader/Mixin) Renaming synthetic method lambda$wrapPlayerList$21(Lcom/llamalad7/mixinextras/injector/wrapoperation/Operation;Lnet/minecraft/client/gui/hud/InGameHud;Lnet/minecraft/client/gui/DrawContext;Lnet/minecraft/client/render/RenderTickCounter;)V to md040614$fabric-rendering-v1$lambda$wrapPlayerList$21$1 in fabric-rendering-v1.mixins.json:InGameHudMixin from mod fabric-rendering-v1
[00:31:48] [Render thread/DEBUG] (FabricLoader/Mixin) Renaming synthetic method lambda$wrapChat$20(Lcom/llamalad7/mixinextras/injector/wrapoperation/Operation;Lnet/minecraft/client/gui/hud/InGameHud;Lnet/minecraft/client/gui/DrawContext;Lnet/minecraft/client/render/RenderTickCounter;)V to md040614$fabric-rendering-v1$lambda$wrapChat$20$2 in fabric-rendering-v1.mixins.json:InGameHudMixin from mod fabric-rendering-v1
[00:31:48] [Render thread/DEBUG] (FabricLoader/Mixin) Renaming synthetic method lambda$wrapTitleAndSubtitle$19(Lcom/llamalad7/mixinextras/injector/wrapoperation/Operation;Lnet/minecraft/client/gui/hud/InGameHud;Lnet/minecraft/client/gui/DrawContext;Lnet/minecraft/client/render/RenderTickCounter;)V to md040614$fabric-rendering-v1$lambda$wrapTitleAndSubtitle$19$3 in fabric-rendering-v1.mixins.json:InGameHudMixin from mod fabric-rendering-v1
[00:31:48] [Render thread/DEBUG] (FabricLoader/Mixin) Renaming synthetic method lambda$wrapOverlayMessage$18(Lcom/llamalad7/mixinextras/injector/wrapoperation/Operation;Lnet/minecraft/client/gui/hud/InGameHud;Lnet/minecraft/client/gui/DrawContext;Lnet/minecraft/client/render/RenderTickCounter;)V to md040614$fabric-rendering-v1$lambda$wrapOverlayMessage$18$4 in fabric-rendering-v1.mixins.json:InGameHudMixin from mod fabric-rendering-v1
[00:31:48] [Render thread/DEBUG] (FabricLoader/Mixin) Renaming synthetic method lambda$wrapScoreboardSidebar$17(Lcom/llamalad7/mixinextras/injector/wrapoperation/Operation;Lnet/minecraft/client/gui/hud/InGameHud;Lnet/minecraft/client/gui/DrawContext;Lnet/minecraft/client/render/RenderTickCounter;)V to md040614$fabric-rendering-v1$lambda$wrapScoreboardSidebar$17$5 in fabric-rendering-v1.mixins.json:InGameHudMixin from mod fabric-rendering-v1
[00:31:48] [Render thread/DEBUG] (FabricLoader/Mixin) Renaming synthetic method lambda$wrapDemoTimer$16(Lcom/llamalad7/mixinextras/injector/wrapoperation/Operation;Lnet/minecraft/client/gui/hud/InGameHud;Lnet/minecraft/client/gui/DrawContext;Lnet/minecraft/client/render/RenderTickCounter;)V to md040614$fabric-rendering-v1$lambda$wrapDemoTimer$16$6 in fabric-rendering-v1.mixins.json:InGameHudMixin from mod fabric-rendering-v1
[00:31:48] [Render thread/DEBUG] (FabricLoader/Mixin) Renaming synthetic method lambda$wrapSleepOverlay$15(Lcom/llamalad7/mixinextras/injector/wrapoperation/Operation;Lnet/minecraft/client/gui/hud/InGameHud;Lnet/minecraft/client/gui/DrawContext;Lnet/minecraft/client/render/RenderTickCounter;)V to md040614$fabric-rendering-v1$lambda$wrapSleepOverlay$15$7 in fabric-rendering-v1.mixins.json:InGameHudMixin from mod fabric-rendering-v1
[00:31:48] [Render thread/DEBUG] (FabricLoader/Mixin) Renaming synthetic method lambda$wrapBossBarHud$14(Lcom/llamalad7/mixinextras/injector/wrapoperation/Operation;Lnet/minecraft/client/gui/hud/InGameHud;Lnet/minecraft/client/gui/DrawContext;Lnet/minecraft/client/render/RenderTickCounter;)V to md040614$fabric-rendering-v1$lambda$wrapBossBarHud$14$8 in fabric-rendering-v1.mixins.json:InGameHudMixin from mod fabric-rendering-v1
[00:31:48] [Render thread/DEBUG] (FabricLoader/Mixin) Renaming synthetic method lambda$wrapStatusEffectOverlay$13(Lcom/llamalad7/mixinextras/injector/wrapoperation/Operation;Lnet/minecraft/client/gui/hud/InGameHud;Lnet/minecraft/client/gui/DrawContext;Lnet/minecraft/client/render/RenderTickCounter;)V to md040614$fabric-rendering-v1$lambda$wrapStatusEffectOverlay$13$9 in fabric-rendering-v1.mixins.json:InGameHudMixin from mod fabric-rendering-v1
[00:31:48] [Render thread/DEBUG] (FabricLoader/Mixin) Renaming synthetic method lambda$wrapRenderSpectatorHud$12(Lcom/llamalad7/mixinextras/injector/wrapoperation/Operation;Lnet/minecraft/client/gui/hud/SpectatorHud;Lnet/minecraft/client/gui/DrawContext;Lnet/minecraft/client/render/RenderTickCounter;)V to md040614$fabric-rendering-v1$lambda$wrapRenderSpectatorHud$12$a in fabric-rendering-v1.mixins.json:InGameHudMixin from mod fabric-rendering-v1
[00:31:48] [Render thread/DEBUG] (FabricLoader/Mixin) Renaming synthetic method lambda$wrapHeldItemTooltip$11(Lcom/llamalad7/mixinextras/injector/wrapoperation/Operation;Lnet/minecraft/client/gui/hud/InGameHud;Lnet/minecraft/client/gui/DrawContext;Lnet/minecraft/client/render/RenderTickCounter;)V to md040614$fabric-rendering-v1$lambda$wrapHeldItemTooltip$11$b in fabric-rendering-v1.mixins.json:InGameHudMixin from mod fabric-rendering-v1
[00:31:48] [Render thread/DEBUG] (FabricLoader/Mixin) Renaming synthetic method lambda$wrapExperienceLevel$10(Lcom/llamalad7/mixinextras/injector/wrapoperation/Operation;Lnet/minecraft/client/font/TextRenderer;ILnet/minecraft/client/gui/DrawContext;Lnet/minecraft/client/render/RenderTickCounter;)V to md040614$fabric-rendering-v1$lambda$wrapExperienceLevel$10$c in fabric-rendering-v1.mixins.json:InGameHudMixin from mod fabric-rendering-v1
[00:31:48] [Render thread/DEBUG] (FabricLoader/Mixin) Renaming synthetic method lambda$wrapRenderBar$9(Lcom/llamalad7/mixinextras/injector/wrapoperation/Operation;Lnet/minecraft/client/gui/hud/bar/Bar;Lnet/minecraft/client/gui/DrawContext;Lnet/minecraft/client/render/RenderTickCounter;)V to md040614$fabric-rendering-v1$lambda$wrapRenderBar$9$d in fabric-rendering-v1.mixins.json:InGameHudMixin from mod fabric-rendering-v1
[00:31:48] [Render thread/DEBUG] (FabricLoader/Mixin) Renaming synthetic method lambda$wrapMountHealth$8(Lcom/llamalad7/mixinextras/injector/wrapoperation/Operation;Lnet/minecraft/client/gui/hud/InGameHud;Lnet/minecraft/client/gui/DrawContext;Lnet/minecraft/client/render/RenderTickCounter;)V to md040614$fabric-rendering-v1$lambda$wrapMountHealth$8$e in fabric-rendering-v1.mixins.json:InGameHudMixin from mod fabric-rendering-v1
[00:31:48] [Render thread/DEBUG] (FabricLoader/Mixin) Renaming synthetic method lambda$wrapAirBar$7(Lcom/llamalad7/mixinextras/injector/wrapoperation/Operation;Lnet/minecraft/client/gui/hud/InGameHud;Lnet/minecraft/entity/player/PlayerEntity;IIILnet/minecraft/client/gui/DrawContext;Lnet/minecraft/client/render/RenderTickCounter;)V to md040614$fabric-rendering-v1$lambda$wrapAirBar$7$f in fabric-rendering-v1.mixins.json:InGameHudMixin from mod fabric-rendering-v1
[00:31:48] [Render thread/DEBUG] (FabricLoader/Mixin) Renaming synthetic method lambda$wrapFoodBar$6(Lcom/llamalad7/mixinextras/injector/wrapoperation/Operation;Lnet/minecraft/client/gui/hud/InGameHud;Lnet/minecraft/entity/player/PlayerEntity;IILnet/minecraft/client/gui/DrawContext;Lnet/minecraft/client/render/RenderTickCounter;)V to md040614$fabric-rendering-v1$lambda$wrapFoodBar$6$10 in fabric-rendering-v1.mixins.json:InGameHudMixin from mod fabric-rendering-v1
[00:31:48] [Render thread/DEBUG] (FabricLoader/Mixin) Renaming synthetic method lambda$wrapHealthBar$5(Lcom/llamalad7/mixinextras/injector/wrapoperation/Operation;Lnet/minecraft/client/gui/hud/InGameHud;Lnet/minecraft/entity/player/PlayerEntity;IIIIFIIIZLnet/minecraft/client/gui/DrawContext;Lnet/minecraft/client/render/RenderTickCounter;)V to md040614$fabric-rendering-v1$lambda$wrapHealthBar$5$11 in fabric-rendering-v1.mixins.json:InGameHudMixin from mod fabric-rendering-v1
[00:31:48] [Render thread/DEBUG] (FabricLoader/Mixin) Renaming synthetic method lambda$wrapArmorBar$4(Lcom/llamalad7/mixinextras/injector/wrapoperation/Operation;Lnet/minecraft/entity/player/PlayerEntity;IIIILnet/minecraft/client/gui/DrawContext;Lnet/minecraft/client/render/RenderTickCounter;)V to md040614$fabric-rendering-v1$lambda$wrapArmorBar$4$12 in fabric-rendering-v1.mixins.json:InGameHudMixin from mod fabric-rendering-v1
[00:31:48] [Render thread/DEBUG] (FabricLoader/Mixin) Renaming synthetic method lambda$wrapHotbar$3(Lcom/llamalad7/mixinextras/injector/wrapoperation/Operation;Lnet/minecraft/client/gui/hud/InGameHud;Lnet/minecraft/client/gui/DrawContext;Lnet/minecraft/client/render/RenderTickCounter;)V to md040614$fabric-rendering-v1$lambda$wrapHotbar$3$13 in fabric-rendering-v1.mixins.json:InGameHudMixin from mod fabric-rendering-v1
[00:31:48] [Render thread/DEBUG] (FabricLoader/Mixin) Renaming synthetic method lambda$wrapSpectatorMenu$2(Lcom/llamalad7/mixinextras/injector/wrapoperation/Operation;Lnet/minecraft/client/gui/hud/SpectatorHud;Lnet/minecraft/client/gui/DrawContext;Lnet/minecraft/client/render/RenderTickCounter;)V to md040614$fabric-rendering-v1$lambda$wrapSpectatorMenu$2$14 in fabric-rendering-v1.mixins.json:InGameHudMixin from mod fabric-rendering-v1
[00:31:48] [Render thread/DEBUG] (FabricLoader/Mixin) Renaming synthetic method lambda$wrapCrosshair$1(Lcom/llamalad7/mixinextras/injector/wrapoperation/Operation;Lnet/minecraft/client/gui/hud/InGameHud;Lnet/minecraft/client/gui/DrawContext;Lnet/minecraft/client/render/RenderTickCounter;)V to md040614$fabric-rendering-v1$lambda$wrapCrosshair$1$15 in fabric-rendering-v1.mixins.json:InGameHudMixin from mod fabric-rendering-v1
[00:31:48] [Render thread/DEBUG] (FabricLoader/Mixin) Renaming synthetic method lambda$wrapMiscOverlays$0(Lcom/llamalad7/mixinextras/injector/wrapoperation/Operation;Lnet/minecraft/client/gui/hud/InGameHud;Lnet/minecraft/client/gui/DrawContext;Lnet/minecraft/client/render/RenderTickCounter;)V to md040614$fabric-rendering-v1$lambda$wrapMiscOverlays$0$16 in fabric-rendering-v1.mixins.json:InGameHudMixin from mod fabric-rendering-v1
[00:31:48] [Render thread/DEBUG] (FabricLoader/Mixin) Mixing features.options.overlays.GuiMixin from sodium-common.mixins.json into net.minecraft.client.gui.hud.InGameHud
[00:31:48] [Render thread/DEBUG] (FabricLoader/Mixin) sodium-common.mixins.json:features.options.overlays.GuiMixin from mod sodium: Class version 65 required is higher than the class version supported by the current version of Mixin (JAVA_17 supports class version 61)
[00:31:48] [Render thread/DEBUG] (FabricLoader/Mixin) fabric-rendering-v1.mixins.json:InGameHudMixin from mod fabric-rendering-v1->@Inject::render(Lnet/minecraft/client/gui/DrawContext;Lnet/minecraft/client/render/RenderTickCounter;Lorg/spongepowered/asm/mixin/injection/callback/CallbackInfo;)V doesn't use it's CallbackInfo
[00:31:48] [Render thread/DEBUG] (FabricLoader/Mixin) fabric-rendering-v1.mixins.json:InGameHudMixin from mod fabric-rendering-v1->@Inject::render(Lnet/minecraft/client/gui/DrawContext;Lnet/minecraft/client/render/RenderTickCounter;Lorg/spongepowered/asm/mixin/injection/callback/CallbackInfo;)V has 0 override(s) in child classes
[00:31:48] [Render thread/DEBUG] (FabricLoader/Mixin) fabric-rendering-v1.mixins.json:InGameHudMixin from mod fabric-rendering-v1->@Inject::render(Lnet/minecraft/client/gui/DrawContext;Lnet/minecraft/client/render/RenderTickCounter;Lorg/spongepowered/asm/mixin/injection/callback/CallbackInfo;)V won't be passed a CallbackInfo as a result
[00:31:48] [Render thread/DEBUG] (FabricLoader/Mixin) Mixing BossHealthOverlayMixin from jade.mixins.json into net.minecraft.client.gui.hud.BossBarHud
[00:31:48] [Render thread/DEBUG] (FabricLoader/Mixin) jade.mixins.json:BossHealthOverlayMixin from mod jade->@Inject::jade$render(Lnet/minecraft/client/gui/DrawContext;Lorg/spongepowered/asm/mixin/injection/callback/CallbackInfo;)V does use it's CallbackInfo
[00:31:48] [Render thread/DEBUG] (FabricLoader/Mixin) jade.mixins.json:BossHealthOverlayMixin from mod jade->@Inject::jade$captureHeight(Lnet/minecraft/client/gui/DrawContext;Lorg/spongepowered/asm/mixin/injection/callback/CallbackInfo;)V doesn't use it's CallbackInfo
[00:31:48] [Render thread/DEBUG] (FabricLoader/Mixin) jade.mixins.json:BossHealthOverlayMixin from mod jade->@Inject::jade$captureHeight(Lnet/minecraft/client/gui/DrawContext;Lorg/spongepowered/asm/mixin/injection/callback/CallbackInfo;)V has 0 override(s) in child classes
[00:31:48] [Render thread/DEBUG] (FabricLoader/Mixin) jade.mixins.json:BossHealthOverlayMixin from mod jade->@Inject::jade$captureHeight(Lnet/minecraft/client/gui/DrawContext;Lorg/spongepowered/asm/mixin/injection/callback/CallbackInfo;)V won't be passed a CallbackInfo as a result
[00:31:48] [Render thread/DEBUG] (FabricLoader/Mixin) Mixing ResourceMixin from fabric-resource-loader-v0.mixins.json into net.minecraft.resource.Resource
[00:31:48] [Render thread/ERROR] (com.mojang.text2speech.Narrator) Error while loading the narrator
com.mojang.text2speech.Narrator$InitializeException: Failed to load library flite
	at knot/com.mojang.text2speech.NarratorLinux$FliteLibrary.loadNative(NarratorLinux.java:81) ~[text2speech-1.18.11.jar:?]
	at knot/com.mojang.text2speech.NarratorLinux.<init>(NarratorLinux.java:18) ~[text2speech-1.18.11.jar:?]
	at knot/com.mojang.text2speech.Narrator.getNarrator(Narrator.java:41) [text2speech-1.18.11.jar:?]
	at knot/net.minecraft.client.util.NarratorManager.<init>(NarratorManager.java) [minecraft-clientOnly-6227aad8ee-1.21.10-net.fabricmc.yarn.1_21_10.1.21.10+build.3-v2.jar:?]
	at knot/net.minecraft.client.MinecraftClient.<init>(MinecraftClient.java:752) [minecraft-clientOnly-6227aad8ee-1.21.10-net.fabricmc.yarn.1_21_10.1.21.10+build.3-v2.jar:?]
	at knot/net.minecraft.client.main.Main.main(Main.java:208) [minecraft-clientOnly-6227aad8ee-1.21.10-net.fabricmc.yarn.1_21_10.1.21.10+build.3-v2.jar:?]
	at net.fabricmc.loader.impl.game.minecraft.MinecraftGameProvider.launch(MinecraftGameProvider.java:514) [fabric-loader-0.18.4.jar:?]
	at net.fabricmc.loader.impl.launch.knot.Knot.launch(Knot.java:72) [fabric-loader-0.18.4.jar:?]
	at net.fabricmc.loader.impl.launch.knot.KnotClient.main(KnotClient.java:23) [fabric-loader-0.18.4.jar:?]
	at net.fabricmc.devlaunchinjector.Main.main(Main.java:86) [dev-launch-injector-0.2.1+build.8.jar:?]
Caused by: java.lang.UnsatisfiedLinkError: Unable to load library 'flite':
libflite.so: cannot open shared object file: No such file or directory
libflite.so: cannot open shared object file: No such file or directory
Native library (linux-x86-64/libflite.so) not found in resource path (/home/truswo/IdeaProjects/accidental-sweeping-edge/build/classes/java/client:/home/truswo/IdeaProjects/accidental-sweeping-edge/build/resources/client:/home/truswo/.gradle/caches/fabric-loom/1.21.10/net.fabricmc.yarn.1_21_10.1.21.10+build.3-v2/mappings.jar:/home/truswo/.gradle/caches/modules-2/files-2.1/org.ow2.asm/asm/9.9/c29635c8a7afa03d74b33c1884df8abb2b3f3dcc/asm-9.9.jar:/home/truswo/.gradle/caches/modules-2/files-2.1/org.ow2.asm/asm-analysis/9.9/bf4fa6e66638851c1cd22c2caea0c3ee5d5f437/asm-analysis-9.9.jar:/home/truswo/.gradle/caches/modules-2/files-2.1/org.ow2.asm/asm-commons/9.9/db9165a3bf908ded6b08612d583a15d1d0c7bda0/asm-commons-9.9.jar:/home/truswo/.gradle/caches/modules-2/files-2.1/org.ow2.asm/asm-tree/9.9/f8de6eead6d24dd0f45bd065bbe112b2cda6ea21/asm-tree-9.9.jar:/home/truswo/.gradle/caches/modules-2/files-2.1/org.ow2.asm/asm-util/9.9/42fdfc0508b43807c8078d6e82ecff2ce2112ae8/asm-util-9.9.jar:/home/truswo/.gradle/caches/modules-2/files-2.1/net.fabricmc/sponge-mixin/0.17.0+mixin.0.8.7/cf31463202f72d03b0ef1e1e38e8ee71b7faaab6/sponge-mixin-0.17.0+mixin.0.8.7.jar:/home/truswo/.gradle/caches/modules-2/files-2.1/io.github.llamalad7/mixinextras-fabric/0.5.0/91a83dfb7abd320f6236bd1fcf5c0ff143d59a13/mixinextras-fabric-0.5.0.jar:/home/truswo/.gradle/caches/modules-2/files-2.1/net.fabricmc/dev-launch-injector/0.2.1+build.8/da8bef7e6e2f952da707f282bdb46882a0fce5e3/dev-launch-injector-0.2.1+build.8.jar:/home/truswo/.gradle/caches/modules-2/files-2.1/net.fabricmc/fabric-log4j-util/1.0.2/ef0b3fb613356feb75a67d54f2fad6f03a006648/fabric-log4j-util-1.0.2.jar:/home/truswo/.gradle/caches/modules-2/files-2.1/com.fasterxml.jackson.core/jackson-annotations/2.13.4/858c6cc78e1f08a885b1613e1d817c829df70a6e/jackson-annotations-2.13.4.jar:/home/truswo/.gradle/caches/modules-2/files-2.1/com.fasterxml.jackson.core/jackson-core/2.13.4/cf934c681294b97ef6d80082faeefbe1edadf56/jackson-core-2.13.4.jar:/home/truswo/.gradle/caches/modules-2/files-2.1/com.fasterxml.jackson.core/jackson-databind/2.13.4.2/325c06bdfeb628cfb80ebaaf1a26cc1eb558a585/jackson-databind-2.13.4.2.jar:/home/truswo/.gradle/caches/modules-2/files-2.1/com.github.oshi/oshi-core/6.6.5/e1099981fd15dc4236c4499d82aba1276fb43a9a/oshi-core-6.6.5.jar:/home/truswo/.gradle/caches/modules-2/files-2.1/com.github.stephenc.jcip/jcip-annotations/1.0-1/ef31541dd28ae2cefdd17c7ebf352d93e9058c63/jcip-annotations-1.0-1.jar:/home/truswo/.gradle/caches/modules-2/files-2.1/com.google.code.gson/gson/2.11.0/527175ca6d81050b53bdd4c457a6d6e017626b0e/gson-2.11.0.jar:/home/truswo/.gradle/caches/modules-2/files-2.1/com.google.guava/failureaccess/1.0.2/c4a06a64e650562f30b7bf9aaec1bfed43aca12b/failureaccess-1.0.2.jar:/home/truswo/.gradle/caches/modules-2/files-2.1/com.google.guava/guava/33.3.1-jre/852f8b363da0111e819460021ca693cacca3e8db/guava-33.3.1-jre.jar:/home/truswo/.gradle/caches/modules-2/files-2.1/com.ibm.icu/icu4j/76.1/215f3a8e936d4069344bd75f2b1368fd58112894/icu4j-76.1.jar:/home/truswo/.gradle/caches/modules-2/files-2.1/com.microsoft.azure/msal4j/1.17.2/a6211e3d71d0388929babaa0ff0951b30d001852/msal4j-1.17.2.jar:/home/truswo/.gradle/caches/modules-2/files-2.1/com.mojang/authlib/7.0.61/efee1e6b54e863108576eb3b3ae71144626aaefc/authlib-7.0.61.jar:/home/truswo/.gradle/caches/modules-2/files-2.1/com.mojang/blocklist/1.0.10/5c685c5ffa94c4cd39496c7184c1d122e515ecef/blocklist-1.0.10.jar:/home/truswo/.gradle/caches/modules-2/files-2.1/com.mojang/brigadier/1.3.10/d15b53a14cf20fdcaa98f731af5dda654452c010/brigadier-1.3.10.jar:/home/truswo/.gradle/caches/modules-2/files-2.1/com.mojang/datafixerupper/8.0.16/67d4de6d7f95d89bcf5862995fb854ebaec02a34/datafixerupper-8.0.16.jar:/home/truswo/.gradle/caches/modules-2/files-2.1/com.mojang/jtracy/1.0.36/20a63d06b621bfeb3cb21ef51b7fa40c0fc22021/jtracy-1.0.36.jar:/home/truswo/.gradle/caches/modules-2/files-2.1/com.mojang/jtracy/1.0.36/8f2967c139b024bf80024a3eab63e906c3ee2e5b/jtracy-1.0.36-natives-linux.jar:/home/truswo/.gradle/caches/modules-2/files-2.1/com.mojang/logging/1.5.10/9ab1202793717af9df9c1704d0a02892067001eb/logging-1.5.10.jar:/home/truswo/.gradle/caches/modules-2/files-2.1/com.mojang/patchy/2.2.10/da05971b07cbb379d002cf7eaec6a2048211fefc/patchy-2.2.10.jar:/home/truswo/.gradle/caches/modules-2/files-2.1/com.mojang/text2speech/1.18.11/e853a12cdd6ba4f4836e8f4bf3b37844a13482b6/text2speech-1.18.11.jar:/home/truswo/.gradle/caches/modules-2/files-2.1/com.nimbusds/content-type/2.3/e3aa0be212d7a42839a8f3f506f5b990bcce0222/content-type-2.3.jar:/home/truswo/.gradle/caches/modules-2/files-2.1/com.nimbusds/lang-tag/1.7/97c73ecd70bc7e8eefb26c5eea84f251a63f1031/lang-tag-1.7.jar:/home/truswo/.gradle/caches/modules-2/files-2.1/com.nimbusds/nimbus-jose-jwt/9.40/42b1dfa0360e4062951b070bac52dd8d96fd7b38/nimbus-jose-jwt-9.40.jar:/home/truswo/.gradle/caches/modules-2/files-2.1/com.nimbusds/oauth2-oidc-sdk/11.18/7c7ec4f4066625ff07a711ad856fa04da1ff9de/oauth2-oidc-sdk-11.18.jar:/home/truswo/.gradle/caches/modules-2/files-2.1/commons-codec/commons-codec/1.17.1/973638b7149d333563584137ebf13a691bb60579/commons-codec-1.17.1.jar:/home/truswo/.gradle/caches/modules-2/files-2.1/commons-io/commons-io/2.17.0/ddcc8433eb019fb48fe25207c0278143f3e1d7e2/commons-io-2.17.0.jar:/home/truswo/.gradle/caches/modules-2/files-2.1/commons-logging/commons-logging/1.3.4/b9fc14968d63a8b8a8a2c1885fe3e90564239708/commons-logging-1.3.4.jar:/home/truswo/.gradle/caches/modules-2/files-2.1/io.netty/netty-buffer/4.1.118.Final/7022990af1e0d449f9d5322035899745e19735c5/netty-buffer-4.1.118.Final.jar:/home/truswo/.gradle/caches/modules-2/files-2.1/io.netty/netty-codec-http/4.1.118.Final/eda08a71294afe78c779b85fd696bc13491507a8/netty-codec-http-4.1.118.Final.jar:/home/truswo/.gradle/caches/modules-2/files-2.1/io.netty/netty-codec/4.1.118.Final/307f665c08ce57333121de4f460479fc0c3c94d4/netty-codec-4.1.118.Final.jar:/home/truswo/.gradle/caches/modules-2/files-2.1/io.netty/netty-common/4.1.118.Final/4bb0f9899146484fa89f7b9bc27389d5b8e2ecde/netty-common-4.1.118.Final.jar:/home/truswo/.gradle/caches/modules-2/files-2.1/io.netty/netty-handler/4.1.118.Final/30ebb05b6b0fb071dbfcf713017c4a767a97bb9b/netty-handler-4.1.118.Final.jar:/home/truswo/.gradle/caches/modules-2/files-2.1/io.netty/netty-resolver/4.1.118.Final/28c378c19c1779eca1104b400452627f3ebc4aea/netty-resolver-4.1.118.Final.jar:/home/truswo/.gradle/caches/modules-2/files-2.1/io.netty/netty-transport-classes-epoll/4.1.118.Final/376ce95507066f0e755d97c1c8bcd6c33f657617/netty-transport-classes-epoll-4.1.118.Final.jar:/home/truswo/.gradle/caches/modules-2/files-2.1/io.netty/netty-transport-native-epoll/4.1.118.Final/82f94d0a9d837f6b6a580379373310ff7288c0f8/netty-transport-native-epoll-4.1.118.Final-linux-aarch_64.jar:/home/truswo/.gradle/caches/modules-2/files-2.1/io.netty/netty-transport-native-epoll/4.1.118.Final/7e6b89e3746acb7cf6f0aad993bbd058fc6d912e/netty-transport-native-epoll-4.1.118.Final-linux-x86_64.jar:/home/truswo/.gradle/caches/modules-2/files-2.1/io.netty/netty-transport-native-unix-common/4.1.118.Final/9da25a94e6a0edac90da0bc7894e5a54efcb866b/netty-transport-native-unix-common-4.1.118.Final.jar:/home/truswo/.gradle/caches/modules-2/files-2.1/io.netty/netty-transport/4.1.118.Final/5a27232e5d08218722d94ca14f0b1b4576e7711c/netty-transport-4.1.118.Final.jar:/home/truswo/.gradle/caches/modules-2/files-2.1/it.unimi.dsi/fastutil/8.5.15/1e885b40c9563ab0d3899b871fd0b30e958705dc/fastutil-8.5.15.jar:/home/truswo/.gradle/caches/modules-2/files-2.1/net.java.dev.jna/jna-platform/5.15.0/86b502cad57d45da172b5e3231c537b042e296ef/jna-platform-5.15.0.jar:/home/truswo/.gradle/caches/modules-2/files-2.1/net.java.dev.jna/jna/5.15.0/1ee1d80ff44f08280188f7c0e740d57207841ac/jna-5.15.0.jar:/home/truswo/.gradle/caches/modules-2/files-2.1/net.minidev/accessors-smart/2.5.1/19b820261eb2e7de7d5bde11d1c06e4501dd7e5f/accessors-smart-2.5.1.jar:/home/truswo/.gradle/caches/modules-2/files-2.1/net.minidev/json-smart/2.5.1/4c11d2808d009132dfbbf947ebf37de6bf266c8e/json-smart-2.5.1.jar:/home/truswo/.gradle/caches/modules-2/files-2.1/net.sf.jopt-simple/jopt-simple/5.0.4/4fdac2fbe92dfad86aa6e9301736f6b4342a3f5c/jopt-simple-5.0.4.jar:/home/truswo/.gradle/caches/modules-2/files-2.1/org.apache.commons/commons-compress/1.27.1/a19151084758e2fbb6b41eddaa88e7b8ff4e6599/commons-compress-1.27.1.jar:/home/truswo/.gradle/caches/modules-2/files-2.1/org.apache.commons/commons-lang3/3.17.0/b17d2136f0460dcc0d2016ceefca8723bdf4ee70/commons-lang3-3.17.0.jar:/home/truswo/.gradle/caches/modules-2/files-2.1/org.apache.httpcomponents/httpclient/4.5.14/1194890e6f56ec29177673f2f12d0b8e627dec98/httpclient-4.5.14.jar:/home/truswo/.gradle/caches/modules-2/files-2.1/org.apache.httpcomponents/httpcore/4.4.16/51cf043c87253c9f58b539c9f7e44c8894223850/httpcore-4.4.16.jar:/home/truswo/.gradle/caches/modules-2/files-2.1/org.apache.logging.log4j/log4j-api/2.24.1/7ebeb12c20606373005af4232cd0ecca72613dda/log4j-api-2.24.1.jar:/home/truswo/.gradle/caches/modules-2/files-2.1/org.apache.logging.log4j/log4j-core/2.24.1/c85285146f28d8c8962384f786e2dff04172fb43/log4j-core-2.24.1.jar:/home/truswo/.gradle/caches/modules-2/files-2.1/org.apache.logging.log4j/log4j-slf4j2-impl/2.24.1/8e3ddc96464ef7f768823e7e001a52b23de8cd0a/log4j-slf4j2-impl-2.24.1.jar:/home/truswo/.gradle/caches/modules-2/files-2.1/org.jcraft/jorbis/0.0.17/8872d22b293e8f5d7d56ff92be966e6dc28ebdc6/jorbis-0.0.17.jar:/home/truswo/.gradle/caches/modules-2/files-2.1/org.joml/joml/1.10.8/fc0a71dad90a2cf41d82a76156a0e700af8e4f8d/joml-1.10.8.jar:/home/truswo/.gradle/caches/modules-2/files-2.1/org.lwjgl/lwjgl-freetype/3.3.3/a0db6c84a8becc8ca05f9dbfa985edc348a824c7/lwjgl-freetype-3.3.3.jar:/home/truswo/.gradle/caches/modules-2/files-2.1/org.lwjgl/lwjgl-freetype/3.3.3/149070a5480900347071b7074779531f25a6e3dc/lwjgl-freetype-3.3.3-natives-linux.jar:/home/truswo/.gradle/caches/modules-2/files-2.1/org.lwjgl/lwjgl-glfw/3.3.3/efa1eb78c5ccd840e9f329717109b5e892d72f8e/lwjgl-glfw-3.3.3.jar:/home/truswo/.gradle/caches/modules-2/files-2.1/org.lwjgl/lwjgl-glfw/3.3.3/a03684c5e4b1b1dbbe0d29dbbdc27b985b6840f2/lwjgl-glfw-3.3.3-natives-linux.jar:/home/truswo/.gradle/caches/modules-2/files-2.1/org.lwjgl/lwjgl-jemalloc/3.3.3/b543467b7ff3c6920539a88ee602d34098628be5/lwjgl-jemalloc-3.3.3.jar:/home/truswo/.gradle/caches/modules-2/files-2.1/org.lwjgl/lwjgl-jemalloc/3.3.3/4f86728bf449b1dd61251c4e0ac01df1389cb51e/lwjgl-jemalloc-3.3.3-natives-linux.jar:/home/truswo/.gradle/caches/modules-2/files-2.1/org.lwjgl/lwjgl-openal/3.3.3/daada81ceb5fc0c291fbfdd4433cb8d9423577f2/lwjgl-openal-3.3.3.jar:/home/truswo/.gradle/caches/modules-2/files-2.1/org.lwjgl/lwjgl-openal/3.3.3/3037360cc4595079bea240af250b6d1a527e0905/lwjgl-openal-3.3.3-natives-linux.jar:/home/truswo/.gradle/caches/modules-2/files-2.1/org.lwjgl/lwjgl-opengl/3.3.3/2f6b0147078396a58979125a4c947664e98293a/lwjgl-opengl-3.3.3.jar:/home/truswo/.gradle/caches/modules-2/files-2.1/org.lwjgl/lwjgl-opengl/3.3.3/62c70a4b00ca5391882b0f4b787c1588d24f1c86/lwjgl-opengl-3.3.3-natives-linux.jar:/home/truswo/.gradle/caches/modules-2/files-2.1/org.lwjgl/lwjgl-stb/3.3.3/25dd6161988d7e65f71d5065c99902402ee32746/lwjgl-stb-3.3.3.jar:/home/truswo/.gradle/caches/modules-2/files-2.1/org.lwjgl/lwjgl-stb/3.3.3/fd1271ccd9d85eff2fa31f3fd543e02ccfaf5041/lwjgl-stb-3.3.3-natives-linux.jar:/home/truswo/.gradle/caches/modules-2/files-2.1/org.lwjgl/lwjgl-tinyfd/3.3.3/82d755ca94b102e9ca77283b9e2dc46d1b15fbe5/lwjgl-tinyfd-3.3.3.jar:/home/truswo/.gradle/caches/modules-2/files-2.1/org.lwjgl/lwjgl-tinyfd/3.3.3/d8d58daa0c3e5fd906fee96f5fddbcbc07cc308b/lwjgl-tinyfd-3.3.3-natives-linux.jar:/home/truswo/.gradle/caches/modules-2/files-2.1/org.lwjgl/lwjgl/3.3.3/29589b5f87ed335a6c7e7ee6a5775f81f97ecb84/lwjgl-3.3.3.jar:/home/truswo/.gradle/caches/modules-2/files-2.1/org.lwjgl/lwjgl/3.3.3/1713758e3660ba66e1e954396fd18126038b33c0/lwjgl-3.3.3-natives-linux.jar:/home/truswo/.gradle/caches/modules-2/files-2.1/org.lz4/lz4-java/1.8.0/4b986a99445e49ea5fbf5d149c4b63f6ed6c6780/lz4-java-1.8.0.jar:/home/truswo/.gradle/caches/modules-2/files-2.1/org.slf4j/slf4j-api/2.0.16/172931663a09a1fa515567af5fbef00897d3c04/slf4j-api-2.0.16.jar:/home/truswo/IdeaProjects/accidental-sweeping-edge/.gradle/loom-cache/minecraftMaven/net/minecraft/minecraft-clientOnly-c9d3ddc759/1.21.10-net.fabricmc.yarn.1_21_10.1.21.10+build.3-v2/minecraft-clientOnly-c9d3ddc759-1.21.10-net.fabricmc.yarn.1_21_10.1.21.10+build.3-v2.jar:/home/truswo/IdeaProjects/accidental-sweeping-edge/.gradle/loom-cache/minecraftMaven/net/minecraft/minecraft-common-c9d3ddc759/1.21.10-net.fabricmc.yarn.1_21_10.1.21.10+build.3-v2/minecraft-common-c9d3ddc759-1.21.10-net.fabricmc.yarn.1_21_10.1.21.10+build.3-v2.jar:/home/truswo/IdeaProjects/accidental-sweeping-edge/.gradle/loom-cache/remapped_mods/remapped/net/fabricmc/fabric-api/fabric-transfer-api-v1-1312b3c0-client/6.0.15+79ec2c126f/fabric-transfer-api-v1-1312b3c0-client-6.0.15+79ec2c126f.jar:/home/truswo/IdeaProjects/accidental-sweeping-edge/.gradle/loom-cache/remapped_mods/remapped/net/fabricmc/fabric-api/fabric-command-api-v2-1312b3c0-client/2.4.0+c0ab2d5d6f/fabric-command-api-v2-1312b3c0-client-2.4.0+c0ab2d5d6f.jar:/home/truswo/IdeaProjects/accidental-sweeping-edge/.gradle/loom-cache/remapped_mods/remapped/net/fabricmc/fabric-api/fabric-data-generation-api-v1-1312b3c0-client/23.2.27+d8b85ef16f/fabric-data-generation-api-v1-1312b3c0-client-23.2.27+d8b85ef16f.jar:/home/truswo/IdeaProjects/accidental-sweeping-edge/.gradle/loom-cache/remapped_mods/remapped/net/fabricmc/fabric-api/fabric-data-attachment-api-v1-1312b3c0-client/1.8.33+cd3b9e596f/fabric-data-attachment-api-v1-1312b3c0-client-1.8.33+cd3b9e596f.jar:/home/truswo/IdeaProjects/accidental-sweeping-edge/.gradle/loom-cache/remapped_mods/remapped/net/fabricmc/fabric-api/fabric-events-interaction-v0-1312b3c0-client/4.0.36+5ba217126f/fabric-events-interaction-v0-1312b3c0-client-4.0.36+5ba217126f.jar:/home/truswo/IdeaProjects/accidental-sweeping-edge/.gradle/loom-cache/remapped_mods/remapped/net/fabricmc/fabric-api/fabric-item-api-v1-1312b3c0-client/11.5.11+9bce411b6f/fabric-item-api-v1-1312b3c0-client-11.5.11+9bce411b6f.jar:/home/truswo/IdeaProjects/accidental-sweeping-edge/.gradle/loom-cache/remapped_mods/remapped/net/fabricmc/fabric-api/fabric-item-group-api-v1-1312b3c0-client/4.2.27+86b3ae576f/fabric-item-group-api-v1-1312b3c0-client-4.2.27+86b3ae576f.jar:/home/truswo/IdeaProjects/accidental-sweeping-edge/.gradle/loom-cache/remapped_mods/remapped/net/fabricmc/fabric-api/fabric-recipe-api-v1-1312b3c0-client/8.2.0+39709ef06f/fabric-recipe-api-v1-1312b3c0-client-8.2.0+39709ef06f.jar:/home/truswo/IdeaProjects/accidental-sweeping-edge/.gradle/loom-cache/remapped_mods/remapped/net/fabricmc/fabric-api/fabric-model-loading-api-v1-1312b3c0-client/6.0.5+3ffd6ef06f/fabric-model-loading-api-v1-1312b3c0-client-6.0.5+3ffd6ef06f.jar:/home/truswo/IdeaProjects/accidental-sweeping-edge/.gradle/loom-cache/remapped_mods/remapped/net/fabricmc/fabric-api/fabric-renderer-indigo-1312b3c0-client/4.1.4+9be2a36e6f/fabric-renderer-indigo-1312b3c0-client-4.1.4+9be2a36e6f.jar:/home/truswo/IdeaProjects/accidental-sweeping-edge/.gradle/loom-cache/remapped_mods/remapped/net/fabricmc/fabric-api/fabric-renderer-api-v1-1312b3c0-client/7.2.3+9be2a36e6f/fabric-renderer-api-v1-1312b3c0-client-7.2.3+9be2a36e6f.jar:/home/truswo/IdeaProjects/accidental-sweeping-edge/.gradle/loom-cache/remapped_mods/remapped/net/fabricmc/fabric-api/fabric-rendering-v1-1312b3c0-client/16.2.0+bee81f016f/fabric-rendering-v1-1312b3c0-client-16.2.0+bee81f016f.jar:/home/truswo/IdeaProjects/accidental-sweeping-edge/.gradle/loom-cache/remapped_mods/remapped/net/fabricmc/fabric-api/fabric-lifecycle-events-v1-1312b3c0-client/2.6.9+33df5e6e6f/fabric-lifecycle-events-v1-1312b3c0-client-2.6.9+33df5e6e6f.jar:/home/truswo/IdeaProjects/accidental-sweeping-edge/.gradle/loom-cache/remapped_mods/remapped/net/fabricmc/fabric-api/fabric-message-api-v1-1312b3c0-client/6.1.7+3154c1c86f/fabric-message-api-v1-1312b3c0-client-6.1.7+3154c1c86f.jar:/home/truswo/IdeaProjects/accidental-sweeping-edge/.gradle/loom-cache/remapped_mods/remapped/net/fabricmc/fabric-api/fabric-particles-v1-1312b3c0-client/4.2.3+a0ee59a46f/fabric-particles-v1-1312b3c0-client-4.2.3+a0ee59a46f.jar:/home/truswo/IdeaProjects/accidental-sweeping-edge/.gradle/loom-cache/remapped_mods/remapped/net/fabricmc/fabric-api/fabric-object-builder-api-v1-1312b3c0-client/21.1.28+9bce411b6f/fabric-object-builder-api-v1-1312b3c0-client-21.1.28+9bce411b6f.jar:/home/truswo/IdeaProjects/accidental-sweeping-edge/.gradle/loom-cache/remapped_mods/remapped/net/fabricmc/fabric-api/fabric-screen-handler-api-v1-1312b3c0-client/1.3.151+d17682156f/fabric-screen-handler-api-v1-1312b3c0-client-1.3.151+d17682156f.jar:/home/truswo/IdeaProjects/accidental-sweeping-edge/.gradle/loom-cache/remapped_mods/remapped/net/fabricmc/fabric-api/fabric-registry-sync-v0-1312b3c0-client/6.1.42+679c8c5c6f/fabric-registry-sync-v0-1312b3c0-client-6.1.42+679c8c5c6f.jar:/home/truswo/IdeaProjects/accidental-sweeping-edge/.gradle/loom-cache/remapped_mods/remapped/net/fabricmc/fabric-api/fabric-networking-api-v1-1312b3c0-client/5.1.0+b095d8db6f/fabric-networking-api-v1-1312b3c0-client-5.1.0+b095d8db6f.jar:/home/truswo/IdeaProjects/accidental-sweeping-edge/.gradle/loom-cache/remapped_mods/remapped/net/fabricmc/fabric-api/fabric-rendering-fluids-v1-1312b3c0-client/3.1.38+86b3ae576f/fabric-rendering-fluids-v1-1312b3c0-client-3.1.38+86b3ae576f.jar:/home/truswo/IdeaProjects/accidental-sweeping-edge/.gradle/loom-cache/remapped_mods/remapped/net/fabricmc/fabric-api/fabric-tag-api-v1-1312b3c0-client/1.2.13+2fa446b26f/fabric-tag-api-v1-1312b3c0-client-1.2.13+2fa446b26f.jar:/home/truswo/IdeaProjects/accidental-sweeping-edge/.gradle/loom-cache/remapped_mods/remapped/net/fabricmc/fabric-api/fabric-resource-loader-v0-1312b3c0-client/3.3.1+d4d4122a6f/fabric-resource-loader-v0-1312b3c0-client-3.3.1+d4d4122a6f.jar:/home/truswo/IdeaProjects/accidental-sweeping-edge/.gradle/loom-cache/remapped_mods/remapped/net/fabricmc/fabric-api/fabric-resource-loader-v1-1312b3c0-client/1.0.4+14959b836f/fabric-resource-loader-v1-1312b3c0-client-1.0.4+14959b836f.jar:/home/truswo/IdeaProjects/accidental-sweeping-edge/.gradle/loom-cache/remapped_mods/remapped/net/fabricmc/fabric-api/fabric-screen-api-v1-1312b3c0-client/3.1.0+9c82a7986f/fabric-screen-api-v1-1312b3c0-client-3.1.0+9c82a7986f.jar:/home/truswo/IdeaProjects/accidental-sweeping-edge/.gradle/loom-cache/remapped_mods/remapped/net/fabricmc/fabric-api/fabric-block-view-api-v2-1312b3c0-client/1.0.34+e4fd1b926f/fabric-block-view-api-v2-1312b3c0-client-1.0.34+e4fd1b926f.jar:/home/truswo/IdeaProjects/accidental-sweeping-edge/.gradle/loom-cache/remapped_mods/remapped/net/fabricmc/fabric-api/fabric-client-gametest-api-v1-1312b3c0-client/4.2.13+14b92d896f/fabric-client-gametest-api-v1-1312b3c0-client-4.2.13+14b92d896f.jar:/home/truswo/IdeaProjects/accidental-sweeping-edge/.gradle/loom-cache/remapped_mods/remapped/net/fabricmc/fabric-api/fabric-game-rule-api-v1-1312b3c0-client/1.1.1+e47eaae56f/fabric-game-rule-api-v1-1312b3c0-client-1.1.1+e47eaae56f.jar:/home/truswo/IdeaProjects/accidental-sweeping-edge/.gradle/loom-cache/remapped_mods/remapped/net/fabricmc/fabric-api/fabric-key-binding-api-v1-1312b3c0-client/1.1.1+b3ba9c486f/fabric-key-binding-api-v1-1312b3c0-client-1.1.1+b3ba9c486f.jar:/home/truswo/IdeaProjects/accidental-sweeping-edge/.gradle/loom-cache/remapped_mods/remapped/net/fabricmc/fabric-api/fabric-sound-api-v1-1312b3c0-client/1.0.45+328a75ba6f/fabric-sound-api-v1-1312b3c0-client-1.0.45+328a75ba6f.jar:/home/truswo/.gradle/caches/modules-2/files-2.1/net.fabricmc/fabric-loader/0.18.4/dc4682125d5db647d6ce80a98b98945835adcd4b/fabric-loader-0.18.4.jar:/home/truswo/.gradle/caches/modules-2/files-2.1/blue.endless/jankson/1.2.0/3a596049034f2952c0b2d40ca41f9b98856d5fb4/jankson-1.2.0.jar:/home/truswo/.gradle/caches/modules-2/files-2.1/com.moandjiezana.toml/toml4j/0.7.2/a03337911d0bd2c40932aca3946edb30d0e7d0c/toml4j-0.7.2.jar:/home/truswo/.gradle/caches/modules-2/files-2.1/org.yaml/snakeyaml/1.27/359d62567480b07a679dc643f82fc926b100eed5/snakeyaml-1.27.jar:/home/truswo/IdeaProjects/accidental-sweeping-edge/.gradle/loom-cache/remapped_mods/remapped/net/fabricmc/fabric-api/fabric-api-1312b3c0-common/0.138.4+1.21.10/fabric-api-1312b3c0-common-0.138.4+1.21.10.jar:/home/truswo/IdeaProjects/accidental-sweeping-edge/.gradle/loom-cache/remapped_mods/remapped/net/fabricmc/fabric-api/fabric-transfer-api-v1-1312b3c0-common/6.0.15+79ec2c126f/fabric-transfer-api-v1-1312b3c0-common-6.0.15+79ec2c126f.jar:/home/truswo/IdeaProjects/accidental-sweeping-edge/.gradle/loom-cache/remapped_mods/remapped/net/fabricmc/fabric-api/fabric-api-lookup-api-v1-1312b3c0-common/1.6.106+d17682156f/fabric-api-lookup-api-v1-1312b3c0-common-1.6.106+d17682156f.jar:/home/truswo/IdeaProjects/accidental-sweeping-edge/.gradle/loom-cache/remapped_mods/remapped/net/fabricmc/fabric-api/fabric-command-api-v2-1312b3c0-common/2.4.0+c0ab2d5d6f/fabric-command-api-v2-1312b3c0-common-2.4.0+c0ab2d5d6f.jar:/home/truswo/IdeaProjects/accidental-sweeping-edge/.gradle/loom-cache/remapped_mods/remapped/net/fabricmc/fabric-api/fabric-content-registries-v0-1312b3c0-common/10.2.6+b6a242646f/fabric-content-registries-v0-1312b3c0-common-10.2.6+b6a242646f.jar:/home/truswo/IdeaProjects/accidental-sweeping-edge/.gradle/loom-cache/remapped_mods/remapped/net/fabricmc/fabric-api/fabric-data-generation-api-v1-1312b3c0-common/23.2.27+d8b85ef16f/fabric-data-generation-api-v1-1312b3c0-common-23.2.27+d8b85ef16f.jar:/home/truswo/IdeaProjects/accidental-sweeping-edge/.gradle/loom-cache/remapped_mods/remapped/net/fabricmc/fabric-api/fabric-convention-tags-v1-1312b3c0-common/2.1.49+7f945d5b6f/fabric-convention-tags-v1-1312b3c0-common-2.1.49+7f945d5b6f.jar:/home/truswo/IdeaProjects/accidental-sweeping-edge/.gradle/loom-cache/remapped_mods/remapped/net/fabricmc/fabric-api/fabric-convention-tags-v2-1312b3c0-common/2.17.0+ff7bc77d6f/fabric-convention-tags-v2-1312b3c0-common-2.17.0+ff7bc77d6f.jar:/home/truswo/IdeaProjects/accidental-sweeping-edge/.gradle/loom-cache/remapped_mods/remapped/net/fabricmc/fabric-api/fabric-data-attachment-api-v1-1312b3c0-common/1.8.33+cd3b9e596f/fabric-data-attachment-api-v1-1312b3c0-common-1.8.33+cd3b9e596f.jar:/home/truswo/IdeaProjects/accidental-sweeping-edge/.gradle/loom-cache/remapped_mods/remapped/net/fabricmc/fabric-api/fabric-entity-events-v1-1312b3c0-common/2.1.13+fde3702c6f/fabric-entity-events-v1-1312b3c0-common-2.1.13+fde3702c6f.jar:/home/truswo/IdeaProjects/accidental-sweeping-edge/.gradle/loom-cache/remapped_mods/remapped/net/fabricmc/fabric-api/fabric-events-interaction-v0-1312b3c0-common/4.0.36+5ba217126f/fabric-events-interaction-v0-1312b3c0-common-4.0.36+5ba217126f.jar:/home/truswo/IdeaProjects/accidental-sweeping-edge/.gradle/loom-cache/remapped_mods/remapped/net/fabricmc/fabric-api/fabric-gametest-api-v1-1312b3c0-common/3.1.21+33df5e6e6f/fabric-gametest-api-v1-1312b3c0-common-3.1.21+33df5e6e6f.jar:/home/truswo/IdeaProjects/accidental-sweeping-edge/.gradle/loom-cache/remapped_mods/remapped/net/fabricmc/fabric-api/fabric-item-api-v1-1312b3c0-common/11.5.11+9bce411b6f/fabric-item-api-v1-1312b3c0-common-11.5.11+9bce411b6f.jar:/home/truswo/IdeaProjects/accidental-sweeping-edge/.gradle/loom-cache/remapped_mods/remapped/net/fabricmc/fabric-api/fabric-item-group-api-v1-1312b3c0-common/4.2.27+86b3ae576f/fabric-item-group-api-v1-1312b3c0-common-4.2.27+86b3ae576f.jar:/home/truswo/IdeaProjects/accidental-sweeping-edge/.gradle/loom-cache/remapped_mods/remapped/net/fabricmc/fabric-api/fabric-recipe-api-v1-1312b3c0-common/8.2.0+39709ef06f/fabric-recipe-api-v1-1312b3c0-common-8.2.0+39709ef06f.jar:/home/truswo/IdeaProjects/accidental-sweeping-edge/.gradle/loom-cache/remapped_mods/remapped/net/fabricmc/fabric-api/fabric-lifecycle-events-v1-1312b3c0-common/2.6.9+33df5e6e6f/fabric-lifecycle-events-v1-1312b3c0-common-2.6.9+33df5e6e6f.jar:/home/truswo/IdeaProjects/accidental-sweeping-edge/.gradle/loom-cache/remapped_mods/remapped/net/fabricmc/fabric-api/fabric-loot-api-v2-1312b3c0-common/3.0.67+3f89f5a56f/fabric-loot-api-v2-1312b3c0-common-3.0.67+3f89f5a56f.jar:/home/truswo/IdeaProjects/accidental-sweeping-edge/.gradle/loom-cache/remapped_mods/remapped/net/fabricmc/fabric-api/fabric-loot-api-v3-1312b3c0-common/2.0.14+d17682156f/fabric-loot-api-v3-1312b3c0-common-2.0.14+d17682156f.jar:/home/truswo/IdeaProjects/accidental-sweeping-edge/.gradle/loom-cache/remapped_mods/remapped/net/fabricmc/fabric-api/fabric-message-api-v1-1312b3c0-common/6.1.7+3154c1c86f/fabric-message-api-v1-1312b3c0-common-6.1.7+3154c1c86f.jar:/home/truswo/IdeaProjects/accidental-sweeping-edge/.gradle/loom-cache/remapped_mods/remapped/net/fabricmc/fabric-api/fabric-particles-v1-1312b3c0-common/4.2.3+a0ee59a46f/fabric-particles-v1-1312b3c0-common-4.2.3+a0ee59a46f.jar:/home/truswo/IdeaProjects/accidental-sweeping-edge/.gradle/loom-cache/remapped_mods/remapped/net/fabricmc/fabric-api/fabric-object-builder-api-v1-1312b3c0-common/21.1.28+9bce411b6f/fabric-object-builder-api-v1-1312b3c0-common-21.1.28+9bce411b6f.jar:/home/truswo/IdeaProjects/accidental-sweeping-edge/.gradle/loom-cache/remapped_mods/remapped/net/fabricmc/fabric-api/fabric-screen-handler-api-v1-1312b3c0-common/1.3.151+d17682156f/fabric-screen-handler-api-v1-1312b3c0-common-1.3.151+d17682156f.jar:/home/truswo/IdeaProjects/accidental-sweeping-edge/.gradle/loom-cache/remapped_mods/remapped/net/fabricmc/fabric-api/fabric-registry-sync-v0-1312b3c0-common/6.1.42+679c8c5c6f/fabric-registry-sync-v0-1312b3c0-common-6.1.42+679c8c5c6f.jar:/home/truswo/IdeaProjects/accidental-sweeping-edge/.gradle/loom-cache/remapped_mods/remapped/net/fabricmc/fabric-api/fabric-networking-api-v1-1312b3c0-common/5.1.0+b095d8db6f/fabric-networking-api-v1-1312b3c0-common-5.1.0+b095d8db6f.jar:/home/truswo/IdeaProjects/accidental-sweeping-edge/.gradle/loom-cache/remapped_mods/remapped/net/fabricmc/fabric-api/fabric-rendering-fluids-v1-1312b3c0-common/3.1.38+86b3ae576f/fabric-rendering-fluids-v1-1312b3c0-common-3.1.38+86b3ae576f.jar:/home/truswo/IdeaProjects/accidental-sweeping-edge/.gradle/loom-cache/remapped_mods/remapped/net/fabricmc/fabric-api/fabric-tag-api-v1-1312b3c0-common/1.2.13+2fa446b26f/fabric-tag-api-v1-1312b3c0-common-1.2.13+2fa446b26f.jar:/home/truswo/IdeaProjects/accidental-sweeping-edge/.gradle/loom-cache/remapped_mods/remapped/net/fabricmc/fabric-api/fabric-resource-loader-v0-1312b3c0-common/3.3.1+d4d4122a6f/fabric-resource-loader-v0-1312b3c0-common-3.3.1+d4d4122a6f.jar:/home/truswo/IdeaProjects/accidental-sweeping-edge/.gradle/loom-cache/remapped_mods/remapped/net/fabricmc/fabric-api/fabric-resource-loader-v1-1312b3c0-common/1.0.4+14959b836f/fabric-resource-loader-v1-1312b3c0-common-1.0.4+14959b836f.jar:/home/truswo/IdeaProjects/accidental-sweeping-edge/.gradle/loom-cache/remapped_mods/remapped/net/fabricmc/fabric-api/fabric-api-base-1312b3c0-common/1.0.0+14b92d896f/fabric-api-base-1312b3c0-common-1.0.0+14b92d896f.jar:/home/truswo/IdeaProjects/accidental-sweeping-edge/.gradle/loom-cache/remapped_mods/remapped/net/fabricmc/fabric-api/fabric-biome-api-v1-1312b3c0-common/16.1.0+c2417d4f6f/fabric-biome-api-v1-1312b3c0-common-16.1.0+c2417d4f6f.jar:/home/truswo/IdeaProjects/accidental-sweeping-edge/.gradle/loom-cache/remapped_mods/remapped/net/fabricmc/fabric-api/fabric-block-api-v1-1312b3c0-common/1.1.5+d17682156f/fabric-block-api-v1-1312b3c0-common-1.1.5+d17682156f.jar:/home/truswo/IdeaProjects/accidental-sweeping-edge/.gradle/loom-cache/remapped_mods/remapped/net/fabricmc/fabric-api/fabric-block-view-api-v2-1312b3c0-common/1.0.34+e4fd1b926f/fabric-block-view-api-v2-1312b3c0-common-1.0.34+e4fd1b926f.jar:/home/truswo/IdeaProjects/accidental-sweeping-edge/.gradle/loom-cache/remapped_mods/remapped/net/fabricmc/fabric-api/fabric-crash-report-info-v1-1312b3c0-common/0.3.18+33df5e6e6f/fabric-crash-report-info-v1-1312b3c0-common-0.3.18+33df5e6e6f.jar:/home/truswo/IdeaProjects/accidental-sweeping-edge/.gradle/loom-cache/remapped_mods/remapped/net/fabricmc/fabric-api/fabric-dimensions-v1-1312b3c0-common/4.0.22+38b9cc196f/fabric-dimensions-v1-1312b3c0-common-4.0.22+38b9cc196f.jar:/home/truswo/IdeaProjects/accidental-sweeping-edge/.gradle/loom-cache/remapped_mods/remapped/net/fabricmc/fabric-api/fabric-game-rule-api-v1-1312b3c0-common/1.1.1+e47eaae56f/fabric-game-rule-api-v1-1312b3c0-common-1.1.1+e47eaae56f.jar:/home/truswo/IdeaProjects/accidental-sweeping-edge/.gradle/loom-cache/remapped_mods/remapped/net/fabricmc/fabric-api/fabric-resource-conditions-api-v1-1312b3c0-common/5.0.28+33df5e6e6f/fabric-resource-conditions-api-v1-1312b3c0-common-5.0.28+33df5e6e6f.jar:/home/truswo/IdeaProjects/accidental-sweeping-edge/.gradle/loom-cache/remapped_mods/remapped/net/fabricmc/fabric-api/fabric-serialization-api-v1-1312b3c0-common/1.0.0+d857c9766f/fabric-serialization-api-v1-1312b3c0-common-1.0.0+d857c9766f.jar:/home/truswo/IdeaProjects/accidental-sweeping-edge/.gradle/loom-cache/remapped_mods/remapped/net/fabricmc/fabric-api/fabric-transitive-access-wideners-v1-1312b3c0-common/6.5.3+41eb43436f/fabric-transitive-access-wideners-v1-1312b3c0-common-6.5.3+41eb43436f.jar:/home/truswo/IdeaProjects/accidental-sweeping-edge/.gradle/loom-cache/remapped_mods/remapped/me/shedaniel/cloth/cloth-config-fabric-1312b3c0/20.0.149/cloth-config-fabric-1312b3c0-20.0.149-fabric.jar:/home/truswo/IdeaProjects/accidental-sweeping-edge/.gradle/loom-cache/remapped_mods/remapped/me/shedaniel/cloth/basic-math-1312b3c0/0.6.1/basic-math-1312b3c0-0.6.1.jar:/home/truswo/IdeaProjects/accidental-sweeping-edge/build/classes/java/main:/home/truswo/IdeaProjects/accidental-sweeping-edge/build/resources/main)
	at knot/com.sun.jna.NativeLibrary.loadLibrary(NativeLibrary.java:325) ~[jna-5.15.0.jar:?]
	at knot/com.sun.jna.NativeLibrary.getInstance(NativeLibrary.java:481) ~[jna-5.15.0.jar:?]
	at knot/com.sun.jna.NativeLibrary.getInstance(NativeLibrary.java:423) ~[jna-5.15.0.jar:?]
	at knot/com.mojang.text2speech.NarratorLinux$FliteLibrary.loadNative(NarratorLinux.java:79) ~[text2speech-1.18.11.jar:?]
	... 9 more
	Suppressed: java.lang.UnsatisfiedLinkError: libflite.so: cannot open shared object file: No such file or directory
		at knot/com.sun.jna.Native.open(Native Method) ~[jna-5.15.0.jar:?]
		at knot/com.sun.jna.NativeLibrary.loadLibrary(NativeLibrary.java:213) ~[jna-5.15.0.jar:?]
		at knot/com.sun.jna.NativeLibrary.getInstance(NativeLibrary.java:481) ~[jna-5.15.0.jar:?]
		at knot/com.sun.jna.NativeLibrary.getInstance(NativeLibrary.java:423) ~[jna-5.15.0.jar:?]
		at knot/com.mojang.text2speech.NarratorLinux$FliteLibrary.loadNative(NarratorLinux.java:79) ~[text2speech-1.18.11.jar:?]
		at knot/com.mojang.text2speech.NarratorLinux.<init>(NarratorLinux.java:18) ~[text2speech-1.18.11.jar:?]
		at knot/com.mojang.text2speech.Narrator.getNarrator(Narrator.java:41) [text2speech-1.18.11.jar:?]
		at knot/net.minecraft.client.util.NarratorManager.<init>(NarratorManager.java) [minecraft-clientOnly-6227aad8ee-1.21.10-net.fabricmc.yarn.1_21_10.1.21.10+build.3-v2.jar:?]
		at knot/net.minecraft.client.MinecraftClient.<init>(MinecraftClient.java:752) [minecraft-clientOnly-6227aad8ee-1.21.10-net.fabricmc.yarn.1_21_10.1.21.10+build.3-v2.jar:?]
		at knot/net.minecraft.client.main.Main.main(Main.java:208) [minecraft-clientOnly-6227aad8ee-1.21.10-net.fabricmc.yarn.1_21_10.1.21.10+build.3-v2.jar:?]
		at net.fabricmc.loader.impl.game.minecraft.MinecraftGameProvider.launch(MinecraftGameProvider.java:514) [fabric-loader-0.18.4.jar:?]
		at net.fabricmc.loader.impl.launch.knot.Knot.launch(Knot.java:72) [fabric-loader-0.18.4.jar:?]
		at net.fabricmc.loader.impl.launch.knot.KnotClient.main(KnotClient.java:23) [fabric-loader-0.18.4.jar:?]
		at net.fabricmc.devlaunchinjector.Main.main(Main.java:86) [dev-launch-injector-0.2.1+build.8.jar:?]
	Suppressed: java.lang.UnsatisfiedLinkError: libflite.so: cannot open shared object file: No such file or directory
		at knot/com.sun.jna.Native.open(Native Method) ~[jna-5.15.0.jar:?]
		at knot/com.sun.jna.NativeLibrary.loadLibrary(NativeLibrary.java:226) ~[jna-5.15.0.jar:?]
		at knot/com.sun.jna.NativeLibrary.getInstance(NativeLibrary.java:481) ~[jna-5.15.0.jar:?]
		at knot/com.sun.jna.NativeLibrary.getInstance(NativeLibrary.java:423) ~[jna-5.15.0.jar:?]
		at knot/com.mojang.text2speech.NarratorLinux$FliteLibrary.loadNative(NarratorLinux.java:79) ~[text2speech-1.18.11.jar:?]
		at knot/com.mojang.text2speech.NarratorLinux.<init>(NarratorLinux.java:18) ~[text2speech-1.18.11.jar:?]
		at knot/com.mojang.text2speech.Narrator.getNarrator(Narrator.java:41) [text2speech-1.18.11.jar:?]
		at knot/net.minecraft.client.util.NarratorManager.<init>(NarratorManager.java) [minecraft-clientOnly-6227aad8ee-1.21.10-net.fabricmc.yarn.1_21_10.1.21.10+build.3-v2.jar:?]
		at knot/net.minecraft.client.MinecraftClient.<init>(MinecraftClient.java:752) [minecraft-clientOnly-6227aad8ee-1.21.10-net.fabricmc.yarn.1_21_10.1.21.10+build.3-v2.jar:?]
		at knot/net.minecraft.client.main.Main.main(Main.java:208) [minecraft-clientOnly-6227aad8ee-1.21.10-net.fabricmc.yarn.1_21_10.1.21.10+build.3-v2.jar:?]
		at net.fabricmc.loader.impl.game.minecraft.MinecraftGameProvider.launch(MinecraftGameProvider.java:514) [fabric-loader-0.18.4.jar:?]
		at net.fabricmc.loader.impl.launch.knot.Knot.launch(Knot.java:72) [fabric-loader-0.18.4.jar:?]
		at net.fabricmc.loader.impl.launch.knot.KnotClient.main(KnotClient.java:23) [fabric-loader-0.18.4.jar:?]
		at net.fabricmc.devlaunchinjector.Main.main(Main.java:86) [dev-launch-injector-0.2.1+build.8.jar:?]
	Suppressed: java.io.IOException: Native library (linux-x86-64/libflite.so) not found in resource path (/home/truswo/IdeaProjects/accidental-sweeping-edge/build/classes/java/client:/home/truswo/IdeaProjects/accidental-sweeping-edge/build/resources/client:/home/truswo/.gradle/caches/fabric-loom/1.21.10/net.fabricmc.yarn.1_21_10.1.21.10+build.3-v2/mappings.jar:/home/truswo/.gradle/caches/modules-2/files-2.1/org.ow2.asm/asm/9.9/c29635c8a7afa03d74b33c1884df8abb2b3f3dcc/asm-9.9.jar:/home/truswo/.gradle/caches/modules-2/files-2.1/org.ow2.asm/asm-analysis/9.9/bf4fa6e66638851c1cd22c2caea0c3ee5d5f437/asm-analysis-9.9.jar:/home/truswo/.gradle/caches/modules-2/files-2.1/org.ow2.asm/asm-commons/9.9/db9165a3bf908ded6b08612d583a15d1d0c7bda0/asm-commons-9.9.jar:/home/truswo/.gradle/caches/modules-2/files-2.1/org.ow2.asm/asm-tree/9.9/f8de6eead6d24dd0f45bd065bbe112b2cda6ea21/asm-tree-9.9.jar:/home/truswo/.gradle/caches/modules-2/files-2.1/org.ow2.asm/asm-util/9.9/42fdfc0508b43807c8078d6e82ecff2ce2112ae8/asm-util-9.9.jar:/home/truswo/.gradle/caches/modules-2/files-2.1/net.fabricmc/sponge-mixin/0.17.0+mixin.0.8.7/cf31463202f72d03b0ef1e1e38e8ee71b7faaab6/sponge-mixin-0.17.0+mixin.0.8.7.jar:/home/truswo/.gradle/caches/modules-2/files-2.1/io.github.llamalad7/mixinextras-fabric/0.5.0/91a83dfb7abd320f6236bd1fcf5c0ff143d59a13/mixinextras-fabric-0.5.0.jar:/home/truswo/.gradle/caches/modules-2/files-2.1/net.fabricmc/dev-launch-injector/0.2.1+build.8/da8bef7e6e2f952da707f282bdb46882a0fce5e3/dev-launch-injector-0.2.1+build.8.jar:/home/truswo/.gradle/caches/modules-2/files-2.1/net.fabricmc/fabric-log4j-util/1.0.2/ef0b3fb613356feb75a67d54f2fad6f03a006648/fabric-log4j-util-1.0.2.jar:/home/truswo/.gradle/caches/modules-2/files-2.1/com.fasterxml.jackson.core/jackson-annotations/2.13.4/858c6cc78e1f08a885b1613e1d817c829df70a6e/jackson-annotations-2.13.4.jar:/home/truswo/.gradle/caches/modules-2/files-2.1/com.fasterxml.jackson.core/jackson-core/2.13.4/cf934c681294b97ef6d80082faeefbe1edadf56/jackson-core-2.13.4.jar:/home/truswo/.gradle/caches/modules-2/files-2.1/com.fasterxml.jackson.core/jackson-databind/2.13.4.2/325c06bdfeb628cfb80ebaaf1a26cc1eb558a585/jackson-databind-2.13.4.2.jar:/home/truswo/.gradle/caches/modules-2/files-2.1/com.github.oshi/oshi-core/6.6.5/e1099981fd15dc4236c4499d82aba1276fb43a9a/oshi-core-6.6.5.jar:/home/truswo/.gradle/caches/modules-2/files-2.1/com.github.stephenc.jcip/jcip-annotations/1.0-1/ef31541dd28ae2cefdd17c7ebf352d93e9058c63/jcip-annotations-1.0-1.jar:/home/truswo/.gradle/caches/modules-2/files-2.1/com.google.code.gson/gson/2.11.0/527175ca6d81050b53bdd4c457a6d6e017626b0e/gson-2.11.0.jar:/home/truswo/.gradle/caches/modules-2/files-2.1/com.google.guava/failureaccess/1.0.2/c4a06a64e650562f30b7bf9aaec1bfed43aca12b/failureaccess-1.0.2.jar:/home/truswo/.gradle/caches/modules-2/files-2.1/com.google.guava/guava/33.3.1-jre/852f8b363da0111e819460021ca693cacca3e8db/guava-33.3.1-jre.jar:/home/truswo/.gradle/caches/modules-2/files-2.1/com.ibm.icu/icu4j/76.1/215f3a8e936d4069344bd75f2b1368fd58112894/icu4j-76.1.jar:/home/truswo/.gradle/caches/modules-2/files-2.1/com.microsoft.azure/msal4j/1.17.2/a6211e3d71d0388929babaa0ff0951b30d001852/msal4j-1.17.2.jar:/home/truswo/.gradle/caches/modules-2/files-2.1/com.mojang/authlib/7.0.61/efee1e6b54e863108576eb3b3ae71144626aaefc/authlib-7.0.61.jar:/home/truswo/.gradle/caches/modules-2/files-2.1/com.mojang/blocklist/1.0.10/5c685c5ffa94c4cd39496c7184c1d122e515ecef/blocklist-1.0.10.jar:/home/truswo/.gradle/caches/modules-2/files-2.1/com.mojang/brigadier/1.3.10/d15b53a14cf20fdcaa98f731af5dda654452c010/brigadier-1.3.10.jar:/home/truswo/.gradle/caches/modules-2/files-2.1/com.mojang/datafixerupper/8.0.16/67d4de6d7f95d89bcf5862995fb854ebaec02a34/datafixerupper-8.0.16.jar:/home/truswo/.gradle/caches/modules-2/files-2.1/com.mojang/jtracy/1.0.36/20a63d06b621bfeb3cb21ef51b7fa40c0fc22021/jtracy-1.0.36.jar:/home/truswo/.gradle/caches/modules-2/files-2.1/com.mojang/jtracy/1.0.36/8f2967c139b024bf80024a3eab63e906c3ee2e5b/jtracy-1.0.36-natives-linux.jar:/home/truswo/.gradle/caches/modules-2/files-2.1/com.mojang/logging/1.5.10/9ab1202793717af9df9c1704d0a02892067001eb/logging-1.5.10.jar:/home/truswo/.gradle/caches/modules-2/files-2.1/com.mojang/patchy/2.2.10/da05971b07cbb379d002cf7eaec6a2048211fefc/patchy-2.2.10.jar:/home/truswo/.gradle/caches/modules-2/files-2.1/com.mojang/text2speech/1.18.11/e853a12cdd6ba4f4836e8f4bf3b37844a13482b6/text2speech-1.18.11.jar:/home/truswo/.gradle/caches/modules-2/files-2.1/com.nimbusds/content-type/2.3/e3aa0be212d7a42839a8f3f506f5b990bcce0222/content-type-2.3.jar:/home/truswo/.gradle/caches/modules-2/files-2.1/com.nimbusds/lang-tag/1.7/97c73ecd70bc7e8eefb26c5eea84f251a63f1031/lang-tag-1.7.jar:/home/truswo/.gradle/caches/modules-2/files-2.1/com.nimbusds/nimbus-jose-jwt/9.40/42b1dfa0360e4062951b070bac52dd8d96fd7b38/nimbus-jose-jwt-9.40.jar:/home/truswo/.gradle/caches/modules-2/files-2.1/com.nimbusds/oauth2-oidc-sdk/11.18/7c7ec4f4066625ff07a711ad856fa04da1ff9de/oauth2-oidc-sdk-11.18.jar:/home/truswo/.gradle/caches/modules-2/files-2.1/commons-codec/commons-codec/1.17.1/973638b7149d333563584137ebf13a691bb60579/commons-codec-1.17.1.jar:/home/truswo/.gradle/caches/modules-2/files-2.1/commons-io/commons-io/2.17.0/ddcc8433eb019fb48fe25207c0278143f3e1d7e2/commons-io-2.17.0.jar:/home/truswo/.gradle/caches/modules-2/files-2.1/commons-logging/commons-logging/1.3.4/b9fc14968d63a8b8a8a2c1885fe3e90564239708/commons-logging-1.3.4.jar:/home/truswo/.gradle/caches/modules-2/files-2.1/io.netty/netty-buffer/4.1.118.Final/7022990af1e0d449f9d5322035899745e19735c5/netty-buffer-4.1.118.Final.jar:/home/truswo/.gradle/caches/modules-2/files-2.1/io.netty/netty-codec-http/4.1.118.Final/eda08a71294afe78c779b85fd696bc13491507a8/netty-codec-http-4.1.118.Final.jar:/home/truswo/.gradle/caches/modules-2/files-2.1/io.netty/netty-codec/4.1.118.Final/307f665c08ce57333121de4f460479fc0c3c94d4/netty-codec-4.1.118.Final.jar:/home/truswo/.gradle/caches/modules-2/files-2.1/io.netty/netty-common/4.1.118.Final/4bb0f9899146484fa89f7b9bc27389d5b8e2ecde/netty-common-4.1.118.Final.jar:/home/truswo/.gradle/caches/modules-2/files-2.1/io.netty/netty-handler/4.1.118.Final/30ebb05b6b0fb071dbfcf713017c4a767a97bb9b/netty-handler-4.1.118.Final.jar:/home/truswo/.gradle/caches/modules-2/files-2.1/io.netty/netty-resolver/4.1.118.Final/28c378c19c1779eca1104b400452627f3ebc4aea/netty-resolver-4.1.118.Final.jar:/home/truswo/.gradle/caches/modules-2/files-2.1/io.netty/netty-transport-classes-epoll/4.1.118.Final/376ce95507066f0e755d97c1c8bcd6c33f657617/netty-transport-classes-epoll-4.1.118.Final.jar:/home/truswo/.gradle/caches/modules-2/files-2.1/io.netty/netty-transport-native-epoll/4.1.118.Final/82f94d0a9d837f6b6a580379373310ff7288c0f8/netty-transport-native-epoll-4.1.118.Final-linux-aarch_64.jar:/home/truswo/.gradle/caches/modules-2/files-2.1/io.netty/netty-transport-native-epoll/4.1.118.Final/7e6b89e3746acb7cf6f0aad993bbd058fc6d912e/netty-transport-native-epoll-4.1.118.Final-linux-x86_64.jar:/home/truswo/.gradle/caches/modules-2/files-2.1/io.netty/netty-transport-native-unix-common/4.1.118.Final/9da25a94e6a0edac90da0bc7894e5a54efcb866b/netty-transport-native-unix-common-4.1.118.Final.jar:/home/truswo/.gradle/caches/modules-2/files-2.1/io.netty/netty-transport/4.1.118.Final/5a27232e5d08218722d94ca14f0b1b4576e7711c/netty-transport-4.1.118.Final.jar:/home/truswo/.gradle/caches/modules-2/files-2.1/it.unimi.dsi/fastutil/8.5.15/1e885b40c9563ab0d3899b871fd0b30e958705dc/fastutil-8.5.15.jar:/home/truswo/.gradle/caches/modules-2/files-2.1/net.java.dev.jna/jna-platform/5.15.0/86b502cad57d45da172b5e3231c537b042e296ef/jna-platform-5.15.0.jar:/home/truswo/.gradle/caches/modules-2/files-2.1/net.java.dev.jna/jna/5.15.0/1ee1d80ff44f08280188f7c0e740d57207841ac/jna-5.15.0.jar:/home/truswo/.gradle/caches/modules-2/files-2.1/net.minidev/accessors-smart/2.5.1/19b820261eb2e7de7d5bde11d1c06e4501dd7e5f/accessors-smart-2.5.1.jar:/home/truswo/.gradle/caches/modules-2/files-2.1/net.minidev/json-smart/2.5.1/4c11d2808d009132dfbbf947ebf37de6bf266c8e/json-smart-2.5.1.jar:/home/truswo/.gradle/caches/modules-2/files-2.1/net.sf.jopt-simple/jopt-simple/5.0.4/4fdac2fbe92dfad86aa6e9301736f6b4342a3f5c/jopt-simple-5.0.4.jar:/home/truswo/.gradle/caches/modules-2/files-2.1/org.apache.commons/commons-compress/1.27.1/a19151084758e2fbb6b41eddaa88e7b8ff4e6599/commons-compress-1.27.1.jar:/home/truswo/.gradle/caches/modules-2/files-2.1/org.apache.commons/commons-lang3/3.17.0/b17d2136f0460dcc0d2016ceefca8723bdf4ee70/commons-lang3-3.17.0.jar:/home/truswo/.gradle/caches/modules-2/files-2.1/org.apache.httpcomponents/httpclient/4.5.14/1194890e6f56ec29177673f2f12d0b8e627dec98/httpclient-4.5.14.jar:/home/truswo/.gradle/caches/modules-2/files-2.1/org.apache.httpcomponents/httpcore/4.4.16/51cf043c87253c9f58b539c9f7e44c8894223850/httpcore-4.4.16.jar:/home/truswo/.gradle/caches/modules-2/files-2.1/org.apache.logging.log4j/log4j-api/2.24.1/7ebeb12c20606373005af4232cd0ecca72613dda/log4j-api-2.24.1.jar:/home/truswo/.gradle/caches/modules-2/files-2.1/org.apache.logging.log4j/log4j-core/2.24.1/c85285146f28d8c8962384f786e2dff04172fb43/log4j-core-2.24.1.jar:/home/truswo/.gradle/caches/modules-2/files-2.1/org.apache.logging.log4j/log4j-slf4j2-impl/2.24.1/8e3ddc96464ef7f768823e7e001a52b23de8cd0a/log4j-slf4j2-impl-2.24.1.jar:/home/truswo/.gradle/caches/modules-2/files-2.1/org.jcraft/jorbis/0.0.17/8872d22b293e8f5d7d56ff92be966e6dc28ebdc6/jorbis-0.0.17.jar:/home/truswo/.gradle/caches/modules-2/files-2.1/org.joml/joml/1.10.8/fc0a71dad90a2cf41d82a76156a0e700af8e4f8d/joml-1.10.8.jar:/home/truswo/.gradle/caches/modules-2/files-2.1/org.lwjgl/lwjgl-freetype/3.3.3/a0db6c84a8becc8ca05f9dbfa985edc348a824c7/lwjgl-freetype-3.3.3.jar:/home/truswo/.gradle/caches/modules-2/files-2.1/org.lwjgl/lwjgl-freetype/3.3.3/149070a5480900347071b7074779531f25a6e3dc/lwjgl-freetype-3.3.3-natives-linux.jar:/home/truswo/.gradle/caches/modules-2/files-2.1/org.lwjgl/lwjgl-glfw/3.3.3/efa1eb78c5ccd840e9f329717109b5e892d72f8e/lwjgl-glfw-3.3.3.jar:/home/truswo/.gradle/caches/modules-2/files-2.1/org.lwjgl/lwjgl-glfw/3.3.3/a03684c5e4b1b1dbbe0d29dbbdc27b985b6840f2/lwjgl-glfw-3.3.3-natives-linux.jar:/home/truswo/.gradle/caches/modules-2/files-2.1/org.lwjgl/lwjgl-jemalloc/3.3.3/b543467b7ff3c6920539a88ee602d34098628be5/lwjgl-jemalloc-3.3.3.jar:/home/truswo/.gradle/caches/modules-2/files-2.1/org.lwjgl/lwjgl-jemalloc/3.3.3/4f86728bf449b1dd61251c4e0ac01df1389cb51e/lwjgl-jemalloc-3.3.3-natives-linux.jar:/home/truswo/.gradle/caches/modules-2/files-2.1/org.lwjgl/lwjgl-openal/3.3.3/daada81ceb5fc0c291fbfdd4433cb8d9423577f2/lwjgl-openal-3.3.3.jar:/home/truswo/.gradle/caches/modules-2/files-2.1/org.lwjgl/lwjgl-openal/3.3.3/3037360cc4595079bea240af250b6d1a527e0905/lwjgl-openal-3.3.3-natives-linux.jar:/home/truswo/.gradle/caches/modules-2/files-2.1/org.lwjgl/lwjgl-opengl/3.3.3/2f6b0147078396a58979125a4c947664e98293a/lwjgl-opengl-3.3.3.jar:/home/truswo/.gradle/caches/modules-2/files-2.1/org.lwjgl/lwjgl-opengl/3.3.3/62c70a4b00ca5391882b0f4b787c1588d24f1c86/lwjgl-opengl-3.3.3-natives-linux.jar:/home/truswo/.gradle/caches/modules-2/files-2.1/org.lwjgl/lwjgl-stb/3.3.3/25dd6161988d7e65f71d5065c99902402ee32746/lwjgl-stb-3.3.3.jar:/home/truswo/.gradle/caches/modules-2/files-2.1/org.lwjgl/lwjgl-stb/3.3.3/fd1271ccd9d85eff2fa31f3fd543e02ccfaf5041/lwjgl-stb-3.3.3-natives-linux.jar:/home/truswo/.gradle/caches/modules-2/files-2.1/org.lwjgl/lwjgl-tinyfd/3.3.3/82d755ca94b102e9ca77283b9e2dc46d1b15fbe5/lwjgl-tinyfd-3.3.3.jar:/home/truswo/.gradle/caches/modules-2/files-2.1/org.lwjgl/lwjgl-tinyfd/3.3.3/d8d58daa0c3e5fd906fee96f5fddbcbc07cc308b/lwjgl-tinyfd-3.3.3-natives-linux.jar:/home/truswo/.gradle/caches/modules-2/files-2.1/org.lwjgl/lwjgl/3.3.3/29589b5f87ed335a6c7e7ee6a5775f81f97ecb84/lwjgl-3.3.3.jar:/home/truswo/.gradle/caches/modules-2/files-2.1/org.lwjgl/lwjgl/3.3.3/1713758e3660ba66e1e954396fd18126038b33c0/lwjgl-3.3.3-natives-linux.jar:/home/truswo/.gradle/caches/modules-2/files-2.1/org.lz4/lz4-java/1.8.0/4b986a99445e49ea5fbf5d149c4b63f6ed6c6780/lz4-java-1.8.0.jar:/home/truswo/.gradle/caches/modules-2/files-2.1/org.slf4j/slf4j-api/2.0.16/172931663a09a1fa515567af5fbef00897d3c04/slf4j-api-2.0.16.jar:/home/truswo/IdeaProjects/accidental-sweeping-edge/.gradle/loom-cache/minecraftMaven/net/minecraft/minecraft-clientOnly-c9d3ddc759/1.21.10-net.fabricmc.yarn.1_21_10.1.21.10+build.3-v2/minecraft-clientOnly-c9d3ddc759-1.21.10-net.fabricmc.yarn.1_21_10.1.21.10+build.3-v2.jar:/home/truswo/IdeaProjects/accidental-sweeping-edge/.gradle/loom-cache/minecraftMaven/net/minecraft/minecraft-common-c9d3ddc759/1.21.10-net.fabricmc.yarn.1_21_10.1.21.10+build.3-v2/minecraft-common-c9d3ddc759-1.21.10-net.fabricmc.yarn.1_21_10.1.21.10+build.3-v2.jar:/home/truswo/IdeaProjects/accidental-sweeping-edge/.gradle/loom-cache/remapped_mods/remapped/net/fabricmc/fabric-api/fabric-transfer-api-v1-1312b3c0-client/6.0.15+79ec2c126f/fabric-transfer-api-v1-1312b3c0-client-6.0.15+79ec2c126f.jar:/home/truswo/IdeaProjects/accidental-sweeping-edge/.gradle/loom-cache/remapped_mods/remapped/net/fabricmc/fabric-api/fabric-command-api-v2-1312b3c0-client/2.4.0+c0ab2d5d6f/fabric-command-api-v2-1312b3c0-client-2.4.0+c0ab2d5d6f.jar:/home/truswo/IdeaProjects/accidental-sweeping-edge/.gradle/loom-cache/remapped_mods/remapped/net/fabricmc/fabric-api/fabric-data-generation-api-v1-1312b3c0-client/23.2.27+d8b85ef16f/fabric-data-generation-api-v1-1312b3c0-client-23.2.27+d8b85ef16f.jar:/home/truswo/IdeaProjects/accidental-sweeping-edge/.gradle/loom-cache/remapped_mods/remapped/net/fabricmc/fabric-api/fabric-data-attachment-api-v1-1312b3c0-client/1.8.33+cd3b9e596f/fabric-data-attachment-api-v1-1312b3c0-client-1.8.33+cd3b9e596f.jar:/home/truswo/IdeaProjects/accidental-sweeping-edge/.gradle/loom-cache/remapped_mods/remapped/net/fabricmc/fabric-api/fabric-events-interaction-v0-1312b3c0-client/4.0.36+5ba217126f/fabric-events-interaction-v0-1312b3c0-client-4.0.36+5ba217126f.jar:/home/truswo/IdeaProjects/accidental-sweeping-edge/.gradle/loom-cache/remapped_mods/remapped/net/fabricmc/fabric-api/fabric-item-api-v1-1312b3c0-client/11.5.11+9bce411b6f/fabric-item-api-v1-1312b3c0-client-11.5.11+9bce411b6f.jar:/home/truswo/IdeaProjects/accidental-sweeping-edge/.gradle/loom-cache/remapped_mods/remapped/net/fabricmc/fabric-api/fabric-item-group-api-v1-1312b3c0-client/4.2.27+86b3ae576f/fabric-item-group-api-v1-1312b3c0-client-4.2.27+86b3ae576f.jar:/home/truswo/IdeaProjects/accidental-sweeping-edge/.gradle/loom-cache/remapped_mods/remapped/net/fabricmc/fabric-api/fabric-recipe-api-v1-1312b3c0-client/8.2.0+39709ef06f/fabric-recipe-api-v1-1312b3c0-client-8.2.0+39709ef06f.jar:/home/truswo/IdeaProjects/accidental-sweeping-edge/.gradle/loom-cache/remapped_mods/remapped/net/fabricmc/fabric-api/fabric-model-loading-api-v1-1312b3c0-client/6.0.5+3ffd6ef06f/fabric-model-loading-api-v1-1312b3c0-client-6.0.5+3ffd6ef06f.jar:/home/truswo/IdeaProjects/accidental-sweeping-edge/.gradle/loom-cache/remapped_mods/remapped/net/fabricmc/fabric-api/fabric-renderer-indigo-1312b3c0-client/4.1.4+9be2a36e6f/fabric-renderer-indigo-1312b3c0-client-4.1.4+9be2a36e6f.jar:/home/truswo/IdeaProjects/accidental-sweeping-edge/.gradle/loom-cache/remapped_mods/remapped/net/fabricmc/fabric-api/fabric-renderer-api-v1-1312b3c0-client/7.2.3+9be2a36e6f/fabric-renderer-api-v1-1312b3c0-client-7.2.3+9be2a36e6f.jar:/home/truswo/IdeaProjects/accidental-sweeping-edge/.gradle/loom-cache/remapped_mods/remapped/net/fabricmc/fabric-api/fabric-rendering-v1-1312b3c0-client/16.2.0+bee81f016f/fabric-rendering-v1-1312b3c0-client-16.2.0+bee81f016f.jar:/home/truswo/IdeaProjects/accidental-sweeping-edge/.gradle/loom-cache/remapped_mods/remapped/net/fabricmc/fabric-api/fabric-lifecycle-events-v1-1312b3c0-client/2.6.9+33df5e6e6f/fabric-lifecycle-events-v1-1312b3c0-client-2.6.9+33df5e6e6f.jar:/home/truswo/IdeaProjects/accidental-sweeping-edge/.gradle/loom-cache/remapped_mods/remapped/net/fabricmc/fabric-api/fabric-message-api-v1-1312b3c0-client/6.1.7+3154c1c86f/fabric-message-api-v1-1312b3c0-client-6.1.7+3154c1c86f.jar:/home/truswo/IdeaProjects/accidental-sweeping-edge/.gradle/loom-cache/remapped_mods/remapped/net/fabricmc/fabric-api/fabric-particles-v1-1312b3c0-client/4.2.3+a0ee59a46f/fabric-particles-v1-1312b3c0-client-4.2.3+a0ee59a46f.jar:/home/truswo/IdeaProjects/accidental-sweeping-edge/.gradle/loom-cache/remapped_mods/remapped/net/fabricmc/fabric-api/fabric-object-builder-api-v1-1312b3c0-client/21.1.28+9bce411b6f/fabric-object-builder-api-v1-1312b3c0-client-21.1.28+9bce411b6f.jar:/home/truswo/IdeaProjects/accidental-sweeping-edge/.gradle/loom-cache/remapped_mods/remapped/net/fabricmc/fabric-api/fabric-screen-handler-api-v1-1312b3c0-client/1.3.151+d17682156f/fabric-screen-handler-api-v1-1312b3c0-client-1.3.151+d17682156f.jar:/home/truswo/IdeaProjects/accidental-sweeping-edge/.gradle/loom-cache/remapped_mods/remapped/net/fabricmc/fabric-api/fabric-registry-sync-v0-1312b3c0-client/6.1.42+679c8c5c6f/fabric-registry-sync-v0-1312b3c0-client-6.1.42+679c8c5c6f.jar:/home/truswo/IdeaProjects/accidental-sweeping-edge/.gradle/loom-cache/remapped_mods/remapped/net/fabricmc/fabric-api/fabric-networking-api-v1-1312b3c0-client/5.1.0+b095d8db6f/fabric-networking-api-v1-1312b3c0-client-5.1.0+b095d8db6f.jar:/home/truswo/IdeaProjects/accidental-sweeping-edge/.gradle/loom-cache/remapped_mods/remapped/net/fabricmc/fabric-api/fabric-rendering-fluids-v1-1312b3c0-client/3.1.38+86b3ae576f/fabric-rendering-fluids-v1-1312b3c0-client-3.1.38+86b3ae576f.jar:/home/truswo/IdeaProjects/accidental-sweeping-edge/.gradle/loom-cache/remapped_mods/remapped/net/fabricmc/fabric-api/fabric-tag-api-v1-1312b3c0-client/1.2.13+2fa446b26f/fabric-tag-api-v1-1312b3c0-client-1.2.13+2fa446b26f.jar:/home/truswo/IdeaProjects/accidental-sweeping-edge/.gradle/loom-cache/remapped_mods/remapped/net/fabricmc/fabric-api/fabric-resource-loader-v0-1312b3c0-client/3.3.1+d4d4122a6f/fabric-resource-loader-v0-1312b3c0-client-3.3.1+d4d4122a6f.jar:/home/truswo/IdeaProjects/accidental-sweeping-edge/.gradle/loom-cache/remapped_mods/remapped/net/fabricmc/fabric-api/fabric-resource-loader-v1-1312b3c0-client/1.0.4+14959b836f/fabric-resource-loader-v1-1312b3c0-client-1.0.4+14959b836f.jar:/home/truswo/IdeaProjects/accidental-sweeping-edge/.gradle/loom-cache/remapped_mods/remapped/net/fabricmc/fabric-api/fabric-screen-api-v1-1312b3c0-client/3.1.0+9c82a7986f/fabric-screen-api-v1-1312b3c0-client-3.1.0+9c82a7986f.jar:/home/truswo/IdeaProjects/accidental-sweeping-edge/.gradle/loom-cache/remapped_mods/remapped/net/fabricmc/fabric-api/fabric-block-view-api-v2-1312b3c0-client/1.0.34+e4fd1b926f/fabric-block-view-api-v2-1312b3c0-client-1.0.34+e4fd1b926f.jar:/home/truswo/IdeaProjects/accidental-sweeping-edge/.gradle/loom-cache/remapped_mods/remapped/net/fabricmc/fabric-api/fabric-client-gametest-api-v1-1312b3c0-client/4.2.13+14b92d896f/fabric-client-gametest-api-v1-1312b3c0-client-4.2.13+14b92d896f.jar:/home/truswo/IdeaProjects/accidental-sweeping-edge/.gradle/loom-cache/remapped_mods/remapped/net/fabricmc/fabric-api/fabric-game-rule-api-v1-1312b3c0-client/1.1.1+e47eaae56f/fabric-game-rule-api-v1-1312b3c0-client-1.1.1+e47eaae56f.jar:/home/truswo/IdeaProjects/accidental-sweeping-edge/.gradle/loom-cache/remapped_mods/remapped/net/fabricmc/fabric-api/fabric-key-binding-api-v1-1312b3c0-client/1.1.1+b3ba9c486f/fabric-key-binding-api-v1-1312b3c0-client-1.1.1+b3ba9c486f.jar:/home/truswo/IdeaProjects/accidental-sweeping-edge/.gradle/loom-cache/remapped_mods/remapped/net/fabricmc/fabric-api/fabric-sound-api-v1-1312b3c0-client/1.0.45+328a75ba6f/fabric-sound-api-v1-1312b3c0-client-1.0.45+328a75ba6f.jar:/home/truswo/.gradle/caches/modules-2/files-2.1/net.fabricmc/fabric-loader/0.18.4/dc4682125d5db647d6ce80a98b98945835adcd4b/fabric-loader-0.18.4.jar:/home/truswo/.gradle/caches/modules-2/files-2.1/blue.endless/jankson/1.2.0/3a596049034f2952c0b2d40ca41f9b98856d5fb4/jankson-1.2.0.jar:/home/truswo/.gradle/caches/modules-2/files-2.1/com.moandjiezana.toml/toml4j/0.7.2/a03337911d0bd2c40932aca3946edb30d0e7d0c/toml4j-0.7.2.jar:/home/truswo/.gradle/caches/modules-2/files-2.1/org.yaml/snakeyaml/1.27/359d62567480b07a679dc643f82fc926b100eed5/snakeyaml-1.27.jar:/home/truswo/IdeaProjects/accidental-sweeping-edge/.gradle/loom-cache/remapped_mods/remapped/net/fabricmc/fabric-api/fabric-api-1312b3c0-common/0.138.4+1.21.10/fabric-api-1312b3c0-common-0.138.4+1.21.10.jar:/home/truswo/IdeaProjects/accidental-sweeping-edge/.gradle/loom-cache/remapped_mods/remapped/net/fabricmc/fabric-api/fabric-transfer-api-v1-1312b3c0-common/6.0.15+79ec2c126f/fabric-transfer-api-v1-1312b3c0-common-6.0.15+79ec2c126f.jar:/home/truswo/IdeaProjects/accidental-sweeping-edge/.gradle/loom-cache/remapped_mods/remapped/net/fabricmc/fabric-api/fabric-api-lookup-api-v1-1312b3c0-common/1.6.106+d17682156f/fabric-api-lookup-api-v1-1312b3c0-common-1.6.106+d17682156f.jar:/home/truswo/IdeaProjects/accidental-sweeping-edge/.gradle/loom-cache/remapped_mods/remapped/net/fabricmc/fabric-api/fabric-command-api-v2-1312b3c0-common/2.4.0+c0ab2d5d6f/fabric-command-api-v2-1312b3c0-common-2.4.0+c0ab2d5d6f.jar:/home/truswo/IdeaProjects/accidental-sweeping-edge/.gradle/loom-cache/remapped_mods/remapped/net/fabricmc/fabric-api/fabric-content-registries-v0-1312b3c0-common/10.2.6+b6a242646f/fabric-content-registries-v0-1312b3c0-common-10.2.6+b6a242646f.jar:/home/truswo/IdeaProjects/accidental-sweeping-edge/.gradle/loom-cache/remapped_mods/remapped/net/fabricmc/fabric-api/fabric-data-generation-api-v1-1312b3c0-common/23.2.27+d8b85ef16f/fabric-data-generation-api-v1-1312b3c0-common-23.2.27+d8b85ef16f.jar:/home/truswo/IdeaProjects/accidental-sweeping-edge/.gradle/loom-cache/remapped_mods/remapped/net/fabricmc/fabric-api/fabric-convention-tags-v1-1312b3c0-common/2.1.49+7f945d5b6f/fabric-convention-tags-v1-1312b3c0-common-2.1.49+7f945d5b6f.jar:/home/truswo/IdeaProjects/accidental-sweeping-edge/.gradle/loom-cache/remapped_mods/remapped/net/fabricmc/fabric-api/fabric-convention-tags-v2-1312b3c0-common/2.17.0+ff7bc77d6f/fabric-convention-tags-v2-1312b3c0-common-2.17.0+ff7bc77d6f.jar:/home/truswo/IdeaProjects/accidental-sweeping-edge/.gradle/loom-cache/remapped_mods/remapped/net/fabricmc/fabric-api/fabric-data-attachment-api-v1-1312b3c0-common/1.8.33+cd3b9e596f/fabric-data-attachment-api-v1-1312b3c0-common-1.8.33+cd3b9e596f.jar:/home/truswo/IdeaProjects/accidental-sweeping-edge/.gradle/loom-cache/remapped_mods/remapped/net/fabricmc/fabric-api/fabric-entity-events-v1-1312b3c0-common/2.1.13+fde3702c6f/fabric-entity-events-v1-1312b3c0-common-2.1.13+fde3702c6f.jar:/home/truswo/IdeaProjects/accidental-sweeping-edge/.gradle/loom-cache/remapped_mods/remapped/net/fabricmc/fabric-api/fabric-events-interaction-v0-1312b3c0-common/4.0.36+5ba217126f/fabric-events-interaction-v0-1312b3c0-common-4.0.36+5ba217126f.jar:/home/truswo/IdeaProjects/accidental-sweeping-edge/.gradle/loom-cache/remapped_mods/remapped/net/fabricmc/fabric-api/fabric-gametest-api-v1-1312b3c0-common/3.1.21+33df5e6e6f/fabric-gametest-api-v1-1312b3c0-common-3.1.21+33df5e6e6f.jar:/home/truswo/IdeaProjects/accidental-sweeping-edge/.gradle/loom-cache/remapped_mods/remapped/net/fabricmc/fabric-api/fabric-item-api-v1-1312b3c0-common/11.5.11+9bce411b6f/fabric-item-api-v1-1312b3c0-common-11.5.11+9bce411b6f.jar:/home/truswo/IdeaProjects/accidental-sweeping-edge/.gradle/loom-cache/remapped_mods/remapped/net/fabricmc/fabric-api/fabric-item-group-api-v1-1312b3c0-common/4.2.27+86b3ae576f/fabric-item-group-api-v1-1312b3c0-common-4.2.27+86b3ae576f.jar:/home/truswo/IdeaProjects/accidental-sweeping-edge/.gradle/loom-cache/remapped_mods/remapped/net/fabricmc/fabric-api/fabric-recipe-api-v1-1312b3c0-common/8.2.0+39709ef06f/fabric-recipe-api-v1-1312b3c0-common-8.2.0+39709ef06f.jar:/home/truswo/IdeaProjects/accidental-sweeping-edge/.gradle/loom-cache/remapped_mods/remapped/net/fabricmc/fabric-api/fabric-lifecycle-events-v1-1312b3c0-common/2.6.9+33df5e6e6f/fabric-lifecycle-events-v1-1312b3c0-common-2.6.9+33df5e6e6f.jar:/home/truswo/IdeaProjects/accidental-sweeping-edge/.gradle/loom-cache/remapped_mods/remapped/net/fabricmc/fabric-api/fabric-loot-api-v2-1312b3c0-common/3.0.67+3f89f5a56f/fabric-loot-api-v2-1312b3c0-common-3.0.67+3f89f5a56f.jar:/home/truswo/IdeaProjects/accidental-sweeping-edge/.gradle/loom-cache/remapped_mods/remapped/net/fabricmc/fabric-api/fabric-loot-api-v3-1312b3c0-common/2.0.14+d17682156f/fabric-loot-api-v3-1312b3c0-common-2.0.14+d17682156f.jar:/home/truswo/IdeaProjects/accidental-sweeping-edge/.gradle/loom-cache/remapped_mods/remapped/net/fabricmc/fabric-api/fabric-message-api-v1-1312b3c0-common/6.1.7+3154c1c86f/fabric-message-api-v1-1312b3c0-common-6.1.7+3154c1c86f.jar:/home/truswo/IdeaProjects/accidental-sweeping-edge/.gradle/loom-cache/remapped_mods/remapped/net/fabricmc/fabric-api/fabric-particles-v1-1312b3c0-common/4.2.3+a0ee59a46f/fabric-particles-v1-1312b3c0-common-4.2.3+a0ee59a46f.jar:/home/truswo/IdeaProjects/accidental-sweeping-edge/.gradle/loom-cache/remapped_mods/remapped/net/fabricmc/fabric-api/fabric-object-builder-api-v1-1312b3c0-common/21.1.28+9bce411b6f/fabric-object-builder-api-v1-1312b3c0-common-21.1.28+9bce411b6f.jar:/home/truswo/IdeaProjects/accidental-sweeping-edge/.gradle/loom-cache/remapped_mods/remapped/net/fabricmc/fabric-api/fabric-screen-handler-api-v1-1312b3c0-common/1.3.151+d17682156f/fabric-screen-handler-api-v1-1312b3c0-common-1.3.151+d17682156f.jar:/home/truswo/IdeaProjects/accidental-sweeping-edge/.gradle/loom-cache/remapped_mods/remapped/net/fabricmc/fabric-api/fabric-registry-sync-v0-1312b3c0-common/6.1.42+679c8c5c6f/fabric-registry-sync-v0-1312b3c0-common-6.1.42+679c8c5c6f.jar:/home/truswo/IdeaProjects/accidental-sweeping-edge/.gradle/loom-cache/remapped_mods/remapped/net/fabricmc/fabric-api/fabric-networking-api-v1-1312b3c0-common/5.1.0+b095d8db6f/fabric-networking-api-v1-1312b3c0-common-5.1.0+b095d8db6f.jar:/home/truswo/IdeaProjects/accidental-sweeping-edge/.gradle/loom-cache/remapped_mods/remapped/net/fabricmc/fabric-api/fabric-rendering-fluids-v1-1312b3c0-common/3.1.38+86b3ae576f/fabric-rendering-fluids-v1-1312b3c0-common-3.1.38+86b3ae576f.jar:/home/truswo/IdeaProjects/accidental-sweeping-edge/.gradle/loom-cache/remapped_mods/remapped/net/fabricmc/fabric-api/fabric-tag-api-v1-1312b3c0-common/1.2.13+2fa446b26f/fabric-tag-api-v1-1312b3c0-common-1.2.13+2fa446b26f.jar:/home/truswo/IdeaProjects/accidental-sweeping-edge/.gradle/loom-cache/remapped_mods/remapped/net/fabricmc/fabric-api/fabric-resource-loader-v0-1312b3c0-common/3.3.1+d4d4122a6f/fabric-resource-loader-v0-1312b3c0-common-3.3.1+d4d4122a6f.jar:/home/truswo/IdeaProjects/accidental-sweeping-edge/.gradle/loom-cache/remapped_mods/remapped/net/fabricmc/fabric-api/fabric-resource-loader-v1-1312b3c0-common/1.0.4+14959b836f/fabric-resource-loader-v1-1312b3c0-common-1.0.4+14959b836f.jar:/home/truswo/IdeaProjects/accidental-sweeping-edge/.gradle/loom-cache/remapped_mods/remapped/net/fabricmc/fabric-api/fabric-api-base-1312b3c0-common/1.0.0+14b92d896f/fabric-api-base-1312b3c0-common-1.0.0+14b92d896f.jar:/home/truswo/IdeaProjects/accidental-sweeping-edge/.gradle/loom-cache/remapped_mods/remapped/net/fabricmc/fabric-api/fabric-biome-api-v1-1312b3c0-common/16.1.0+c2417d4f6f/fabric-biome-api-v1-1312b3c0-common-16.1.0+c2417d4f6f.jar:/home/truswo/IdeaProjects/accidental-sweeping-edge/.gradle/loom-cache/remapped_mods/remapped/net/fabricmc/fabric-api/fabric-block-api-v1-1312b3c0-common/1.1.5+d17682156f/fabric-block-api-v1-1312b3c0-common-1.1.5+d17682156f.jar:/home/truswo/IdeaProjects/accidental-sweeping-edge/.gradle/loom-cache/remapped_mods/remapped/net/fabricmc/fabric-api/fabric-block-view-api-v2-1312b3c0-common/1.0.34+e4fd1b926f/fabric-block-view-api-v2-1312b3c0-common-1.0.34+e4fd1b926f.jar:/home/truswo/IdeaProjects/accidental-sweeping-edge/.gradle/loom-cache/remapped_mods/remapped/net/fabricmc/fabric-api/fabric-crash-report-info-v1-1312b3c0-common/0.3.18+33df5e6e6f/fabric-crash-report-info-v1-1312b3c0-common-0.3.18+33df5e6e6f.jar:/home/truswo/IdeaProjects/accidental-sweeping-edge/.gradle/loom-cache/remapped_mods/remapped/net/fabricmc/fabric-api/fabric-dimensions-v1-1312b3c0-common/4.0.22+38b9cc196f/fabric-dimensions-v1-1312b3c0-common-4.0.22+38b9cc196f.jar:/home/truswo/IdeaProjects/accidental-sweeping-edge/.gradle/loom-cache/remapped_mods/remapped/net/fabricmc/fabric-api/fabric-game-rule-api-v1-1312b3c0-common/1.1.1+e47eaae56f/fabric-game-rule-api-v1-1312b3c0-common-1.1.1+e47eaae56f.jar:/home/truswo/IdeaProjects/accidental-sweeping-edge/.gradle/loom-cache/remapped_mods/remapped/net/fabricmc/fabric-api/fabric-resource-conditions-api-v1-1312b3c0-common/5.0.28+33df5e6e6f/fabric-resource-conditions-api-v1-1312b3c0-common-5.0.28+33df5e6e6f.jar:/home/truswo/IdeaProjects/accidental-sweeping-edge/.gradle/loom-cache/remapped_mods/remapped/net/fabricmc/fabric-api/fabric-serialization-api-v1-1312b3c0-common/1.0.0+d857c9766f/fabric-serialization-api-v1-1312b3c0-common-1.0.0+d857c9766f.jar:/home/truswo/IdeaProjects/accidental-sweeping-edge/.gradle/loom-cache/remapped_mods/remapped/net/fabricmc/fabric-api/fabric-transitive-access-wideners-v1-1312b3c0-common/6.5.3+41eb43436f/fabric-transitive-access-wideners-v1-1312b3c0-common-6.5.3+41eb43436f.jar:/home/truswo/IdeaProjects/accidental-sweeping-edge/.gradle/loom-cache/remapped_mods/remapped/me/shedaniel/cloth/cloth-config-fabric-1312b3c0/20.0.149/cloth-config-fabric-1312b3c0-20.0.149-fabric.jar:/home/truswo/IdeaProjects/accidental-sweeping-edge/.gradle/loom-cache/remapped_mods/remapped/me/shedaniel/cloth/basic-math-1312b3c0/0.6.1/basic-math-1312b3c0-0.6.1.jar:/home/truswo/IdeaProjects/accidental-sweeping-edge/build/classes/java/main:/home/truswo/IdeaProjects/accidental-sweeping-edge/build/resources/main)
		at knot/com.sun.jna.Native.extractFromResourcePath(Native.java:1141) ~[jna-5.15.0.jar:?]
		at knot/com.sun.jna.NativeLibrary.loadLibrary(NativeLibrary.java:297) ~[jna-5.15.0.jar:?]
		at knot/com.sun.jna.NativeLibrary.getInstance(NativeLibrary.java:481) ~[jna-5.15.0.jar:?]
		at knot/com.sun.jna.NativeLibrary.getInstance(NativeLibrary.java:423) ~[jna-5.15.0.jar:?]
		at knot/com.mojang.text2speech.NarratorLinux$FliteLibrary.loadNative(NarratorLinux.java:79) ~[text2speech-1.18.11.jar:?]
		at knot/com.mojang.text2speech.NarratorLinux.<init>(NarratorLinux.java:18) ~[text2speech-1.18.11.jar:?]
		at knot/com.mojang.text2speech.Narrator.getNarrator(Narrator.java:41) [text2speech-1.18.11.jar:?]
		at knot/net.minecraft.client.util.NarratorManager.<init>(NarratorManager.java) [minecraft-clientOnly-6227aad8ee-1.21.10-net.fabricmc.yarn.1_21_10.1.21.10+build.3-v2.jar:?]
		at knot/net.minecraft.client.MinecraftClient.<init>(MinecraftClient.java:752) [minecraft-clientOnly-6227aad8ee-1.21.10-net.fabricmc.yarn.1_21_10.1.21.10+build.3-v2.jar:?]
		at knot/net.minecraft.client.main.Main.main(Main.java:208) [minecraft-clientOnly-6227aad8ee-1.21.10-net.fabricmc.yarn.1_21_10.1.21.10+build.3-v2.jar:?]
		at net.fabricmc.loader.impl.game.minecraft.MinecraftGameProvider.launch(MinecraftGameProvider.java:514) [fabric-loader-0.18.4.jar:?]
		at net.fabricmc.loader.impl.launch.knot.Knot.launch(Knot.java:72) [fabric-loader-0.18.4.jar:?]
		at net.fabricmc.loader.impl.launch.knot.KnotClient.main(KnotClient.java:23) [fabric-loader-0.18.4.jar:?]
		at net.fabricmc.devlaunchinjector.Main.main(Main.java:86) [dev-launch-injector-0.2.1+build.8.jar:?]
[00:31:48] [Render thread/DEBUG] (FabricLoader/Mixin) Mixing MessageHandlerMixin from fabric-message-api-v1.client.mixins.json into net.minecraft.client.network.message.MessageHandler
[00:31:48] [Render thread/DEBUG] (FabricLoader/Mixin) fabric-message-api-v1.client.mixins.json:MessageHandlerMixin from mod fabric-message-api-v1->@Inject::fabric_onSignedChatMessage(Lnet/minecraft/network/message/MessageType$Parameters;Lnet/minecraft/network/message/SignedMessage;Lnet/minecraft/text/Text;Lcom/mojang/authlib/GameProfile;ZLjava/time/Instant;Lorg/spongepowered/asm/mixin/injection/callback/CallbackInfoReturnable;)V does use it's CallbackInfoReturnable
[00:31:48] [Render thread/DEBUG] (FabricLoader/Mixin) fabric-message-api-v1.client.mixins.json:MessageHandlerMixin from mod fabric-message-api-v1->@Inject::fabric_onFilteredSignedChatMessage(Lnet/minecraft/network/message/MessageType$Parameters;Lnet/minecraft/network/message/SignedMessage;Lnet/minecraft/text/Text;Lcom/mojang/authlib/GameProfile;ZLjava/time/Instant;Lorg/spongepowered/asm/mixin/injection/callback/CallbackInfoReturnable;)V does use it's CallbackInfoReturnable
[00:31:48] [Render thread/DEBUG] (FabricLoader/Mixin) fabric-message-api-v1.client.mixins.json:MessageHandlerMixin from mod fabric-message-api-v1->@Inject::fabric_onProfilelessChatMessage(Lnet/minecraft/network/message/MessageType$Parameters;Lnet/minecraft/text/Text;Ljava/time/Instant;Lorg/spongepowered/asm/mixin/injection/callback/CallbackInfoReturnable;)V does use it's CallbackInfoReturnable
[00:31:48] [Render thread/DEBUG] (FabricLoader/Mixin) fabric-message-api-v1.client.mixins.json:MessageHandlerMixin from mod fabric-message-api-v1->@Inject::fabric_allowGameMessage(Lnet/minecraft/text/Text;ZLorg/spongepowered/asm/mixin/injection/callback/CallbackInfo;)V does use it's CallbackInfo
[00:31:48] [Render thread/INFO] (net.minecraft.resource.ReloadableResourceManagerImpl) Reloading ResourceManager: vanilla, fabric, cloth-config, fabric-api, fabric-api-base, fabric-api-lookup-api-v1, fabric-biome-api-v1, fabric-block-api-v1, fabric-block-view-api-v2, fabric-client-gametest-api-v1, fabric-command-api-v2, fabric-content-registries-v0, fabric-convention-tags-v1, fabric-convention-tags-v2, fabric-crash-report-info-v1, fabric-data-attachment-api-v1, fabric-data-generation-api-v1, fabric-dimensions-v1, fabric-entity-events-v1, fabric-events-interaction-v0, fabric-game-rule-api-v1, fabric-gametest-api-v1, fabric-item-api-v1, fabric-item-group-api-v1, fabric-key-binding-api-v1, fabric-lifecycle-events-v1, fabric-loot-api-v2, fabric-loot-api-v3, fabric-message-api-v1, fabric-model-loading-api-v1, fabric-networking-api-v1, fabric-object-builder-api-v1, fabric-particles-v1, fabric-recipe-api-v1, fabric-registry-sync-v0, fabric-renderer-api-v1, fabric-renderer-indigo, fabric-rendering-fluids-v1, fabric-rendering-v1, fabric-resource-conditions-api-v1, fabric-resource-loader-v0, fabric-resource-loader-v1, fabric-screen-api-v1, fabric-screen-handler-api-v1, fabric-serialization-api-v1, fabric-sound-api-v1, fabric-tag-api-v1, fabric-transfer-api-v1, fabric-transitive-access-wideners-v1, fabricloader, jade, modmenu, placeholder-api, sodium
[00:31:48] [Render thread/DEBUG] (FabricLoader/Mixin) Mixing SimpleResourceReloadMixin from fabric-resource-loader-v1.mixins.json into net.minecraft.resource.SimpleResourceReload
[00:31:48] [Render thread/DEBUG] (FabricLoader/Mixin) Mixing client.sprite.SpriteLoaderStitchResultMixin from fabric-renderer-api-v1.mixins.json into net.minecraft.client.texture.SpriteLoader$StitchResult
[00:31:48] [Render thread/DEBUG] (FabricLoader/Mixin) Mixing features.textures.SpriteContentsInvoker from sodium-common.mixins.json into net.minecraft.client.texture.SpriteContents
[00:31:48] [Render thread/DEBUG] (FabricLoader/Mixin) sodium-common.mixins.json:features.textures.SpriteContentsInvoker from mod sodium: Class version 65 required is higher than the class version supported by the current version of Mixin (JAVA_17 supports class version 61)
[00:31:48] [Render thread/DEBUG] (FabricLoader/Mixin) Mixing features.textures.animations.tracking.SpriteContentsMixin from sodium-common.mixins.json into net.minecraft.client.texture.SpriteContents
[00:31:48] [Render thread/DEBUG] (FabricLoader/Mixin) sodium-common.mixins.json:features.textures.animations.tracking.SpriteContentsMixin from mod sodium: Class version 65 required is higher than the class version supported by the current version of Mixin (JAVA_17 supports class version 61)
[00:31:48] [Render thread/DEBUG] (FabricLoader/Mixin) Mixing features.textures.animations.upload.SpriteContentsAccessor from sodium-common.mixins.json into net.minecraft.client.texture.SpriteContents
[00:31:48] [Render thread/DEBUG] (FabricLoader/Mixin) sodium-common.mixins.json:features.textures.animations.upload.SpriteContentsAccessor from mod sodium: Class version 65 required is higher than the class version supported by the current version of Mixin (JAVA_17 supports class version 61)
[00:31:48] [Render thread/DEBUG] (FabricLoader/Mixin) Mixing features.textures.mipmaps.SpriteContentsMixin from sodium-common.mixins.json into net.minecraft.client.texture.SpriteContents
[00:31:48] [Render thread/DEBUG] (FabricLoader/Mixin) sodium-common.mixins.json:features.textures.mipmaps.SpriteContentsMixin from mod sodium: Class version 65 required is higher than the class version supported by the current version of Mixin (JAVA_17 supports class version 61)
[00:31:48] [Render thread/DEBUG] (FabricLoader/Mixin) Mixing features.textures.scan.SpriteContentsMixin from sodium-common.mixins.json into net.minecraft.client.texture.SpriteContents
[00:31:48] [Render thread/DEBUG] (FabricLoader/Mixin) sodium-common.mixins.json:features.textures.scan.SpriteContentsMixin from mod sodium: Class version 65 required is higher than the class version supported by the current version of Mixin (JAVA_17 supports class version 61)
[00:31:48] [Worker-Main-11/DEBUG] (FabricLoader/Mixin) Mixing features.textures.animations.tracking.AnimatedTextureAccessor from sodium-common.mixins.json into net.minecraft.client.texture.SpriteContents$Animation
[00:31:48] [Worker-Main-11/DEBUG] (FabricLoader/Mixin) sodium-common.mixins.json:features.textures.animations.tracking.AnimatedTextureAccessor from mod sodium: Class version 65 required is higher than the class version supported by the current version of Mixin (JAVA_17 supports class version 61)
[00:31:48] [Worker-Main-11/DEBUG] (FabricLoader/Mixin) Mixing features.textures.animations.upload.SpriteContentsAnimatedTextureAccessor from sodium-common.mixins.json into net.minecraft.client.texture.SpriteContents$Animation
[00:31:48] [Worker-Main-11/DEBUG] (FabricLoader/Mixin) sodium-common.mixins.json:features.textures.animations.upload.SpriteContentsAnimatedTextureAccessor from mod sodium: Class version 65 required is higher than the class version supported by the current version of Mixin (JAVA_17 supports class version 61)
[00:31:48] [Worker-Main-11/DEBUG] (FabricLoader/Mixin) Unexpected: Registered method getFrames()Ljava/util/List; in net.minecraft.client.texture.SpriteContents$Animation was not merged
[00:31:48] [Render thread/DEBUG] (FabricLoader/Mixin) Mixing modification.DynamicRegistryManagerImmutableImplMixin from fabric-biome-api-v1.mixins.json into net.minecraft.registry.DynamicRegistryManager$ImmutableImpl
[00:31:48] [Render thread/INFO] (snownee.jade.Jade) Start loading plugin from Jade: snownee.jade.addon.core.CorePlugin
[00:31:48] [Worker-Main-9/DEBUG] (FabricLoader/Mixin) Mixing features.textures.animations.tracking.SpriteContentsFrameInfoAccessor from sodium-common.mixins.json into net.minecraft.client.texture.SpriteContents$AnimationFrame
[00:31:48] [Worker-Main-9/DEBUG] (FabricLoader/Mixin) sodium-common.mixins.json:features.textures.animations.tracking.SpriteContentsFrameInfoAccessor from mod sodium: Class version 65 required is higher than the class version supported by the current version of Mixin (JAVA_17 supports class version 61)
[00:31:48] [Worker-Main-9/DEBUG] (FabricLoader/Mixin) Mixing features.textures.animations.upload.SpriteContentsFrameInfoAccessor from sodium-common.mixins.json into net.minecraft.client.texture.SpriteContents$AnimationFrame
[00:31:48] [Worker-Main-9/DEBUG] (FabricLoader/Mixin) sodium-common.mixins.json:features.textures.animations.upload.SpriteContentsFrameInfoAccessor from mod sodium: Class version 65 required is higher than the class version supported by the current version of Mixin (JAVA_17 supports class version 61)
[00:31:48] [Worker-Main-9/DEBUG] (FabricLoader/Mixin) Unexpected: Registered method getTime()I in net.minecraft.client.texture.SpriteContents$AnimationFrame was not merged
[00:31:48] [Render thread/INFO] (snownee.jade.Jade) snownee.jade.addon.core.CorePlugin loaded: 9.872 ms
[00:31:48] [Render thread/INFO] (snownee.jade.Jade) Start loading plugin from Jade: snownee.jade.addon.vanilla.VanillaPlugin
[00:31:48] [Render thread/INFO] (snownee.jade.Jade) snownee.jade.addon.vanilla.VanillaPlugin loaded: 62.25 ms
[00:31:48] [Render thread/INFO] (snownee.jade.Jade) Start loading plugin from Jade: snownee.jade.addon.universal.UniversalPlugin
[00:31:48] [Render thread/INFO] (snownee.jade.Jade) snownee.jade.addon.universal.UniversalPlugin loaded: 60.44 ms
[00:31:48] [Render thread/INFO] (snownee.jade.Jade) Start loading plugin from Jade: snownee.jade.addon.access.AccessibilityPlugin
[00:31:48] [Render thread/INFO] (snownee.jade.Jade) snownee.jade.addon.access.AccessibilityPlugin loaded: 27.26 ms
[00:31:48] [Render thread/INFO] (snownee.jade.Jade) Start loading plugin from Jade: snownee.jade.addon.debug.DebugPlugin
[00:31:48] [Render thread/INFO] (snownee.jade.Jade) snownee.jade.addon.debug.DebugPlugin loaded: 6.997 ms
[00:31:48] [Worker-Main-6/INFO] (net.minecraft.client.font.UnihexFont) Found unifont_all_no_pua-16.0.03.hex, loading
[00:31:48] [Worker-Main-3/INFO] (net.minecraft.client.font.UnihexFont) Found unifont_pua-16.0.03.hex, loading
[00:31:48] [Worker-Main-10/DEBUG] (FabricLoader/Mixin) Mixing EntityModelsMixin from fabric-rendering-v1.mixins.json into net.minecraft.client.render.entity.model.EntityModels
[00:31:49] [Worker-Main-10/DEBUG] (FabricLoader/Mixin) fabric-rendering-v1.mixins.json:EntityModelsMixin from mod fabric-rendering-v1->@Inject::registerExtraModelData(Lorg/spongepowered/asm/mixin/injection/callback/CallbackInfoReturnable;)V doesn't use it's CallbackInfoReturnable
[00:31:49] [Download-2/INFO] (net.minecraft.client.realms.RealmsClient) Could not authorize you against Realms server: java.lang.RuntimeException: Failed to parse into SignedJWT: FabricMC
[00:31:49] [Download-2/ERROR] (net.minecraft.client.realms.RealmsClient) Failed to fetch Realms feature flags
net.minecraft.client.realms.exception.RealmsServiceException: Realms authentication error with message 'java.lang.RuntimeException: Failed to parse into SignedJWT: FabricMC'
	at knot/net.minecraft.client.realms.RealmsClient.execute(RealmsClient.java:516) ~[minecraft-clientOnly-6227aad8ee-1.21.10-net.fabricmc.yarn.1_21_10.1.21.10+build.3-v2.jar:?]
	at knot/net.minecraft.client.realms.RealmsClient.fetchFeatureFlags(RealmsClient.java:161) [minecraft-clientOnly-6227aad8ee-1.21.10-net.fabricmc.yarn.1_21_10.1.21.10+build.3-v2.jar:?]
	at java.base/java.util.concurrent.CompletableFuture$AsyncSupply.run(CompletableFuture.java:1789) [?:?]
	at java.base/java.util.concurrent.ThreadPoolExecutor.runWorker(ThreadPoolExecutor.java:1090) [?:?]
	at java.base/java.util.concurrent.ThreadPoolExecutor$Worker.run(ThreadPoolExecutor.java:614) [?:?]
	at java.base/java.lang.Thread.run(Thread.java:1474) [?:?]
[00:31:49] [Worker-Main-10/DEBUG] (FabricLoader/Mixin) Mixing RenderStateMixin from fabric-rendering-v1.mixins.json into net.minecraft.client.render.entity.state.EntityRenderState
[00:31:49] [Render thread/DEBUG] (FabricLoader/Mixin) Mixing DrawAccessor from fabric-rendering-v1.mixins.json into net.minecraft.client.gui.render.GuiRenderer$Draw
[00:31:49] [Render thread/DEBUG] (com.mojang.blaze3d.systems.RenderSystem) Growing IndexBuffer: Old limit 0, new limit 60.
[00:31:49] [Render thread/DEBUG] (FabricLoader/Mixin) Mixing features.render.frapi.SubmitNodeCollectionMixin from sodium-common.mixins.json into net.minecraft.client.render.command.BatchingRenderCommandQueue
[00:31:49] [Render thread/DEBUG] (FabricLoader/Mixin) sodium-common.mixins.json:features.render.frapi.SubmitNodeCollectionMixin from mod sodium: Class version 65 required is higher than the class version supported by the current version of Mixin (JAVA_17 supports class version 61)
[00:31:49] [Render thread/DEBUG] (FabricLoader/Mixin) Mixing client.block.render.BatchingRenderCommandQueueMixin from fabric-renderer-api-v1.mixins.json into net.minecraft.client.render.command.BatchingRenderCommandQueue
[00:31:49] [Render thread/DEBUG] (FabricLoader/Mixin) sodium-common.mixins.json:features.render.frapi.SubmitNodeCollectionMixin from mod sodium->@Inject::clear(Lorg/spongepowered/asm/mixin/injection/callback/CallbackInfo;)V doesn't use it's CallbackInfo
[00:31:49] [Render thread/DEBUG] (FabricLoader/Mixin) sodium-common.mixins.json:features.render.frapi.SubmitNodeCollectionMixin from mod sodium->@Inject::clear(Lorg/spongepowered/asm/mixin/injection/callback/CallbackInfo;)V has 0 override(s) in child classes
[00:31:49] [Render thread/DEBUG] (FabricLoader/Mixin) sodium-common.mixins.json:features.render.frapi.SubmitNodeCollectionMixin from mod sodium->@Inject::clear(Lorg/spongepowered/asm/mixin/injection/callback/CallbackInfo;)V won't be passed a CallbackInfo as a result
[00:31:49] [Render thread/DEBUG] (FabricLoader/Mixin) fabric-renderer-api-v1.mixins.json:client.block.render.BatchingRenderCommandQueueMixin from mod fabric-renderer-api-v1->@Inject::onReturnClear(Lorg/spongepowered/asm/mixin/injection/callback/CallbackInfo;)V doesn't use it's CallbackInfo
[00:31:49] [Render thread/DEBUG] (FabricLoader/Mixin) fabric-renderer-api-v1.mixins.json:client.block.render.BatchingRenderCommandQueueMixin from mod fabric-renderer-api-v1->@Inject::onReturnClear(Lorg/spongepowered/asm/mixin/injection/callback/CallbackInfo;)V has 0 override(s) in child classes
[00:31:49] [Render thread/DEBUG] (FabricLoader/Mixin) fabric-renderer-api-v1.mixins.json:client.block.render.BatchingRenderCommandQueueMixin from mod fabric-renderer-api-v1->@Inject::onReturnClear(Lorg/spongepowered/asm/mixin/injection/callback/CallbackInfo;)V won't be passed a CallbackInfo as a result
[00:31:49] [Worker-Main-8/DEBUG] (FabricLoader/Mixin) Mixing JsonUnbakedModelAccessor from fabric-model-loading-api-v1.mixins.json into net.minecraft.client.render.model.json.JsonUnbakedModel
[00:31:49] [Worker-Main-8/DEBUG] (FabricLoader/Mixin) Mixing JsonUnbakedModelMixin from fabric-model-loading-api-v1.mixins.json into net.minecraft.client.render.model.json.JsonUnbakedModel
[00:31:49] [Worker-Main-10/DEBUG] (FabricLoader/Mixin) Mixing EntityModelLayersAccessor from fabric-rendering-v1.mixins.json into net.minecraft.client.render.entity.model.EntityModelLayers
[00:31:49] [Worker-Main-10/DEBUG] (FabricLoader/Mixin) Renaming @Accessor method getLayers()Ljava/util/Set; to getLayers$fabric-rendering-v1_$md$040614$0 in fabric-rendering-v1.mixins.json:EntityModelLayersAccessor from mod fabric-rendering-v1
[00:31:49] [Worker-Main-10/DEBUG] (FabricLoader/Mixin) Mixing EntityModelLayersMixin from fabric-object-builder-v1.client.mixins.json into net.minecraft.client.render.entity.model.EntityModelLayers
[00:31:49] [Worker-Main-10/DEBUG] (FabricLoader/Mixin) Renaming synthetic method lambda$createHangingSign$0(Lnet/minecraft/client/render/block/entity/HangingSignBlockEntityRenderer$AttachmentType;Ljava/lang/String;)Ljava/lang/String; to md040614$fabric-object-builder-api-v1$lambda$createHangingSign$0$1 in fabric-object-builder-v1.client.mixins.json:EntityModelLayersMixin from mod fabric-object-builder-api-v1
[00:31:49] [Worker-Main-10/DEBUG] (FabricLoader/Mixin) fabric-object-builder-v1.client.mixins.json:EntityModelLayersMixin from mod fabric-object-builder-api-v1->@Inject::createStandingSign(Lnet/minecraft/block/WoodType;Lorg/spongepowered/asm/mixin/injection/callback/CallbackInfoReturnable;)V does use it's CallbackInfoReturnable
[00:31:49] [Worker-Main-10/DEBUG] (FabricLoader/Mixin) fabric-object-builder-v1.client.mixins.json:EntityModelLayersMixin from mod fabric-object-builder-api-v1->@Inject::createWallSign(Lnet/minecraft/block/WoodType;Lorg/spongepowered/asm/mixin/injection/callback/CallbackInfoReturnable;)V does use it's CallbackInfoReturnable
[00:31:49] [Worker-Main-10/DEBUG] (FabricLoader/Mixin) fabric-object-builder-v1.client.mixins.json:EntityModelLayersMixin from mod fabric-object-builder-api-v1->@Inject::createHangingSign(Lnet/minecraft/block/WoodType;Lnet/minecraft/client/render/block/entity/HangingSignBlockEntityRenderer$AttachmentType;Lorg/spongepowered/asm/mixin/injection/callback/CallbackInfoReturnable;)V does use it's CallbackInfoReturnable
[00:31:49] [Worker-Main-6/INFO] (net.minecraft.client.font.UnihexFont) Found unifont_jp_patch-16.0.03.hex, loading
[00:31:49] [Worker-Main-10/DEBUG] (FabricLoader/Mixin) Mixing ModelPartAccessor from fabric-rendering-v1.mixins.json into net.minecraft.client.model.ModelPart
[00:31:49] [Worker-Main-10/DEBUG] (FabricLoader/Mixin) Mixing features.render.entity.ModelPartMixin from sodium-common.mixins.json into net.minecraft.client.model.ModelPart
[00:31:49] [Worker-Main-10/DEBUG] (FabricLoader/Mixin) sodium-common.mixins.json:features.render.entity.ModelPartMixin from mod sodium: Class version 65 required is higher than the class version supported by the current version of Mixin (JAVA_17 supports class version 61)
[00:31:49] [Worker-Main-10/DEBUG] (FabricLoader/Mixin) Mixing features.render.entity.CubeMixin from sodium-common.mixins.json into net.minecraft.client.model.ModelPart$Cuboid
[00:31:49] [Worker-Main-10/DEBUG] (FabricLoader/Mixin) sodium-common.mixins.json:features.render.entity.CubeMixin from mod sodium: Class version 65 required is higher than the class version supported by the current version of Mixin (JAVA_17 supports class version 61)
[00:31:49] [Worker-Main-10/DEBUG] (FabricLoader/Mixin) sodium-common.mixins.json:features.render.entity.CubeMixin from mod sodium->@Inject::onCompile(Lnet/minecraft/client/util/math/MatrixStack$Entry;Lnet/minecraft/client/render/VertexConsumer;IIILorg/spongepowered/asm/mixin/injection/callback/CallbackInfo;)V does use it's CallbackInfo
[00:31:49] [Worker-Main-9/DEBUG] (FabricLoader/Mixin) Mixing features.textures.mipmaps.MipmapGeneratorMixin from sodium-common.mixins.json into net.minecraft.client.texture.MipmapHelper
[00:31:49] [Worker-Main-9/DEBUG] (FabricLoader/Mixin) sodium-common.mixins.json:features.textures.mipmaps.MipmapGeneratorMixin from mod sodium: Class version 65 required is higher than the class version supported by the current version of Mixin (JAVA_17 supports class version 61)
[00:31:49] [Worker-Main-11/DEBUG] (FabricLoader/Mixin) Mixing client.block.model.MultipartBlockStateModelMixin from fabric-renderer-api-v1.mixins.json into net.minecraft.client.render.model.MultipartBlockStateModel
[00:31:49] [Worker-Main-11/DEBUG] (FabricLoader/Mixin) Mixing client.block.model.WeightedBlockStateModelMixin from fabric-renderer-api-v1.mixins.json into net.minecraft.client.render.model.WeightedBlockStateModel
[00:31:49] [Worker-Main-7/DEBUG] (FabricLoader/Mixin) Mixing client.sprite.BakedModelManager1Mixin from fabric-renderer-api-v1.mixins.json into net.minecraft.client.render.model.BakedModelManager$1
[00:31:49] [Worker-Main-7/DEBUG] (FabricLoader/Mixin) Mixing core.model.quad.BakedQuadMixin from sodium-fabric.mixins.json into net.minecraft.client.render.model.BakedQuad
[00:31:49] [Worker-Main-7/DEBUG] (FabricLoader/Mixin) sodium-fabric.mixins.json:core.model.quad.BakedQuadMixin from mod sodium: Class version 65 required is higher than the class version supported by the current version of Mixin (JAVA_17 supports class version 61)
[00:31:49] [Worker-Main-7/DEBUG] (FabricLoader/Mixin) sodium-fabric.mixins.json:core.model.quad.BakedQuadMixin from mod sodium->@Inject::init([IILnet/minecraft/util/math/Direction;Lnet/minecraft/client/texture/Sprite;ZILorg/spongepowered/asm/mixin/injection/callback/CallbackInfo;)V doesn't use it's CallbackInfo
[00:31:49] [Worker-Main-7/DEBUG] (FabricLoader/Mixin) Mixing client.block.model.GeometryBakedModelMixin from fabric-renderer-api-v1.mixins.json into net.minecraft.client.render.model.GeometryBakedModel
[00:31:49] [Worker-Main-7/DEBUG] (FabricLoader/Mixin) Renaming synthetic method lambda$emitQuads$0(Lnet/fabricmc/fabric/api/renderer/v1/mesh/MutableQuadView;)Z to md040614$fabric-renderer-api-v1$lambda$emitQuads$0$0 in fabric-renderer-api-v1.mixins.json:client.block.model.GeometryBakedModelMixin from mod fabric-renderer-api-v1
[00:31:49] [Worker-Main-1/DEBUG] (FabricLoader/Mixin) Mixing client.block.model.MultipartBlockStateModelMultipartBakedModelAccessor from fabric-renderer-api-v1.mixins.json into net.minecraft.client.render.model.MultipartBlockStateModel$MultipartBakedModel
[00:31:49] [Worker-Main-7/DEBUG] (FabricLoader/Mixin) Mixing ModelBakerBakedModelsMixin from fabric-model-loading-api-v1.mixins.json into net.minecraft.client.render.model.ModelBaker$BakedModels
[00:31:50] [Render thread/INFO] (net.minecraft.client.sound.SoundEngine) OpenAL initialized on device Ryzen HD Audio Controller Digital Stereo (IEC958)
[00:31:50] [Render thread/INFO] (net.minecraft.client.sound.SoundSystem) Sound engine started
[00:31:50] [Render thread/INFO] (net.minecraft.client.texture.SpriteAtlasTexture) Created: 512x256x0 minecraft:textures/atlas/particles.png-atlas
[00:31:50] [Render thread/DEBUG] (FabricLoader/Mixin) Mixing features.textures.animations.tracking.SpriteContentsTickerMixin from sodium-common.mixins.json into net.minecraft.client.texture.SpriteContents$AnimatorImpl
[00:31:50] [Render thread/DEBUG] (FabricLoader/Mixin) sodium-common.mixins.json:features.textures.animations.tracking.SpriteContentsTickerMixin from mod sodium: Class version 65 required is higher than the class version supported by the current version of Mixin (JAVA_17 supports class version 61)
[00:31:50] [Render thread/DEBUG] (FabricLoader/Mixin) Mixing features.textures.animations.upload.SpriteContentsTickerAccessor from sodium-common.mixins.json into net.minecraft.client.texture.SpriteContents$AnimatorImpl
[00:31:50] [Render thread/DEBUG] (FabricLoader/Mixin) sodium-common.mixins.json:features.textures.animations.upload.SpriteContentsTickerAccessor from mod sodium: Class version 65 required is higher than the class version supported by the current version of Mixin (JAVA_17 supports class version 61)
[00:31:50] [Render thread/DEBUG] (FabricLoader/Mixin) sodium-common.mixins.json:features.textures.animations.tracking.SpriteContentsTickerMixin from mod sodium->@Inject::assignParent(Lnet/minecraft/client/texture/SpriteContents;Lnet/minecraft/client/texture/SpriteContents$Animation;Lnet/minecraft/client/texture/SpriteContents$Interpolation;Lorg/spongepowered/asm/mixin/injection/callback/CallbackInfo;)V doesn't use it's CallbackInfo
[00:31:50] [Render thread/DEBUG] (FabricLoader/Mixin) sodium-common.mixins.json:features.textures.animations.tracking.SpriteContentsTickerMixin from mod sodium->@Inject::assignParent(Lnet/minecraft/client/texture/SpriteContents;Lnet/minecraft/client/texture/SpriteContents$Animation;Lnet/minecraft/client/texture/SpriteContents$Interpolation;Lorg/spongepowered/asm/mixin/injection/callback/CallbackInfo;)V has 0 override(s) in child classes
[00:31:50] [Render thread/DEBUG] (FabricLoader/Mixin) sodium-common.mixins.json:features.textures.animations.tracking.SpriteContentsTickerMixin from mod sodium->@Inject::assignParent(Lnet/minecraft/client/texture/SpriteContents;Lnet/minecraft/client/texture/SpriteContents$Animation;Lnet/minecraft/client/texture/SpriteContents$Interpolation;Lorg/spongepowered/asm/mixin/injection/callback/CallbackInfo;)V won't be passed a CallbackInfo as a result
[00:31:50] [Render thread/DEBUG] (FabricLoader/Mixin) sodium-common.mixins.json:features.textures.animations.tracking.SpriteContentsTickerMixin from mod sodium->@Inject::preTick(Lorg/spongepowered/asm/mixin/injection/callback/CallbackInfo;)V does use it's CallbackInfo
[00:31:50] [Render thread/DEBUG] (FabricLoader/Mixin) sodium-common.mixins.json:features.textures.animations.tracking.SpriteContentsTickerMixin from mod sodium->@Inject::postTick(Lorg/spongepowered/asm/mixin/injection/callback/CallbackInfo;)V doesn't use it's CallbackInfo
[00:31:50] [Render thread/DEBUG] (FabricLoader/Mixin) sodium-common.mixins.json:features.textures.animations.tracking.SpriteContentsTickerMixin from mod sodium->@Inject::postTick(Lorg/spongepowered/asm/mixin/injection/callback/CallbackInfo;)V has 0 override(s) in child classes
[00:31:50] [Render thread/DEBUG] (FabricLoader/Mixin) sodium-common.mixins.json:features.textures.animations.tracking.SpriteContentsTickerMixin from mod sodium->@Inject::postTick(Lorg/spongepowered/asm/mixin/injection/callback/CallbackInfo;)V won't be passed a CallbackInfo as a result
[00:31:50] [Render thread/INFO] (net.minecraft.client.texture.SpriteAtlasTexture) Created: 128x64x0 minecraft:textures/atlas/decorated_pot.png-atlas
[00:31:50] [Render thread/INFO] (net.minecraft.client.texture.SpriteAtlasTexture) Created: 2048x1024x0 minecraft:textures/atlas/armor_trims.png-atlas
[00:31:50] [Render thread/INFO] (net.minecraft.client.texture.SpriteAtlasTexture) Created: 512x256x0 minecraft:textures/atlas/paintings.png-atlas
[00:31:50] [Render thread/INFO] (net.minecraft.client.texture.SpriteAtlasTexture) Created: 512x512x0 minecraft:textures/atlas/shield_patterns.png-atlas
[00:31:50] [Render thread/INFO] (net.minecraft.client.texture.SpriteAtlasTexture) Created: 1024x512x4 minecraft:textures/atlas/blocks.png-atlas
[00:31:50] [Render thread/DEBUG] (FabricLoader/Mixin) Mixing features.textures.animations.upload.SpriteContentsInterpolationMixin from sodium-common.mixins.json into net.minecraft.client.texture.SpriteContents$Interpolation
[00:31:50] [Render thread/DEBUG] (FabricLoader/Mixin) sodium-common.mixins.json:features.textures.animations.upload.SpriteContentsInterpolationMixin from mod sodium: Class version 65 required is higher than the class version supported by the current version of Mixin (JAVA_17 supports class version 61)
[00:31:50] [Render thread/DEBUG] (FabricLoader/Mixin) sodium-common.mixins.json:features.textures.animations.upload.SpriteContentsInterpolationMixin from mod sodium->@Inject::assignParent(Lnet/minecraft/client/texture/SpriteContents;Lorg/spongepowered/asm/mixin/injection/callback/CallbackInfo;)V doesn't use it's CallbackInfo
[00:31:50] [Render thread/INFO] (net.minecraft.client.texture.SpriteAtlasTexture) Created: 512x256x0 minecraft:textures/atlas/chest.png-atlas
[00:31:50] [Render thread/INFO] (net.minecraft.client.texture.SpriteAtlasTexture) Created: 512x512x0 minecraft:textures/atlas/banner_patterns.png-atlas
[00:31:50] [Render thread/INFO] (net.minecraft.client.texture.SpriteAtlasTexture) Created: 512x256x0 minecraft:textures/atlas/beds.png-atlas
[00:31:50] [Render thread/INFO] (net.minecraft.client.texture.SpriteAtlasTexture) Created: 1024x1024x0 minecraft:textures/atlas/gui.png-atlas
[00:31:50] [Render thread/INFO] (net.minecraft.client.texture.SpriteAtlasTexture) Created: 64x64x0 minecraft:textures/atlas/map_decorations.png-atlas
[00:31:50] [Render thread/INFO] (net.minecraft.client.texture.SpriteAtlasTexture) Created: 256x256x0 minecraft:textures/atlas/signs.png-atlas
[00:31:50] [Render thread/INFO] (net.minecraft.client.texture.SpriteAtlasTexture) Created: 512x256x0 minecraft:textures/atlas/shulker_boxes.png-atlas
[00:31:50] [Render thread/DEBUG] (FabricLoader/Mixin) Mixing EntityRendererFactoriesMixin from fabric-rendering-v1.mixins.json into net.minecraft.client.render.entity.EntityRendererFactories
[00:31:50] [Render thread/DEBUG] (FabricLoader/Mixin) Renaming synthetic method lambda$onRegisterRenderers$0(Lnet/minecraft/entity/EntityType;Lnet/minecraft/client/render/entity/EntityRendererFactory;)V to md040614$fabric-rendering-v1$lambda$onRegisterRenderers$0$0 in fabric-rendering-v1.mixins.json:EntityRendererFactoriesMixin from mod fabric-rendering-v1
[00:31:50] [Render thread/DEBUG] (FabricLoader/Mixin) fabric-rendering-v1.mixins.json:EntityRendererFactoriesMixin from mod fabric-rendering-v1->@Inject::onRegisterRenderers(Lorg/spongepowered/asm/mixin/injection/callback/CallbackInfo;)V doesn't use it's CallbackInfo
[00:31:50] [Render thread/DEBUG] (FabricLoader/Mixin) Mixing BipedEntityRendererMixin from fabric-rendering-v1.mixins.json into net.minecraft.client.render.entity.BipedEntityRenderer
[00:31:50] [Render thread/DEBUG] (FabricLoader/Mixin) Mixing ArmorFeatureRendererMixin from fabric-rendering-v1.mixins.json into net.minecraft.client.render.entity.feature.ArmorFeatureRenderer
[00:31:50] [Render thread/DEBUG] (FabricLoader/Mixin) fabric-rendering-v1.mixins.json:ArmorFeatureRendererMixin from mod fabric-rendering-v1->@Inject::render(Lnet/minecraft/client/util/math/MatrixStack;Lnet/minecraft/client/render/command/OrderedRenderCommandQueue;ILnet/minecraft/client/render/entity/state/BipedEntityRenderState;FFLorg/spongepowered/asm/mixin/injection/callback/CallbackInfo;)V doesn't use it's CallbackInfo
[00:31:50] [Render thread/DEBUG] (FabricLoader/Mixin) fabric-rendering-v1.mixins.json:ArmorFeatureRendererMixin from mod fabric-rendering-v1->@Inject::render(Lnet/minecraft/client/util/math/MatrixStack;Lnet/minecraft/client/render/command/OrderedRenderCommandQueue;ILnet/minecraft/client/render/entity/state/BipedEntityRenderState;FFLorg/spongepowered/asm/mixin/injection/callback/CallbackInfo;)V has 0 override(s) in child classes
[00:31:50] [Render thread/DEBUG] (FabricLoader/Mixin) fabric-rendering-v1.mixins.json:ArmorFeatureRendererMixin from mod fabric-rendering-v1->@Inject::render(Lnet/minecraft/client/util/math/MatrixStack;Lnet/minecraft/client/render/command/OrderedRenderCommandQueue;ILnet/minecraft/client/render/entity/state/BipedEntityRenderState;FFLorg/spongepowered/asm/mixin/injection/callback/CallbackInfo;)V won't be passed a CallbackInfo as a result
[00:31:50] [Render thread/DEBUG] (FabricLoader/Mixin) fabric-rendering-v1.mixins.json:ArmorFeatureRendererMixin from mod fabric-rendering-v1->@Inject::renderArmor(Lnet/minecraft/client/util/math/MatrixStack;Lnet/minecraft/client/render/command/OrderedRenderCommandQueue;Lnet/minecraft/item/ItemStack;Lnet/minecraft/entity/EquipmentSlot;ILnet/minecraft/client/render/entity/state/BipedEntityRenderState;Lorg/spongepowered/asm/mixin/injection/callback/CallbackInfo;)V does use it's CallbackInfo
[00:31:50] [Render thread/DEBUG] (FabricLoader/Mixin) Mixing client.block.render.ItemFrameEntityRendererMixin from fabric-renderer-api-v1.mixins.json into net.minecraft.client.render.entity.ItemFrameEntityRenderer
[00:31:50] [Render thread/DEBUG] (FabricLoader/Mixin) Renaming synthetic method lambda$renderProxy$0(Lnet/minecraft/client/render/RenderLayer;Lnet/minecraft/client/render/BlockRenderLayer;)Lnet/minecraft/client/render/RenderLayer; to md040614$fabric-renderer-api-v1$lambda$renderProxy$0$0 in fabric-renderer-api-v1.mixins.json:client.block.render.ItemFrameEntityRendererMixin from mod fabric-renderer-api-v1
[00:31:50] [Render thread/DEBUG] (FabricLoader/Mixin) Mixing client.block.render.MooshroomMushroomFeatureRendererMixin from fabric-renderer-api-v1.mixins.json into net.minecraft.client.render.entity.feature.MooshroomMushroomFeatureRenderer
[00:31:50] [Render thread/DEBUG] (FabricLoader/Mixin) Renaming synthetic method lambda$renderProxy$0(Lnet/minecraft/client/render/RenderLayer;Lnet/minecraft/client/render/BlockRenderLayer;)Lnet/minecraft/client/render/RenderLayer; to md040614$fabric-renderer-api-v1$lambda$renderProxy$0$0 in fabric-renderer-api-v1.mixins.json:client.block.render.MooshroomMushroomFeatureRendererMixin from mod fabric-renderer-api-v1
[00:31:50] [Render thread/DEBUG] (FabricLoader/Mixin) Mixing client.block.render.SnowGolemPumpkinFeatureRendererMixin from fabric-renderer-api-v1.mixins.json into net.minecraft.client.render.entity.feature.SnowGolemPumpkinFeatureRenderer
[00:31:50] [Render thread/DEBUG] (FabricLoader/Mixin) Renaming synthetic method lambda$renderProxy$0(Lnet/minecraft/client/render/RenderLayer;Lnet/minecraft/client/render/BlockRenderLayer;)Lnet/minecraft/client/render/RenderLayer; to md040614$fabric-renderer-api-v1$lambda$renderProxy$0$0 in fabric-renderer-api-v1.mixins.json:client.block.render.SnowGolemPumpkinFeatureRendererMixin from mod fabric-renderer-api-v1
[00:31:50] [Render thread/DEBUG] (FabricLoader/Mixin) Mixing CapeFeatureRendererMixin from fabric-rendering-v1.mixins.json into net.minecraft.client.render.entity.feature.CapeFeatureRenderer
[00:31:50] [Render thread/DEBUG] (FabricLoader/Mixin) fabric-rendering-v1.mixins.json:CapeFeatureRendererMixin from mod fabric-rendering-v1->@Inject::injectCapeRenderCheck(Lnet/minecraft/client/util/math/MatrixStack;Lnet/minecraft/client/render/command/OrderedRenderCommandQueue;ILnet/minecraft/client/render/entity/state/PlayerEntityRenderState;FFLorg/spongepowered/asm/mixin/injection/callback/CallbackInfo;)V does use it's CallbackInfo
[00:31:50] [Render thread/DEBUG] (FabricLoader/Mixin) Mixing BlockEntityRendererFactoriesMixin from fabric-rendering-v1.mixins.json into net.minecraft.client.render.block.entity.BlockEntityRendererFactories
[00:31:50] [Render thread/DEBUG] (FabricLoader/Mixin) Renaming synthetic method lambda$init$0(Lnet/minecraft/block/entity/BlockEntityType;Lnet/minecraft/client/render/block/entity/BlockEntityRendererFactory;)V to md040614$fabric-rendering-v1$lambda$init$0$0 in fabric-rendering-v1.mixins.json:BlockEntityRendererFactoriesMixin from mod fabric-rendering-v1
[00:31:50] [Render thread/DEBUG] (FabricLoader/Mixin) fabric-rendering-v1.mixins.json:BlockEntityRendererFactoriesMixin from mod fabric-rendering-v1->@Inject::init(Lorg/spongepowered/asm/mixin/injection/callback/CallbackInfo;)V doesn't use it's CallbackInfo
[00:31:50] [IO-Worker-1/INFO] (net.minecraft.client.realms.RealmsClient) Could not authorize you against Realms server: java.lang.RuntimeException: Failed to parse into SignedJWT: FabricMC
[00:31:50] [IO-Worker-1/ERROR] (net.minecraft.client.realms.RealmsAvailability) Couldn't connect to realms
net.minecraft.client.realms.exception.RealmsServiceException: Realms authentication error with message 'java.lang.RuntimeException: Failed to parse into SignedJWT: FabricMC'
	at knot/net.minecraft.client.realms.RealmsClient.execute(RealmsClient.java:516) ~[minecraft-clientOnly-6227aad8ee-1.21.10-net.fabricmc.yarn.1_21_10.1.21.10+build.3-v2.jar:?]
	at knot/net.minecraft.client.realms.RealmsClient.clientCompatible(RealmsClient.java:290) ~[minecraft-clientOnly-6227aad8ee-1.21.10-net.fabricmc.yarn.1_21_10.1.21.10+build.3-v2.jar:?]
	at knot/net.minecraft.client.realms.RealmsAvailability.method_52627(RealmsAvailability.java:50) [minecraft-clientOnly-6227aad8ee-1.21.10-net.fabricmc.yarn.1_21_10.1.21.10+build.3-v2.jar:?]
	at java.base/java.util.concurrent.CompletableFuture$AsyncSupply.run(CompletableFuture.java:1789) [?:?]
	at java.base/java.util.concurrent.ThreadPoolExecutor.runWorker(ThreadPoolExecutor.java:1090) [?:?]
	at java.base/java.util.concurrent.ThreadPoolExecutor$Worker.run(ThreadPoolExecutor.java:614) [?:?]
	at java.base/java.lang.Thread.run(Thread.java:1474) [?:?]
[00:31:51] [Render thread/DEBUG] (com.mojang.blaze3d.systems.RenderSystem) Growing IndexBuffer: Old limit 60, new limit 228.
[00:31:52] [Render thread/DEBUG] (FabricLoader/Mixin) Mixing PreparedTextBuilderMixin from jade.mixins.json into net.minecraft.client.font.TextRenderer$Drawer
[00:31:52] [Render thread/DEBUG] (FabricLoader/Mixin) jade.mixins.json:PreparedTextBuilderMixin from mod jade->@Inject::jade$accept(ILnet/minecraft/text/Style;Lnet/minecraft/client/font/BakedGlyph;Lorg/spongepowered/asm/mixin/injection/callback/CallbackInfoReturnable;)V does use it's CallbackInfoReturnable
[00:31:52] [Render thread/DEBUG] (com.mojang.blaze3d.systems.RenderSystem) Growing IndexBuffer: Old limit 228, new limit 1824.
[00:31:58] [Render thread/DEBUG] (com.mojang.blaze3d.systems.RenderSystem) Growing IndexBuffer: Old limit 1824, new limit 3792.
[00:38:31] [Render thread/INFO] (net.minecraft.client.MinecraftClient) Stopping!
